Date (date),State Name (state_name),State Code (state_code),District Name (district_name),District Code (district_code),Sub District Name (subdistrict_name),Sub District Code (subdistrict_code),Sector (sector),Spontaneous Abortions (abortion_spontaneous),Allopathic OPD Attendance (allopathic_outpatient_attendance),AYUSH OPD Attendance (ayush_outpatient_attendance),Blood Units Issued (Family Replacement Donations) (blood_units_family_don),Boys Registered in AFHC (boys_reg_afhc),JE 1st Dose (9–11 Months, Child Immunisation) (child_9_11m_je1),Measles 1st Dose (9–11 Months, Child Immunisation) (child_9_11m_meas1),MR 1st Dose (9–11 Months, Child Immunisation) (child_9_11m_mr1),BCG (Child Immunisation) (child_bcg),DPT 1 (Child Immunisation) (child_dpt1),DPT 2 (Child Immunisation) (child_dpt2),DPT 3 (Child Immunisation) (child_dpt3),DPT 1st Booster (Child Immunisation) (child_dpt_boost1),Hepatitis B Birth Dose (Child Immunisation) (child_hepb0),Hepatitis B1 (Child Immunisation) (child_hepb1),Hepatitis B2 (Child Immunisation) (child_hepb2),Hepatitis B3 (Child Immunisation) (child_hepb3),IPV 1 (Child Immunisation) (child_ipv1),IPV 2 (Child Immunisation) (child_ipv2),JE 1st Dose (Child Immunisation) (child_je1),Measles 1st Dose (Child Immunisation) (child_meas1),Measles 2nd Dose (>16 Months, Child Immunisation) (child_gt16m_meas2),MMR Vaccine (Child Immunisation) (child_mmr1),MR 1st Dose (Child Immunisation) (child_mr1),MR 2nd Dose (16–24 Months, Child Immunisation) (child_16_24m_mmr2),OPV 1 (Child Immunisation) (child_opv1),OPV 2 (Child Immunisation) (child_opv2),OPV 3 (Child Immunisation) (child_opv3),OPV Birth Dose (Child Immunisation) (child_opv0),OPV Booster (Child Immunisation) (child_opv_boost),Pentavalent 1 (Child Immunisation) (child_penta1),Pentavalent 2 (Child Immunisation) (child_penta2),Pentavalent 3 (Child Immunisation) (child_penta3),Rotavirus 1 (Child Immunisation) (child_rota1),Rotavirus 2 (Child Immunisation) (child_rota2),Rotavirus 3 (Child Immunisation) (child_rota3),Typhoid (Child Immunisation) (child_typhoid),Vitamin A Dose 1 (Child Immunisation) (child_vita1),Vitamin A Dose 5 (Child Immunisation) (child_vita5),Vitamin A Dose 9 (Child Immunisation) (child_vita9),Vitamin K1 Birth Dose (Child Immunisation) (child_vitk1),AFP Cases (Childhood Disease) (child_afp),Asthma Cases (Childhood Disease) (child_asthma),Diarrhoea Cases (Childhood Disease) (child_diarr),Diarrhoea Inpatients (Childhood Disease) (child_diarr_ip),Diphtheria Cases (Childhood Disease) (child_diphtheria),Malaria Cases (Childhood Disease) (child_malaria),Measles Cases (Childhood Disease) (child_measles),Pertussis Cases (Childhood Disease) (child_pertussis),Pneumonia Cases (Childhood Disease) (child_pneumonia),Sepsis Cases (Childhood Disease) (child_sepsis),SAM Cases (Childhood Disease) (child_sam),Tetanus Neonatorum Cases (Childhood Disease) (child_tet_neon),TB Cases (Childhood Disease) (child_tb),URI Admissions (Children) (child_admit_uri),Fully Immunized Female (9–11 Months, Child Immunisation) (child_9_11m_full_imm_f),Fully Immunized Male (9–11 Months, Child Immunisation) (child_9_11m_full_imm_m),TT10 Recipients (>10 Years, Child Immunisation) (child_gt10_tt10),TT16 Recipients (>16 Years, Child Immunisation) (child_gt16_tt16),DPT5 2nd Booster Recipients (>5 Years, Child Immunisation) (child_gt5_dpt5_boost2),Female Sterilization Complications (comp_f_ster),Male Sterilization Complications (comp_m_ster),Night C-Sections (8 PM–8 AM) (csec_night),Female Sterilization Deaths (death_f_ster),Male Sterilization Deaths (death_m_ster),Dengue ELISA Positive (dengue_elisa_pos),Dengue RDT Positive (dengue_rdt_pos),Acute Cardiac Emergencies (emer_cardiac),Burn Emergencies (emer_burn),CVA Emergencies (emer_cva),Obstetric Emergencies (emer_ob_comp),Snake Bite Emergencies (emer_snakebite),Trauma/Accident/Poisoning Emergencies (emer_trauma_acc_poison),Female Sterilization Failures (fail_f_ster),Male Sterilization Failures (fail_m_ster),Non-ANC HIV Positive (Female) (f_nonanc_hiv_pos),Non-ANC HIV Tested (Female) (f_nonanc_hiv_test),Girls Registered in AFHC (girls_reg_afhc),Immunisation Sessions Held (imm_sess_held),Immunisation Sessions Planned (imm_sess_plan),Infant Deaths (<4 Weeks, Asphyxia) (inf_death_4w_asphyx),Infant Deaths (<4 Weeks, Other Causes) (inf_death_4w_other),Infant Deaths (<4 Weeks, Sepsis) (inf_death_4w_sepsis),Infant Deaths (Within 24 Hours) (inf_death_24h),Antara Injectable Contraceptive - 1st Dose (antara_dose1),Antara Injectable Contraceptive - 2nd Dose (antara_dose4plus),Antara Injectable Contraceptive - 3rd Dose (antara_dose2),Antara Injectable Contraceptive - 4th+ Dose (antara_dose3),COPD/Respiratory Infection Inpatients (ip_asthma_copd_resp),Female Inpatient Deaths (inpatient_deaths_female),Male Inpatient Deaths (inpatient_deaths_male),Dengue Inpatients (inpatient_dengue),Diarrhoea with Dehydration Inpatients (inpatient_diarrhea_with_dehydration),Female Adult Inpatients (inpatient_female_adults),Female Child Inpatients (<18 Years) (inpatient_female_children18yrs),Midnight Inpatient Headcount (inpatient_head_count_at_midnight),Hepatitis Inpatients (inpatient_hepatitis),Malaria Inpatients (inpatient_malaria),Male Adult Inpatients (inpatient_male_adults),Male Child Inpatients (<18 Years) (inpatient_male_children18yrs),PUO Inpatients (inpatient_pyrexia_of_unknown_origin_puo),TB Inpatients (inpatient_tuberculosis),Typhoid Inpatients (inpatient_typhoid),Kala Azar Positive Cases (kala_azar_positive_cases),Kala Azar RDT Tests (kala_azar_rdt_tests_conducted),Live Births (Female) (live_birth_female),Live Births (Male) (live_birth_male),Major Surgeries (Excl. Obs/Gyn & Ophthalmology) (major_surg_nonobgyn),Malaria Microscopy PF Positive (mal_pf_micro_pos),Malaria Microscopy PV Positive (mal_pv_micro_pos),Malaria RDT PF Positive (mal_pf_rdt_pos),Malaria RDT PV Positive (mal_pv_rdt_pos),HIV Positive (Male) (m_hiv_pos),HIV Tested (Male) (m_hiv_test),MTP >12 Weeks (mtp_gt12w),MTP ≤12 Weeks (mtp_upto12w),New Hypertension Cases Detected (new_htn_detect_pw),New RTI/STI Cases (Female) (new_rtisti_f),New RTI/STI Cases (Male) (new_rtisti_m),NBSU Admissions (admit_nbsu),Accidents/Burns Deaths (Adolescent/Adult) (adol_death_acc_burn),Animal Bites/Stings Deaths (Adolescent/Adult) (adol_death_bite_sting),Cancer Deaths (Adolescent/Adult) (adol_death_cancer),Unknown Cause Deaths (Adolescent/Adult) (adol_death_unknown),Diarrhoeal Disease Deaths (Adolescent/Adult) (adol_death_diarr),Heart Disease/Hypertension Deaths (Adolescent/Adult) (adol_death_htn_hd),HIV/AIDS Deaths (Adolescent/Adult) (adol_death_hiv),Known Acute Disease Deaths (Adolescent/Adult) (adol_death_acute_dis),Known Chronic Disease Deaths (Adolescent/Adult) (adol_death_chronic_dis),Neurological Disease/Stroke Deaths (Adolescent/Adult) (adol_death_neuro_stroke),Other Fever Deaths (Adolescent/Adult) (adol_death_fever),Respiratory Disease Deaths (Adolescent/Adult, excl. TB) (adol_death_resp_inf),Suicide Deaths (Adolescent/Adult) (adol_death_suicide),TB Deaths (Adolescent/Adult) (adol_death_tb),VHND/UHND Outreach Centres Conducted (vhnd_uhnd_awc_uphc),Babies Diagnosed with Congenital Syphilis (baby_cong_syph_dx),Babies Treated for Congenital Syphilis (baby_cong_syph_tx),Blood Transfusions Done (blood_tx_done),Blood Units Issued (blood_units_issued),AEFI Abscess Cases (aefi_abscess),AEFI Death Cases (aefi_death),AEFI Other Cases (aefi_other),Pregnant Women with Obstetric Complications (preg_ob_comp),Centchroman Pill Strips Distributed (centchroman_strips),Diarrhoea Deaths (Children 1–5 Years) (child_death_1_5y_diarr),Fever-Related Deaths (Children 1–5 Years) (child_death_1_5y_fever),Measles Deaths (Children 1–5 Years) (child_death_1_5y_measles),Other Cause Deaths (Children 1–5 Years) (child_death_1_5y_other),Pneumonia Deaths (Children 1–5 Years) (child_death_1_5y_pneum),Albendazole Recipients (12–59 Months) (child_12_59m_alb),IFA Syrup Recipients (6–59 Months) (child_6_59m_ifa_8_10d),NRC Admissions (child_admit_nrc),NRC Discharges with Target Weight Gain (child_nrc_wt_gain),JE Vaccine Recipients (>16 Months) (child_gt16m_je),Oral Pill Cycles Distributed (cop_cycles_dist),Complicated Pregnancies Treated with Blood Transfusion (preg_comp_blood_tx),IUCD Insertion Complications (comp_iucd_ins),Condom Pieces Distributed (condom_pcs_dist),AES Deaths (death_aes),Dengue Deaths (death_dengue),JE Deaths (death_je),Kala Azar Deaths (death_kalaazar),Malaria PF Deaths (death_mal_pf),Malaria PV Deaths (death_mal_pv),Emergency Department Deaths (death_emer_dept),SNCU Deaths (death_sncu),DOTS Cases Successfully Completed (dots_success),Eclampsia Cases Managed During Delivery (eclampsia_deliv_mgd),Emergency Contraceptive Pills Given (ecp_given),Syphilis Positive (Female Non-ANC STI/RTI Attendees) (f_nonanc_syph_pos),Syphilis Tested (Female Non-ANC STI/RTI Attendees) (f_nonanc_syph_test),HB Tests Conducted (hb_tests),Home Deliveries by Non-SBA Attendants (home_deliv_non_sba),Home Deliveries by SBA Personnel (home_deliv_sba),Immunisation Sessions with ASHA Presence (imm_sess_asha),Diarrhoea Deaths (Infants 1–12 Months) (inf_death_1_12m_diarr),Fever-Related Deaths (Infants 1–12 Months) (inf_death_1_12m_fever),Measles Deaths (Infants 1–12 Months) (inf_death_1_12m_measles),Other Cause Deaths (Infants 1–12 Months) (inf_death_1_12m_other),Pneumonia Deaths (Infants 1–12 Months) (inf_death_1_12m_pneum),Institutional Deliveries (Including C-Sections) (inst_deliv_csec),Interval IUCD Insertions (Excl. PPIUCD/PAIUCD) (int_iucd_ins),Interval Minilap Sterilizations (Non-Postpartum/Post-Abortion) (int_minilap),IUCD Removals (iucd_removals),Lab Tests Done (lab_tests_done),Laparoscopic Sterilizations (Excl. Post-Abortion) (lap_ster_excl_pa),LAMA Cases (lama_cases),Syphilis Positive (Male STI/RTI Attendees) (m_syph_pos),Syphilis Tested (Male STI/RTI Attendees) (m_syph_test),Abortion-Related Maternal Deaths (mat_death_abort),Bleeding-Related Maternal Deaths (mat_death_bleed),High Fever Maternal Deaths (mat_death_fever),Obstructed/Prolonged Labour Maternal Deaths (mat_death_ob_lab),Other/Unknown Cause Maternal Deaths (mat_death_unknown),Severe Hypertension/Fits Maternal Deaths (mat_death_htn_fits),Mothers Given 360 Calcium Tablets (Post Delivery) (mother_cal360_pp),Mothers Given Full Course of 180 IFA Tablets (Post Delivery) (mother_ifa180_pp),SNCU Admissions Referred by ASHA (nb_sncu_asha_ref),Breastfed Within 1 Hour of Birth (nb_bf_1hr),Low Birth Weight Newborns (<2.5 kg) (nb_lt2_5kg),Received 6 HBNC Visits (Institutional Delivery) (nb_hbnc6_inst),Number of Newborns Received 7 Home Based Newborn Care Hbnc Visits In Case of Home Delivery (newborns_7_home_newborn_care_hbnc_visit_home_delivery),Newborns Weighed at Birth (nb_weighed_birth),NSV/Conventional Vasectomies (nsv_done),Ongoing DOTS Patients Registered (dots_ongoing_reg),Post-Abortion Sterilizations (Within 7 Days) (pa_ster_7d),Post-Abortion IUCD Insertions (Within 12 Days) (pa_iucd_12d),Post-Operative Surgical Site Infections (postop_ssi),Postpartum Sterilizations (Within 7 Days) (pp_ster_7d),Postpartum IUCD Insertions (Within 48 Hours) (ppiucd_48h),Preterm Newborns (<37 Weeks) (preterm_nb),Pregnancy Test Kits (PTK) Used (ptk_used),HIV Screening (Pregnant Women) (pw_hiv_screen),Syphilis Tested (Pregnant Women) (pw_syph_test),Syphilis Positive (Pregnant Women) (pw_syph_pos),180 IFA Tablets Given (Pregnant Women) (pw_ifa180),360 Calcium Tablets Given (Pregnant Women) (pw_cal360),ANC Corticosteroids Given (Preterm Labour, Pregnant Women) (pw_anc_steroids),Insulin Given (GDM Positive Women) (pw_gdm_insulin),Albendazole Given After 1st Trimester (pw_alb_1trim),Misoprostol Given (Home Delivery, Pregnant Women) (pw_misoprostol_home),TT1 Recipients (Pregnant Women) (pw_tt1),TT2 Recipients (Pregnant Women) (pw_tt2),TT Booster Recipients (Pregnant Women) (pw_tt_boost),Hb 7.1–10.9 g/dL Cases (Pregnant Women) (pw_hb7_10_9),Hb <7 g/dL Cases (Pregnant Women) (pw_hb_lt7),Severe Anaemia Treated (Hb <7, Pregnant Women) (pw_severe_anemia_tx),4+ ANC Checkups (Pregnant Women) (pw_4plus_anc),OGTT Tested (Pregnant Women) (pw_ogtt_test),Hb Tested 4+ Times (Pregnant Women) (pw_hb4plus_test),GDM Positive Cases (Pregnant Women) (pw_gdm_pos),POC Syphilis Tested (Pregnant Women) (pw_syph_poc_test),RKS Meetings Held (rks_meetings),Number of Severely Underweight Children Provided Health Checkup 05 Yrs (severely_underweight_children_health_checkup_05_yrs),Syphilis-Positive Pregnant Women Treated (pw_syph_tx),Post-Abortion Contraception Recipients (women_pa_mtp_contra),Major Operations (General/Spinal Anaesthesia) (op_major_ga_sa),Minor Operations (No/Local Anaesthesia) (op_minor_local),Syphilis Positive Cases (Among Tested Pregnant Women) (pw_syph_pos_above),Hysterectomy Surgeries (major_gyn_hyst),Clinical Services Received (Registered Boys) (boys_clin_serv),Counselling Received (Registered Boys) (boys_counsel),Clinical Services Received (Registered Girls) (girls_clin_serv),Counselling Received (Registered Girls) (girls_counsel),Screened Positive Cases (screen_pos_above),HIV Confirmed at ICTC (Among Screened Positive) (hiv_conf_ictc),Hypertension Cases Managed at Institution (new_pw_htn_inst),ANC Registered Within 1st Trimester (<12 Weeks) (anc_1trim_12w),Hb <7 mg/dL Cases (hb_test_lt7),Women Discharged Within 48 Hours of Delivery (inst_deliv_48h_disch),Outborn Female (outborn_female),Outborn Male (outborn_male),Acute Heart Disease OPD (outpatient_acute_heart_diseases),Dental OPD (outpatient_dental),Diabetes OPD (outpatient_diabetes),Epilepsy OPD (outpatient_epilepsy),Hypertension OPD (outpatient_hypertension),Mental Illness OPD (outpatient_mental_illness),Oncology OPD (outpatient_oncology),Ophthalmic OPD (outpatient_ophthalmic_related),Stroke/Paralysis OPD (outpatient_stroke_paralysis),Patient Satisfaction Score (%) - Mera Aspatal (mera_aspatal_score),Emergency Department Registrations (emer_pat_reg),Post-Abortion Complications Identified (pa_mtp_comp_id),Post-Abortion Complications Treated (pa_mtp_comp_tx),PKDL Cases (pkdl_cases),Ultrasonography (USG) (usg_tests),X-Ray (xray_tests),Malaria RDTs Conducted (mal_rdt_done),RTI/STI Treatment Initiated (Female) (rtisti_tx_f),RTI/STI Treatment Initiated (Male) (rtisti_tx_m),SNCU Admissions - Inborn Female (sncu_inborn_f),SNCU Admissions - Inborn Male (sncu_inborn_m),Still Births (stillbirths),Essential Drug Stock-Out Rate (drug_stockout_rate),JE Tests Conducted (je_tests),JE Positive Cases (je_pos),Blood Smears Examined for Malaria (mal_smears_exam),C-Section Deliveries Performed (csec_total),FBMDR Reviews Conducted (fb_mdr_done),Blood Units Issued (Annual) (blood_units_issued_yr),Pregnant Women Registered for ANC (pw_anc_reg),Widal Positive Tests (widal_pos),Widal Tests Conducted (widal_test),1st Postpartum Checkup (48 Hours–14 Days) (pp_check_48h_14d),Women Receiving 1St Post Partum Checkup Within 48 Hours of Home Delivery (women_1st_post_partum_checkup_48_hours_home_delivery)
"2021-01-04","Bihar","10","Supaul","223","Basantpur","1102","Public",0,8886,706,0,0,429,0,451,459,0,0,0,390,271,0,0,0,532,459,0,0,0,0,0,389,542,535,460,287,341,529,531,433,511,512,424,0,403,104,39,271,0,0,4,0,0,0,0,0,0,0,0,0,0,0,210,241,127,225,116,0,0,0,0,0,0,0,0,0,0,0,0,0,0,0,0,0,0,200,200,0,1,0,0,14,2,17,7,0,0,0,0,0,271,21,271,0,0,24,12,0,0,0,0,0,152,165,0,0,0,0,0,0,0,0,0,1,0,0,0,0,0,0,0,0,0,0,0,0,0,0,0,0,0,175,0,0,0,0,0,0,0,0,49,0,0,0,0,0,247,0,0,0,33,144,0,0,1380,0,0,0,0,0,0,0,0,0,0,19,0,0,306,46,0,159,0,0,0,0,0,273,9,3,0,92,0,0,0,0,0,0,0,0,0,0,8,8,0,317,34,0,0,317,0,0,0,0,0,0,5,0,181,0,68,0,390,399,0,0,243,0,224,159,254,33,0,0,322,68,380,0,0,0,22,0,0,3,342,0,0,0,0,0,0,0,0,1,258,0,273,0,0,0,0,0,0,0,0,0,0,0,0,0,0,0,0,0,0,0,0,0,0,0,2,0,0,0,0,0,0,0,478,0,0,3,0
"2019-01-12","Madhya Pradesh","23","Sehore","427","Nasrullaganj","3587","Private",0,0,0,0,0,0,0,0,0,0,0,0,0,0,0,0,0,0,0,0,0,0,0,0,0,0,0,0,0,0,0,0,0,0,0,0,0,0,0,0,0,0,0,0,0,0,0,0,0,0,0,0,0,0,0,0,0,0,0,0,0,0,0,0,0,0,0,0,0,0,0,0,0,0,0,0,0,0,0,0,0,0,0,0,0,0,0,0,0,0,0,0,0,0,0,0,0,0,0,0,0,0,0,0,0,0,0,0,0,0,0,0,0,0,0,0,0,0,0,0,0,0,0,0,0,0,0,0,0,0,0,0,0,0,0,0,0,0,0,0,0,0,0,0,0,0,0,0,0,0,0,0,0,0,0,0,0,0,0,0,0,0,0,0,0,0,0,0,0,0,0,0,0,0,0,0,0,0,0,0,0,0,0,0,0,0,0,0,0,0,0,0,0,0,0,0,0,0,0,0,0,0,0,0,0,0,0,0,0,0,0,0,0,0,0,0,0,0,0,0,0,0,0,0,0,0,0,0,0,0,0,0,0,0,0,0,0,0,0,0,0,0,0,0,0,0,0,0,0,0,0,0,0,0,0,0,0,0,0,0,0,0,0,0,0,0,0,0,0,0,0,0,0,0,0,0,0,0,0,0,0,0,0,0,0,0
"2019-01-08","Bihar","10","Purnia","214","Dagarua","1141","Rural",0,13546,2639,0,0,0,0,702,676,0,0,0,528,468,0,0,0,547,614,0,0,0,0,15,528,545,615,614,564,528,545,615,614,545,350,0,0,0,0,0,526,0,0,0,0,0,0,0,0,0,0,0,0,0,0,363,339,101,187,367,0,0,0,0,0,0,0,0,0,0,0,0,0,0,0,0,70,0,257,258,0,0,0,0,69,5,43,11,0,0,0,0,0,698,10,1187,0,0,3,0,0,0,0,0,6,276,350,0,0,0,0,0,0,130,0,0,0,0,0,0,0,0,0,0,0,0,0,0,0,0,0,0,0,0,225,0,0,0,0,0,0,0,28,105,0,0,0,0,0,40,0,0,0,0,75,0,0,893,0,0,0,0,0,0,0,0,13,0,0,0,0,1143,96,0,253,0,0,0,0,0,538,64,40,10,1848,0,8,0,0,0,0,0,0,0,0,33,47,0,626,15,366,50,626,0,131,0,0,0,7,31,4,105,161,48,0,626,570,7,0,389,0,507,515,358,57,2,0,568,48,568,0,0,0,0,0,0,47,74,0,0,0,0,0,0,0,0,0,448,5,528,0,0,0,796,0,0,0,0,0,0,0,0,0,0,0,0,0,0,0,0,0,0,0,10,0,0,0,41,0,0,0,863,13,73,63,61
"2019-01-03","Telangana","36","Adilabad","501","Adilabad","4306","Rural",5,75431,4934,14,153,593,0,603,510,0,0,0,583,488,0,0,0,559,610,68,0,13,0,68,573,559,629,617,509,544,560,630,619,564,626,598,20,386,227,300,489,0,0,28,18,0,0,0,0,0,0,15,0,0,2,287,316,868,1132,542,0,0,76,0,0,2,0,46,5,38,10,0,102,0,0,4,424,234,683,726,2,11,0,3,18,0,10,2,4,2,5,2,166,1595,938,3162,20,0,1116,855,0,105,105,0,0,268,251,119,0,0,0,0,6,429,0,0,55,7,11,0,5,0,3,99,0,5,0,3,6,0,0,6,14,8,584,0,0,5,5,0,0,4,5,167,0,0,0,2,0,1108,6947,15,8,540,229,5,2,1006,0,0,0,0,0,0,42,16,31,5,24,0,25,1628,0,0,601,0,0,0,3,0,518,4,10,5,47910,0,18,0,36,0,0,0,0,0,0,453,453,11,499,38,40,0,508,0,68,0,0,0,24,8,4,955,1274,180,0,658,665,0,0,450,0,608,606,56,615,62,44,561,25,719,0,0,0,0,0,0,252,160,0,0,135,66,214,125,0,0,42,600,166,300,17,19,154,777,1781,35,2513,187,0,1473,26,0,1325,0,0,0,2772,3042,97,1,7,15,16,0,0,0,0,1896,183,0,577,629,82,1021,0,0
"2021-01-05","Madhya Pradesh","23","Umaria","436","Others","9999","Total",66,32498,308,32,47,0,0,2016,1125,0,0,0,1668,1022,0,0,0,1390,1706,0,0,0,0,28,1668,1485,1539,1826,1095,1649,1485,1565,1830,1507,1551,1831,0,1778,631,489,1045,0,0,609,0,0,0,1,0,1,0,6,0,0,0,969,1054,845,885,1021,0,0,0,0,0,0,0,10,1,2,8,20,136,0,0,0,17,50,1274,1313,0,11,0,2,14,12,13,7,2,4,4,0,79,1723,222,3067,0,0,824,184,10,0,3,0,0,598,545,0,0,4,3,1,0,18,4,4,163,0,44,3,11,9,7,547,0,17,3,68,101,14,9,8,13,0,1003,0,0,144,144,1,0,2,66,118,0,0,0,1,0,927,23450,8,0,0,2051,24,8,9636,0,0,0,0,0,0,28,14,83,4,66,0,0,3363,40,3,1262,0,0,0,7,2,1139,263,0,69,15994,0,254,0,5,0,0,0,0,3,0,1081,939,10,1112,145,942,41,1104,0,48,0,0,0,2,558,30,1563,384,0,0,1899,1766,27,0,1323,0,1416,1335,683,1437,151,80,1571,0,1569,0,16,0,78,0,0,26,138,8,0,41,45,49,49,0,0,140,1418,133,123,14,18,5,47,180,3,195,2,0,56,5,92,364,0,0,0,276,1097,18018,0,0,10,22,36,0,0,0,1452,26,2,32,2191,74,526,176,39
"2020-01-11","Telangana","36","Bhadradri Kothagudem","690","Kothagudem","4738","Private",0,0,0,0,0,0,0,0,0,0,0,0,0,0,0,0,0,0,0,0,0,0,0,0,0,0,0,0,0,0,0,0,0,0,0,0,0,0,0,0,0,0,0,0,0,0,0,0,0,0,0,0,0,0,0,0,0,0,0,0,0,0,0,0,0,0,0,0,0,0,0,0,0,0,0,0,0,0,0,0,0,0,0,0,0,0,0,0,0,0,0,0,0,0,0,0,0,0,0,0,0,0,0,0,0,0,0,0,0,0,0,0,0,0,0,0,0,0,0,0,0,0,0,0,0,0,0,0,0,0,0,0,0,0,0,0,0,0,0,0,0,0,0,0,0,0,0,0,0,0,0,0,0,0,0,0,0,0,0,0,0,0,0,0,0,0,0,0,0,0,0,0,0,0,0,0,0,0,0,0,0,0,0,0,0,0,0,0,0,0,0,0,0,0,0,0,0,0,0,0,0,0,0,0,0,0,0,0,0,0,0,0,0,0,0,0,0,0,0,0,0,0,0,0,0,0,0,0,0,0,0,0,0,0,0,0,0,0,0,0,0,0,0,0,0,0,0,0,0,0,0,0,0,0,0,0,0,0,0,0,0,0,0,0,0,0,0,0,0,0,0,0,0,0,0,0,0,0,0,0,0,0,0,0,0,0
"2019-01-10","West Bengal","19","24 Paraganas South","304","Mograhat  I Block","2424","Public",10,14973,0,0,41,425,0,421,387,0,0,0,383,204,0,0,0,405,335,15,0,0,0,13,395,439,390,374,281,389,441,386,374,201,82,0,0,0,0,0,230,0,0,75,8,0,0,1,0,0,0,0,0,0,7,196,224,210,211,362,0,0,0,0,0,0,0,3,19,8,114,0,158,0,0,0,117,204,146,159,0,0,0,0,0,4,86,16,67,1,0,6,142,492,212,1998,0,1,231,120,0,0,15,0,0,118,114,0,0,0,0,2,0,157,0,2,7,37,19,35,0,0,0,67,0,0,0,1,6,2,0,0,0,0,407,0,0,0,0,0,0,8,114,581,0,0,0,0,0,1832,17653,0,0,392,1596,0,1,6341,0,0,0,0,0,0,1,0,6,0,43,0,0,1538,2,0,143,0,0,0,1,0,230,30,0,7,3181,0,93,0,0,0,0,0,0,0,0,387,386,0,232,39,438,0,232,0,17,0,0,0,0,0,0,423,433,0,0,461,475,11,0,390,0,426,369,24,259,0,0,483,1170,449,0,0,0,0,0,0,0,0,0,0,41,41,189,204,0,0,4,435,0,0,0,0,0,245,145,0,121,0,0,581,0,0,1347,0,0,0,0,485,670,37,19,0,0,1,0,0,0,2148,0,0,0,449,0,193,0,2
"2020-01-09","West Bengal","19","Bankura","305","Saltora","2356","Public",8,13247,408,0,71,180,0,180,83,0,0,0,158,69,0,0,0,139,139,0,0,0,0,0,158,138,148,138,81,158,138,148,138,138,148,139,0,180,0,0,69,0,0,1,0,0,0,0,0,0,0,0,0,0,0,89,91,145,77,145,0,0,0,0,0,0,0,0,2,0,0,9,10,0,0,0,0,85,67,67,0,1,0,0,37,13,28,18,0,0,0,0,5,34,16,268,0,0,31,24,0,0,0,0,0,37,33,0,0,0,0,0,0,0,0,0,0,0,0,0,0,0,2,31,0,2,0,7,3,2,0,0,1,1,50,0,0,0,0,0,0,10,7,1,0,0,0,0,0,23,6779,0,0,158,1678,0,0,4483,0,0,0,0,0,0,0,0,18,0,0,0,0,595,0,0,67,0,0,0,0,0,71,0,0,4,1991,0,6,0,0,0,0,0,0,0,0,167,165,0,70,7,116,0,70,0,5,0,0,0,0,58,7,193,153,0,0,159,159,0,0,129,0,140,120,13,44,0,0,171,153,171,0,154,0,0,0,0,0,0,0,0,45,71,50,85,0,0,0,148,0,0,0,0,0,0,35,0,56,0,0,436,0,0,301,0,0,0,0,0,1107,0,0,0,0,2,0,0,0,818,0,0,0,153,0,0,71,0
"2019-01-06","Tamil Nadu","33","Kanniyakumari","575","Thiruvattar","6672","Urban",0,0,0,0,0,0,0,0,0,0,0,0,0,0,0,0,0,0,0,0,0,0,0,0,0,0,0,0,0,0,0,0,0,0,0,0,0,0,0,0,0,0,0,0,0,0,0,0,0,0,0,0,0,0,0,0,0,0,0,0,0,0,0,0,0,0,0,0,0,0,0,0,0,0,0,0,0,0,0,0,0,0,0,0,0,0,0,0,0,0,0,0,0,0,0,0,0,0,0,0,0,0,0,0,0,0,0,0,0,0,0,0,0,0,0,0,0,0,0,0,0,0,0,0,0,0,0,0,0,0,0,0,0,0,0,0,0,0,0,0,0,0,0,0,0,0,0,0,0,0,0,0,0,0,0,0,0,0,0,0,0,0,0,0,0,0,0,0,0,0,0,0,0,0,0,0,0,0,0,0,0,0,0,0,0,0,0,0,0,0,0,0,0,0,0,0,0,0,0,0,0,0,0,0,0,0,0,0,0,0,0,0,0,0,0,0,0,0,0,0,0,0,0,0,0,0,0,0,0,0,0,0,0,0,0,0,0,0,0,0,0,0,0,0,0,0,0,0,0,0,0,0,0,0,0,0,0,0,0,0,0,0,0,0,0,0,0,0,0,0,0,0,0,0,0,0,0,0,0,0,0,0,0,0,0,0
"2019-01-02","Bihar","10","Begusarai","191","Navkothi","1315","Total",0,9708,624,0,0,0,0,266,199,0,0,0,272,159,0,0,0,338,319,0,0,0,0,0,272,338,332,319,196,272,338,332,319,324,323,309,0,266,0,0,0,0,0,0,0,0,0,0,0,0,0,0,0,0,0,115,151,72,109,165,0,0,0,0,0,0,0,0,0,0,0,0,0,0,0,0,124,0,114,114,0,0,0,0,33,11,12,12,0,0,0,0,0,160,0,235,0,0,1,0,0,0,0,0,3,96,104,0,0,0,0,0,0,11,0,0,0,0,0,0,0,0,0,0,0,0,0,0,0,0,0,0,0,0,0,0,0,0,0,0,0,0,0,40,0,0,0,0,0,5213,5240,0,0,0,96,0,0,975,0,0,0,0,0,0,0,0,0,0,22,0,12,595,0,0,74,0,0,0,0,0,160,3,74,4,1154,0,0,0,12,0,0,0,0,0,0,0,125,0,199,8,110,0,199,1,0,0,0,0,0,66,0,371,134,0,0,534,534,0,0,169,0,278,195,224,403,2,0,339,0,440,0,0,0,0,0,0,0,0,0,0,0,0,0,0,0,0,0,341,12,157,0,0,0,65,0,0,0,0,0,0,0,0,0,0,0,0,0,0,5,0,0,0,0,1,0,0,0,2,0,0,0,536,0,0,0,0
"2019-01-04","Rajasthan","8","Jhalawar","105","Dag","6926","Urban",0,0,0,0,0,0,0,0,0,0,0,0,0,0,0,0,0,0,0,0,0,0,0,0,0,0,0,0,0,0,0,0,0,0,0,0,0,0,0,0,0,0,0,0,0,0,0,0,0,0,0,0,0,0,0,0,0,0,0,0,0,0,0,0,0,0,0,0,0,0,0,0,0,0,0,0,0,0,0,0,0,0,0,0,0,0,0,0,0,0,0,0,0,0,0,0,0,0,0,0,0,0,0,0,0,0,0,0,0,0,0,0,0,0,0,0,0,0,0,0,0,0,0,0,0,0,0,0,0,0,0,0,0,0,0,0,0,0,0,0,0,0,0,0,0,0,0,0,0,0,0,0,0,0,0,0,0,0,0,0,0,0,0,0,0,0,0,0,0,0,0,0,0,0,0,0,0,0,0,0,0,0,0,0,0,0,0,0,0,0,0,0,0,0,0,0,0,0,0,0,0,0,0,0,0,0,0,0,0,0,0,0,0,0,0,0,0,0,0,0,0,0,0,0,0,0,0,0,0,0,0,0,0,0,0,0,0,0,0,0,0,0,0,0,0,0,0,0,0,0,0,0,0,0,0,0,0,0,0,0,0,0,0,0,0,0,0,0,0,0,0,0,0,0,0,0,0,0,0,0,0,0,0,0,0,0
"2021-01-05","Madhya Pradesh","23","Damoh","400","Patera","3455","Private",0,0,0,0,0,0,0,0,0,0,0,0,0,0,0,0,0,0,0,0,0,0,0,0,0,0,0,0,0,0,0,0,0,0,0,0,0,0,0,0,0,0,0,0,0,0,0,0,0,0,0,0,0,0,0,0,0,0,0,0,0,0,0,0,0,0,0,0,0,0,0,0,0,0,0,0,0,0,0,0,0,0,0,0,0,0,0,0,0,0,0,0,0,0,0,0,0,0,0,0,0,0,0,0,0,0,0,0,0,0,0,0,0,0,0,0,0,0,0,0,0,0,0,0,0,0,0,0,0,0,0,0,0,0,0,0,0,0,0,0,0,0,0,0,0,0,0,0,0,0,0,0,0,0,0,0,0,0,0,0,0,0,0,0,0,0,0,0,0,0,0,0,0,0,0,0,0,0,0,0,0,0,0,0,0,0,0,0,0,0,0,0,0,0,0,0,0,0,0,0,0,0,0,0,0,0,0,0,0,0,0,0,0,0,0,0,0,0,0,0,0,0,0,0,0,0,0,0,0,0,0,0,0,0,0,0,0,0,0,0,0,0,0,0,0,0,0,0,0,0,0,0,0,0,0,0,0,0,0,0,0,0,0,0,0,0,0,0,0,0,0,0,0,0,0,0,0,0,0,0,0,0,0,0,0,0
"2019-01-06","Maharashtra","27","Nagpur","484","Ramtek","4028","Urban",1,7535,1453,0,22,54,0,50,37,0,0,0,63,26,0,0,0,40,42,0,0,0,0,11,63,47,49,47,26,63,47,49,47,0,0,0,0,46,46,42,26,0,4,11,11,0,6,0,0,2,2,0,0,0,6,28,22,0,0,42,0,0,1,0,0,0,0,3,3,0,11,5,79,0,0,0,69,23,21,21,0,0,0,0,1,0,2,0,26,0,1,0,93,283,31,523,0,15,108,30,32,0,18,0,0,11,15,0,0,0,0,0,0,261,0,0,0,0,0,2,0,0,0,0,0,1,0,0,0,0,0,0,0,0,0,0,0,0,0,0,0,0,0,0,0,0,0,0,0,41,10,0,0,63,0,0,0,830,0,0,0,0,0,0,0,0,0,0,0,0,0,916,0,0,5,0,0,0,0,0,26,0,0,0,7102,0,180,0,0,0,0,0,0,0,0,26,26,0,26,0,26,0,26,0,4,0,0,0,3,2,0,43,187,0,0,60,70,0,0,30,0,19,9,0,123,2,2,27,90,119,0,0,1,0,0,0,6,34,0,0,22,22,23,23,0,0,0,19,5,0,0,0,4,246,27,0,47,0,0,274,0,0,908,0,0,0,26,118,3,0,0,2,3,0,0,0,0,1033,6,0,0,20,20,196,26,0
"2019-01-05","Bihar","10","Rohtas","215","Rohtas Urban","1475","Public",0,20010,0,0,0,0,0,2,5,0,0,0,0,0,0,0,0,4,4,0,0,0,0,5,1,2,7,4,4,0,6,4,4,0,0,0,0,0,0,0,0,0,0,0,0,0,0,0,0,0,0,0,0,0,0,0,0,3,2,1,0,0,2,0,0,0,0,0,0,0,0,0,0,0,0,0,62,0,0,0,0,0,0,0,30,5,7,5,0,0,0,0,0,335,6,187,0,0,58,8,0,0,0,0,0,88,84,0,0,0,0,0,0,35,0,0,2,0,0,0,0,0,0,0,0,0,0,0,0,0,0,0,0,0,7,0,0,0,0,0,0,0,0,86,0,0,0,0,0,34,13,0,0,0,128,0,0,1286,0,0,0,0,0,0,0,9,58,0,38,0,0,221,0,0,0,0,0,0,0,0,172,11,19,0,350,0,0,0,0,0,0,0,0,0,0,0,0,18,0,0,0,0,0,4,142,0,0,0,2,0,0,168,235,0,0,50,49,0,0,54,0,10,10,13,0,0,0,20,0,0,0,0,0,0,0,0,19,36,0,0,0,0,0,0,0,0,0,13,0,132,30,25,0,263,65,0,51,0,0,0,0,0,0,0,0,0,51,153,0,0,0,15,16,0,0,0,0,0,11,0,0,83,0,0,0,0
"2021-01-04","Chhattisgarh","22","Korba","383","Katghora","3272","Total",9,16180,1412,0,0,0,0,337,297,0,0,0,296,113,0,0,0,335,338,0,0,0,0,8,296,335,317,341,292,286,335,317,338,335,317,338,0,331,30,105,89,0,0,102,11,0,0,0,0,0,0,0,0,0,0,143,194,149,134,239,0,0,0,0,0,0,0,0,2,0,19,2,19,0,0,0,0,0,222,252,0,1,0,1,0,0,0,0,1,3,4,0,39,143,22,299,0,0,89,22,2,1,3,0,0,85,92,0,0,0,0,0,0,5,0,2,7,6,1,6,3,0,1,59,1,3,0,14,33,2,18,8,3,0,206,0,0,0,0,0,0,0,4,257,0,0,0,0,0,31,839,0,0,0,1060,0,0,1607,0,0,0,0,0,0,0,0,10,1,68,0,0,460,0,0,184,0,0,0,0,0,182,118,0,41,2178,0,11,0,0,0,0,0,0,0,0,368,367,0,177,3,100,0,177,0,0,0,0,0,0,34,5,305,110,16,0,471,462,0,0,388,0,384,277,103,251,1,1,444,40,409,0,0,1,1,0,0,0,27,0,0,0,0,0,0,0,0,7,474,2,0,0,0,0,166,545,60,570,1,0,186,10,0,232,0,0,0,0,177,1230,1,0,0,0,6,0,0,0,22,0,0,0,474,6,152,329,0
"2019-01-12","Mizoram","15","Kolasib","263","Bilkhawthlir Phc","1900","Rural",0,206,0,0,0,0,0,15,12,0,0,0,19,6,0,0,0,13,12,0,0,0,0,0,19,13,19,12,6,19,13,19,12,13,19,12,0,16,10,13,6,0,0,3,5,0,0,0,0,0,0,0,0,0,0,4,11,62,46,0,0,0,0,0,0,0,0,0,0,0,0,0,0,0,0,0,1,0,4,4,0,1,0,0,0,0,0,0,0,0,0,0,0,10,1,16,0,0,1,1,0,0,1,0,0,5,7,0,0,0,0,0,0,5,0,0,0,0,0,0,0,0,0,0,0,0,0,0,1,0,0,0,0,0,4,0,0,0,0,0,0,3,0,0,0,0,0,0,0,0,0,0,0,0,46,0,0,49,0,0,0,0,0,0,0,0,0,0,1,0,0,20,3,0,4,0,0,0,0,1,9,0,0,0,4,0,0,0,0,0,0,0,0,0,0,0,0,0,12,1,3,0,12,0,0,0,0,0,0,0,0,6,18,4,0,18,15,0,0,0,0,6,10,1,6,0,0,10,0,3,0,0,0,0,0,0,0,0,0,0,0,0,0,0,0,0,0,8,0,3,0,0,0,0,1,0,2,0,0,0,0,0,0,0,0,0,0,0,67,0,0,0,0,0,0,0,0,0,0,0,0,8,0,0,4,3
"2020-01-04","Bihar","10","Madhepura","205","Gwalpara","1165","Total",0,0,0,0,0,0,0,20,189,0,0,0,18,189,0,0,0,20,21,0,0,0,0,0,18,20,16,21,189,18,20,16,21,20,16,21,0,0,0,0,189,0,0,0,0,0,0,0,0,0,0,0,0,0,0,9,11,3,1,2,0,0,0,0,0,0,0,0,0,0,0,0,0,0,0,0,0,0,0,0,0,0,0,0,0,0,0,0,0,0,0,0,0,201,25,225,0,0,15,20,0,0,0,0,0,84,105,0,0,0,0,0,0,0,0,0,16,0,0,0,0,0,0,0,0,0,0,0,0,0,0,0,0,0,0,0,0,0,0,0,0,0,24,5,0,0,0,0,0,0,0,0,0,0,35,0,2,30,0,0,0,0,0,0,0,0,0,0,10,0,0,0,0,0,0,0,0,0,0,0,196,0,0,0,0,0,0,0,0,0,0,0,0,0,0,196,196,0,189,24,196,0,189,0,0,0,0,0,0,12,4,196,0,0,0,22,22,0,0,22,0,11,15,11,0,0,11,22,0,20,0,0,1,0,0,0,0,10,0,0,0,0,0,0,0,0,0,22,0,196,0,0,0,0,0,0,0,0,0,0,0,0,0,0,0,0,0,0,0,0,0,0,0,7,0,0,0,0,0,0,0,22,0,0,196,0
"2020-01-05","Rajasthan","8","Jhunjhunu","106","Udaipurwati","492","Rural",16,31735,157,0,2,0,0,637,336,0,0,0,537,82,0,0,0,533,353,0,0,0,0,22,484,533,380,353,129,537,533,380,353,533,385,353,8,637,292,154,82,0,22,71,3,0,0,0,0,37,0,0,0,1,1,302,335,250,242,304,0,0,0,0,0,0,0,0,0,0,0,0,5,1,0,0,3,32,271,271,0,5,1,0,21,19,26,11,26,0,0,0,22,392,91,361,0,0,160,39,10,0,0,0,0,46,36,0,0,13,0,0,0,5,0,6,7,0,0,5,3,0,4,41,0,1,0,2,15,0,0,1,1,0,20,0,0,0,0,0,0,0,0,51,0,0,0,3,0,91,1795,0,0,0,1204,0,8,13350,0,0,0,0,0,0,0,0,3,0,43,0,24,1440,0,0,191,0,0,0,2,0,83,167,0,34,4356,0,19,0,46,0,0,0,0,1,0,153,117,0,82,2,83,0,82,0,12,0,0,0,0,12,1,184,409,607,0,734,766,3,0,415,0,458,352,230,402,11,5,339,234,210,0,365,1,10,0,0,0,160,0,0,2,0,32,27,0,0,3,516,71,0,0,0,5,356,374,22,444,8,82,432,2,0,5,0,0,0,0,82,0,0,0,0,0,1,0,0,0,38,0,0,0,631,4,66,83,0
"2020-01-07","Jammu And Kashmir","1","Ramban","621","Banihal","66","Private",0,0,0,0,0,0,0,0,0,0,0,0,0,0,0,0,0,0,0,0,0,0,0,0,0,0,0,0,0,0,0,0,0,0,0,0,0,0,0,0,0,0,0,0,0,0,0,0,0,0,0,0,0,0,0,0,0,0,0,0,0,0,0,0,0,0,0,0,0,0,0,0,0,0,0,0,0,0,0,0,0,0,0,0,0,0,0,0,0,0,0,0,0,0,0,0,0,0,0,0,0,0,0,0,0,0,0,0,0,0,0,0,0,0,0,0,0,0,0,0,0,0,0,0,0,0,0,0,0,0,0,0,0,0,0,0,0,0,0,0,0,0,0,0,0,0,0,0,0,0,0,0,0,0,0,0,0,0,0,0,0,0,0,0,0,0,0,0,0,0,0,0,0,0,0,0,0,0,0,0,0,0,0,0,0,0,0,0,0,0,0,0,0,0,0,0,0,0,0,0,0,0,0,0,0,0,0,0,0,0,0,0,0,0,0,0,0,0,0,0,0,0,0,0,0,0,0,0,0,0,0,0,0,0,0,0,0,0,0,0,0,0,0,0,0,0,0,0,0,0,0,0,0,0,0,0,0,0,0,0,0,0,0,0,0,0,0,0,0,0,0,0,0,0,0,0,0,0,0,0,0,0,0,0,0,0
"2019-01-07","Maharashtra","27","Hingoli","477","Sengaon","4111","Public",2,14017,0,0,146,0,0,336,160,0,0,0,307,47,0,0,0,252,238,0,0,0,0,0,303,313,308,288,99,307,313,308,288,4,0,0,9,336,228,259,52,0,0,22,0,0,0,0,0,0,0,0,0,0,0,134,166,444,365,430,0,0,0,0,0,0,0,0,0,0,0,0,60,0,0,0,159,150,155,155,0,0,0,0,0,0,0,0,4,0,0,0,13,280,23,404,0,0,208,21,5,0,0,0,0,30,31,0,0,0,0,0,0,210,0,0,0,5,3,0,2,0,0,4,0,2,0,2,19,4,0,0,0,2,565,0,0,0,0,0,0,0,1,0,0,0,0,1,0,38,365,0,0,0,301,0,5,2692,0,0,0,0,0,0,0,0,0,0,6,0,0,548,0,1,139,0,0,0,0,0,60,26,21,13,997,0,3,0,0,0,0,0,0,0,0,36,36,0,60,27,49,1,60,0,4,0,2,0,0,4,2,218,335,0,0,313,296,1,0,184,0,216,231,119,308,13,10,312,0,325,0,0,0,71,0,0,0,30,0,0,146,146,150,150,0,0,0,293,31,41,0,0,4,50,153,0,358,7,0,77,3,0,60,0,0,0,0,0,0,5,3,0,0,0,0,0,0,1322,0,0,0,343,4,6,14,0
"2019-01-10","Odisha","21","Kandhamal","359","Others","9999","Rural",60,42145,0,84,66,0,0,77,396,0,0,0,64,223,0,0,0,69,65,0,0,0,0,0,64,69,57,65,286,64,69,57,65,69,57,65,0,77,0,0,428,0,32,17,4,0,15,0,0,30,17,0,0,0,36,35,42,19,27,64,0,0,20,0,0,0,0,12,7,23,45,25,245,0,0,0,210,26,29,29,2,3,2,3,15,5,20,2,345,6,25,0,130,1473,405,8681,22,23,900,452,157,17,186,0,0,190,238,42,37,1,15,1,0,470,0,4,0,17,4,0,1,0,2,1,0,5,0,1,6,5,4,1,2,1,0,0,0,493,493,0,0,69,158,9,0,0,0,1,0,0,0,38,21,0,216,48,12,2740,0,0,0,0,0,0,1,7,4,9,0,0,48,5163,0,0,19,0,0,0,0,0,443,4,0,56,22756,0,88,0,55,0,0,0,0,0,0,39,39,25,395,123,0,0,428,0,22,0,38,2,24,197,48,283,526,450,0,59,56,29,0,60,0,58,47,5,59,6,55,57,52,57,0,0,0,0,0,22,18,870,0,0,66,66,26,26,0,0,0,57,367,6,28,30,38,972,354,42,938,218,0,1852,20,72,1548,0,0,0,313,1351,675,17,4,38,60,21,25,0,0,3122,88,0,518,60,35,502,37,0
"2019-01-04","Himachal Pradesh","2","Una","26","Una Rh","150","Total",1,15800,0,4,0,0,0,24,268,0,0,0,37,268,0,0,0,19,16,0,0,0,0,0,37,19,26,16,268,37,19,26,16,19,26,16,0,24,0,0,266,0,0,0,0,0,0,0,0,11,0,0,0,0,0,12,12,0,0,0,0,0,6,0,0,0,0,18,0,12,78,2,45,0,0,4,62,0,13,13,0,0,0,0,0,0,0,0,53,3,3,0,28,647,182,4189,1,0,289,198,47,2,1,0,0,178,181,10,0,0,0,0,6,198,2,3,1,62,37,47,0,0,0,9,0,4,0,1,0,1,0,2,1,0,0,0,0,210,210,0,0,0,22,0,0,0,0,0,0,0,0,3,3,0,25,22,0,444,0,0,0,0,0,0,11,1,0,0,5,0,53,834,0,0,13,0,0,0,0,0,361,2,2,0,20704,12,6,0,163,0,0,0,0,0,0,17,17,0,195,37,0,0,359,0,0,0,2,2,0,120,13,13,316,310,0,23,23,0,0,24,0,27,16,10,750,0,0,7,50,861,0,0,0,0,0,0,12,89,0,2,0,0,0,0,0,0,1,26,20,235,8,10,0,479,219,3,230,0,0,1767,0,0,1932,0,0,0,41,1316,32,62,37,14,15,3,0,0,0,38,175,0,210,32,0,0,8,0
"2020-01-08","Rajasthan","8","Bhilwara","92","Raipur","632","Private",0,0,0,0,0,0,0,0,0,0,0,0,0,0,0,0,0,0,0,0,0,0,0,0,0,0,0,0,0,0,0,0,0,0,0,0,0,0,0,0,0,0,0,0,0,0,0,0,0,0,0,0,0,0,0,0,0,0,0,0,0,0,0,0,0,0,0,0,0,0,0,0,0,0,0,0,0,0,0,0,0,0,0,0,0,0,0,0,0,0,0,0,0,0,0,0,0,0,0,0,0,0,0,0,0,0,0,0,0,0,0,0,0,0,0,0,0,0,0,0,0,0,0,0,0,0,0,0,0,0,0,0,0,0,0,0,0,0,0,0,0,0,0,0,0,0,0,0,0,0,0,0,0,0,0,0,0,0,0,0,0,0,0,0,0,0,0,0,0,0,0,0,0,0,0,0,0,0,0,0,0,0,0,0,0,0,0,0,0,0,0,0,0,0,0,0,0,0,0,0,0,0,0,0,0,0,0,0,0,0,0,0,0,0,0,0,0,0,0,0,0,0,0,0,0,0,0,0,0,0,0,0,0,0,0,0,0,0,0,0,0,0,0,0,0,0,0,0,0,0,0,0,0,0,0,0,0,0,0,0,0,0,0,0,0,0,0,0,0,0,0,0,0,0,0,0,0,0,0,0,0,0,0,0,0,0
"2019-01-02","Bihar","10","Munger","207","Munger Sadar","1356","Total",0,4944,0,0,0,0,0,216,90,0,0,0,345,14,0,0,0,325,321,0,0,0,0,26,345,324,372,311,29,345,324,372,311,323,372,316,0,0,0,0,0,0,0,6,0,0,0,0,0,0,0,0,0,0,0,94,114,31,61,151,0,0,0,0,0,0,0,0,0,0,0,0,0,0,0,0,25,0,162,162,0,0,0,0,6,3,7,3,0,0,0,0,0,0,0,0,0,0,0,0,0,0,0,0,5,17,11,0,0,0,0,0,0,15,0,0,0,0,0,0,0,0,0,0,0,0,0,0,0,0,0,0,0,0,139,0,0,0,0,0,0,0,0,119,0,0,0,0,0,32,541,0,0,0,157,0,0,1674,0,0,0,0,0,0,0,0,0,0,69,0,0,246,14,0,153,0,0,0,0,0,14,23,55,6,315,0,0,0,0,0,0,0,0,0,0,0,32,0,28,0,36,13,26,0,0,0,0,0,0,3,0,147,88,88,0,253,1,0,0,165,0,180,124,154,144,6,2,248,76,280,0,0,0,15,0,0,0,0,0,0,0,0,0,0,0,0,0,273,2,14,0,0,0,0,21,0,188,0,0,0,0,0,0,0,0,0,0,0,48,0,0,0,0,0,0,0,0,0,0,0,0,334,0,0,28,4
"2020-01-10","West Bengal","19","Hooghly","312","Pandua","2344","Private",0,0,0,0,0,0,0,0,0,0,0,0,0,0,0,0,0,0,0,0,0,0,0,0,0,0,0,0,0,0,0,0,0,0,0,0,0,0,0,0,0,0,0,0,0,0,0,0,0,0,0,0,0,0,0,0,0,0,0,0,0,0,0,0,0,0,0,0,0,0,0,0,0,0,0,0,0,0,0,0,0,0,0,0,0,0,0,0,0,0,0,0,0,0,0,0,0,0,0,0,0,0,0,0,0,0,0,0,0,0,0,0,0,0,0,0,0,0,0,0,0,0,0,0,0,0,0,0,0,0,0,0,0,0,0,0,0,0,0,0,0,0,0,0,0,0,0,0,0,0,0,0,0,0,0,0,0,0,0,0,0,0,0,0,0,0,0,0,0,0,0,0,0,0,0,0,0,0,0,0,0,0,0,0,0,0,0,0,0,0,0,0,0,0,0,0,0,0,0,0,0,0,0,0,0,0,0,0,0,0,0,0,0,0,0,0,0,0,0,0,0,0,0,0,0,0,0,0,0,0,0,0,0,0,0,0,0,0,0,0,0,0,0,0,0,0,0,0,0,0,0,0,0,0,0,0,0,0,0,0,0,0,0,0,0,0,0,0,0,0,0,0,0,0,0,0,0,0,0,0,0,0,0,0,0,0
"2019-01-09","Rajasthan","8","Rajsamand","112","Kumbhalgarh","642","Total",11,19030,381,0,8,0,0,381,91,0,0,0,228,21,0,0,0,170,171,0,0,0,0,0,206,296,245,266,21,228,296,245,266,295,246,266,0,321,112,95,28,0,0,76,0,0,2,0,0,1,0,0,0,0,0,220,210,45,31,72,0,0,0,0,0,0,0,0,0,0,0,0,4,0,0,1,26,67,150,206,0,3,0,1,22,8,17,14,0,0,0,0,10,284,10,5,0,0,61,9,14,0,4,0,0,61,71,0,0,1,0,0,0,28,0,0,0,9,2,3,1,0,0,8,0,0,0,0,0,0,0,0,0,1,0,0,0,0,0,0,0,0,0,14,0,0,0,3,0,435,2291,0,0,0,386,0,0,2437,0,0,0,0,0,0,0,0,3,0,3,0,6,1626,32,3,104,1,0,0,1,0,97,18,2,5,11220,0,0,0,2,0,0,0,0,0,0,105,46,0,97,5,38,27,97,0,8,0,0,0,0,34,0,58,248,46,0,125,195,0,0,148,0,246,193,98,257,7,0,178,81,132,0,11,2,0,0,0,0,0,0,0,36,36,52,52,0,0,0,197,42,2,0,0,0,135,153,0,295,8,0,212,0,0,4,0,0,0,0,112,164,9,2,0,0,7,0,0,0,588,0,0,0,346,157,952,19,10
"2020-01-12","Rajasthan","8","Tonk","116","Deoli","620","Urban",13,0,0,0,0,0,0,0,0,0,0,0,0,0,0,0,0,0,0,0,0,0,0,0,0,0,0,0,0,0,0,0,0,0,0,0,0,0,0,0,0,0,0,0,0,0,0,0,0,0,0,0,0,0,0,0,0,0,0,0,0,0,0,0,0,0,0,0,0,0,0,0,0,0,0,0,0,0,0,0,0,0,0,0,0,0,0,0,0,0,0,0,0,0,0,0,0,0,0,0,0,0,0,0,0,25,15,0,0,0,0,0,0,0,0,0,0,0,0,0,0,0,0,0,0,0,0,0,0,0,0,0,0,0,0,0,0,0,0,0,0,0,40,0,0,0,0,0,0,0,0,0,0,0,0,40,0,0,0,0,0,0,0,0,0,0,0,0,0,0,0,0,0,0,0,0,0,0,0,0,40,0,0,0,0,0,0,0,0,0,0,0,0,0,0,0,0,0,40,18,0,0,40,0,0,0,0,0,0,0,0,0,0,0,0,0,0,0,0,0,0,0,0,0,0,0,0,0,0,0,0,0,0,0,0,0,0,0,0,0,0,0,0,0,0,0,0,0,0,0,0,0,0,0,0,0,0,0,0,0,0,0,0,0,0,0,0,0,0,0,0,0,0,0,0,0,0,0,15,0,0,0,0,0,0,0
"2020-01-02","Jammu And Kashmir","1","Budgam","2","Others","9999","Total",0,67,0,0,0,0,0,6,0,0,0,0,5,0,0,0,0,0,4,0,0,0,0,0,5,0,4,4,0,5,0,4,4,0,4,4,0,5,6,10,0,0,0,0,0,0,0,0,0,0,0,0,0,0,0,4,2,1,0,5,0,0,0,0,0,0,0,0,0,0,0,0,0,0,0,0,0,0,3,3,0,0,0,0,0,0,0,0,0,0,0,0,0,0,0,0,0,0,0,0,0,0,0,0,0,0,0,0,0,0,0,0,0,0,0,0,0,0,0,0,0,0,0,0,0,0,0,0,0,0,0,0,0,0,0,0,0,0,0,0,0,0,0,50,0,0,0,0,0,0,0,0,0,0,4,0,0,16,0,0,0,0,0,0,0,0,0,0,0,0,0,0,0,0,3,0,0,0,0,0,0,0,0,0,0,0,0,0,0,0,0,0,0,0,0,0,0,0,0,0,5,0,0,0,0,0,0,0,0,0,0,0,0,0,0,9,15,0,0,17,0,19,24,0,0,0,0,8,0,0,0,0,0,0,0,0,0,0,0,0,0,0,0,0,0,0,0,19,0,0,0,0,0,0,0,0,0,0,0,0,0,0,0,0,0,0,0,0,0,0,0,0,0,0,0,0,0,0,0,0,0,19,0,0,0,0
"2019-01-10","Jharkhand","20","Bokaro","322","Bermo","2590","Urban",0,613,0,0,0,6,0,2,1,0,0,0,1,0,0,0,0,10,2,0,0,0,0,0,1,10,3,2,0,1,10,3,2,10,3,2,0,6,0,1,0,0,0,0,0,0,0,0,0,0,0,0,0,0,0,3,3,3,5,0,0,0,0,0,0,0,0,0,0,0,0,0,0,0,0,0,0,0,6,6,0,0,0,0,2,0,0,1,0,0,0,0,0,0,0,0,0,0,0,0,0,0,0,0,0,0,0,0,0,0,0,0,0,0,0,0,0,0,0,0,0,0,0,0,0,0,0,0,0,0,0,0,0,0,0,0,0,0,0,0,0,0,0,95,0,0,0,0,0,0,0,0,0,1,0,0,0,140,0,0,0,0,0,0,0,0,0,0,0,0,0,91,0,0,6,0,0,0,0,0,0,0,0,0,154,0,0,0,0,0,0,0,0,0,0,0,0,0,0,0,0,0,0,0,0,0,0,0,0,0,0,3,3,3,0,3,3,0,0,3,0,2,2,1,1,0,0,3,0,1,0,0,0,0,0,0,0,0,0,0,0,0,0,0,0,0,0,3,0,0,0,0,0,3,19,0,20,0,0,0,0,0,0,0,0,0,0,0,0,0,0,0,0,0,0,0,0,0,0,0,0,3,0,0,0,0
"2019-01-06","Bihar","10","Siwan","222","Mairwa","1240","Total",9,15428,0,0,0,373,0,339,207,0,0,0,270,140,0,0,0,284,290,0,0,0,0,0,295,284,289,290,202,270,284,289,290,0,0,0,0,0,0,0,0,0,0,9,0,0,0,0,0,0,0,0,0,0,0,153,186,36,93,168,0,0,0,0,0,0,0,0,0,0,0,0,0,0,0,0,46,0,119,120,0,1,0,1,14,3,17,3,0,0,0,0,0,602,247,1713,0,0,577,287,0,0,0,1,7,81,99,0,0,0,0,0,1,22,0,0,4,0,0,0,0,0,0,3,0,0,0,0,0,0,1,0,0,0,94,0,0,0,0,3,0,7,0,0,0,0,0,0,0,3,0,0,0,309,311,0,3,4329,0,0,0,0,0,0,0,0,5,0,73,0,0,133,37,6,117,0,0,0,0,0,139,60,12,6,708,0,0,0,0,0,0,0,0,0,0,15,57,0,173,5,50,46,179,0,7,0,0,0,1,45,0,64,109,0,0,322,18,0,0,127,0,316,290,9,178,5,0,323,0,183,0,0,0,3,0,0,0,201,0,0,0,0,0,0,0,0,0,305,6,136,0,0,0,82,6,0,17,1,0,17,0,0,0,0,0,0,0,0,0,0,0,0,0,4,0,0,0,0,3,0,0,327,0,0,74,21
"2020-01-09","Maharashtra","27","Osmanabad","488","Others","9999","Rural",0,18473,13,0,0,0,0,483,361,0,0,0,403,52,0,0,0,417,443,0,0,41,12,69,388,421,400,450,320,403,417,404,443,420,404,442,0,885,1522,2008,53,0,0,1,0,0,0,0,0,0,0,0,0,0,0,226,249,183,170,171,0,0,0,0,0,0,0,0,0,0,0,0,0,0,0,0,15,0,208,208,0,0,0,0,0,0,0,2,2,0,0,0,2,166,24,0,0,0,79,24,2,2,5,0,0,39,25,0,0,0,0,0,0,6,0,0,0,10,7,0,3,1,1,61,0,11,1,16,56,2,0,1,8,0,90,0,0,0,0,0,0,0,0,93,0,0,0,0,0,419,7778,0,0,0,794,0,0,5152,0,0,0,0,0,0,0,0,2,0,0,0,0,455,1,3,211,0,0,0,1,0,62,75,0,11,1090,0,0,0,0,0,0,0,0,1,0,116,130,0,63,1,305,2,61,0,6,0,0,0,0,11,1,542,165,139,0,386,395,0,0,342,0,255,244,174,203,9,9,477,237,418,0,0,1,0,0,0,0,0,0,0,0,0,0,0,0,0,0,413,1,11,0,0,0,145,655,4,471,4,0,132,0,0,0,0,0,0,0,0,0,7,6,0,0,1,0,0,0,1569,0,0,0,420,0,12,9,1
"2020-01-07","Andhra Pradesh","28","Guntur","506","Others","9999","Private",0,0,0,0,0,0,0,4000,2296,0,0,0,14,3596,0,0,500,52,40,0,0,0,0,0,0,0,0,1000,2296,14,0,0,1000,44,26,38,0,2000,0,0,4540,0,0,0,0,0,0,0,0,0,0,0,0,0,0,1000,3000,0,0,0,0,0,0,0,0,0,0,0,0,0,0,0,0,0,0,0,0,0,0,0,0,0,0,0,0,0,0,0,0,0,0,0,0,0,0,0,0,0,0,0,0,0,0,0,0,3722,3874,0,0,0,0,0,0,0,0,1,0,0,0,0,0,0,0,0,0,0,0,0,0,0,0,0,0,0,0,0,0,0,0,0,0,0,0,0,0,0,0,0,0,0,0,0,0,0,0,0,0,0,0,0,0,0,0,0,0,0,0,0,0,0,0,0,0,0,0,0,0,0,0,0,7596,907,164,0,0,0,0,0,0,0,0,0,0,0,0,0,0,0,7596,0,0,0,7596,0,0,0,0,0,574,0,0,0,0,0,0,0,0,0,0,0,0,0,960,40,0,0,0,0,0,0,0,0,0,0,0,0,0,0,0,0,0,0,0,0,0,0,0,0,0,0,0,0,0,0,0,0,0,0,0,0,0,0,0,0,0,0,0,0,0,0,0,0,0,48,0,0,0,0,4006,0,0,0,0,0,0,0
"2019-01-03","Gujarat","24","Dohad","445","Fatepura","3890","Rural",0,17280,1148,0,162,0,0,729,396,0,0,0,479,388,0,0,0,526,724,0,0,0,0,59,402,523,552,738,393,479,523,554,729,496,515,696,0,646,329,398,393,0,0,89,8,0,0,0,0,8,0,5,0,0,0,387,371,416,413,412,0,0,0,0,0,0,0,0,0,0,0,0,11,0,0,1,183,159,269,269,0,0,0,0,2,5,2,0,8,0,0,0,0,662,25,0,0,4,151,192,10,0,0,0,0,183,182,0,0,0,0,0,2,215,0,0,0,14,4,0,0,0,0,13,0,0,0,0,1,0,0,0,0,1,19,0,0,0,0,0,0,0,0,198,0,0,0,0,0,1617,2559,0,0,0,264,0,0,2188,0,0,0,0,0,0,0,0,2,0,7,0,0,1336,0,0,268,0,0,0,0,0,365,157,0,22,9838,0,0,61,73,0,0,0,0,0,0,131,137,0,364,50,352,0,364,0,2,0,0,0,0,17,0,472,281,0,0,533,535,1,0,507,0,425,401,103,429,28,28,464,0,464,0,0,4,2,0,0,0,0,0,0,37,37,34,34,57,57,0,486,68,365,0,0,0,3,99,0,69,0,0,0,0,0,0,0,0,0,0,118,137,12,0,0,0,0,0,0,0,6206,0,0,0,512,9,49,110,0
"2020-01-08","Uttar Pradesh","9","Mathura","167","Others","9999","Urban",0,326,0,0,2,0,0,87,35,0,0,0,87,0,0,0,0,39,41,0,0,0,0,0,82,39,47,41,0,87,39,47,41,39,47,41,0,87,165,195,0,0,0,6,0,0,0,0,0,1,0,0,0,0,0,37,50,18,21,39,0,0,0,0,0,0,0,0,0,0,0,0,0,0,0,0,0,2,25,25,0,0,0,0,0,0,0,0,0,0,0,0,0,0,0,0,0,0,0,0,0,0,0,0,0,0,0,0,0,0,0,0,0,0,0,0,0,0,0,0,0,0,0,0,0,0,0,0,0,0,0,0,0,0,0,0,0,0,0,0,0,0,0,82,0,0,0,0,0,0,52,0,0,0,84,0,0,510,0,0,0,0,0,0,0,0,0,0,23,0,0,0,0,0,25,0,0,0,0,0,0,0,0,0,0,0,0,0,0,0,0,0,0,0,0,0,0,0,0,0,0,0,0,0,0,0,0,0,0,0,0,82,0,0,0,1,1,0,0,7,0,26,23,25,0,0,0,0,0,0,0,0,0,0,0,0,0,0,0,0,1,1,1,1,0,0,0,2,0,0,0,0,1,2,4,0,8,0,0,16,0,0,0,0,0,0,0,0,0,0,0,0,0,0,0,0,0,0,0,0,0,9,0,0,0,0
"2019-01-04","Karnataka","29","Kalaburagi","538","Chittapur","5585","Private",0,0,0,0,0,0,0,0,0,0,0,0,0,0,0,0,0,0,0,0,0,0,0,0,0,0,0,0,0,0,0,0,0,0,0,0,0,0,0,0,0,0,0,0,0,0,0,0,0,0,0,0,0,0,0,0,0,0,0,0,0,0,0,0,0,0,0,0,0,0,0,0,0,0,0,0,0,0,0,0,0,0,0,0,0,0,0,0,0,0,0,0,0,0,0,0,0,0,0,0,0,0,0,0,0,0,0,0,0,0,0,0,0,0,0,0,0,0,0,0,0,0,0,0,0,0,0,0,0,0,0,0,0,0,0,0,0,0,0,0,0,0,0,0,0,0,0,0,0,0,0,0,0,0,0,0,0,0,0,0,0,0,0,0,0,0,0,0,0,0,0,0,0,0,0,0,0,0,0,0,0,0,0,0,0,0,0,0,0,0,0,0,0,0,0,0,0,0,0,0,0,0,0,0,0,0,0,0,0,0,0,0,0,0,0,0,0,0,0,0,0,0,0,0,0,0,0,0,0,0,0,0,0,0,0,0,0,0,0,0,0,0,0,0,0,0,0,0,0,0,0,0,0,0,0,0,0,0,0,0,0,0,0,0,0,0,0,0,0,0,0,0,0,0,0,0,0,0,0,0,0,0,0,0,0,0
"2021-01-05","Telangana","36","Bhadradri Kothagudem","690","Others","9999","Private",0,0,0,0,0,0,0,0,0,0,0,0,0,0,0,0,0,0,0,0,0,0,0,0,0,0,0,0,0,0,0,0,0,0,0,0,0,0,0,0,0,0,0,0,0,0,0,0,0,0,0,0,0,0,0,0,0,0,0,0,0,0,0,0,0,0,0,0,0,0,0,0,0,0,0,0,0,0,0,0,0,0,0,0,0,0,0,0,0,0,0,0,0,0,0,0,0,0,0,0,0,0,0,0,0,233,236,0,0,0,0,0,0,0,0,0,0,0,0,0,0,0,0,0,0,0,0,0,0,0,0,0,0,0,0,0,0,0,0,0,0,0,0,0,0,0,0,0,0,0,0,0,0,0,0,0,0,0,0,0,0,0,0,0,0,0,0,0,0,0,0,0,0,0,0,0,0,0,0,0,469,0,0,0,0,0,0,0,0,0,0,0,0,0,0,0,0,0,233,0,0,0,469,0,0,0,0,0,0,0,0,0,0,0,0,0,0,0,0,0,0,0,0,0,0,0,0,0,0,0,0,0,0,0,0,0,0,0,0,0,0,0,0,0,0,0,0,0,0,0,0,0,0,0,0,0,0,0,0,0,0,0,0,0,0,0,0,0,0,0,0,0,0,0,0,0,0,0,307,0,0,0,0,0,0,0
"2019-01-12","West Bengal","19","Medinipur West","318","Others","9999","Private",0,647,0,0,0,56,0,15,44,0,0,0,14,44,0,0,0,66,67,0,0,0,108,0,13,50,44,40,44,14,50,44,40,50,44,40,118,24,30,6,0,0,0,0,0,0,0,0,0,0,0,0,0,0,0,7,8,50,21,54,0,0,0,0,0,0,0,0,0,0,0,0,0,0,0,0,0,0,8,8,0,0,0,0,0,0,0,0,0,0,0,0,0,0,0,0,0,0,0,0,0,0,0,0,0,253,261,0,0,0,0,0,0,0,0,0,0,0,0,0,0,0,0,0,0,0,0,0,0,0,0,0,0,0,0,0,0,0,0,0,0,0,0,0,0,0,0,0,0,0,0,0,0,70,55,0,0,640,0,0,0,0,0,0,0,0,0,0,0,0,0,0,0,0,0,0,0,0,0,0,514,0,0,0,0,0,0,0,0,0,0,0,0,0,0,0,0,0,514,0,0,0,514,0,0,0,0,0,0,0,0,0,0,0,0,21,21,0,0,0,0,20,9,0,0,0,0,3,0,0,0,0,0,0,0,0,0,0,0,0,0,0,0,0,0,0,0,20,0,0,0,0,0,0,0,0,0,0,0,0,0,0,0,0,0,0,0,0,0,0,0,0,0,0,0,0,0,0,317,0,0,21,0,0,0,0
"2020-01-10","Tamil Nadu","33","Dindigul","572","Vedasandur","5762","Urban",0,0,0,0,0,0,0,0,0,0,0,0,0,0,0,0,0,0,0,0,0,0,0,0,0,0,0,0,0,0,0,0,0,0,0,0,0,0,0,0,0,0,0,0,0,0,0,0,0,0,0,0,0,0,0,0,0,0,0,0,0,0,0,0,0,0,0,0,0,0,0,0,0,0,0,0,0,0,0,0,0,0,0,0,0,0,0,0,0,0,0,0,0,0,0,0,0,0,0,0,0,0,0,0,0,0,0,0,0,0,0,0,0,0,0,0,0,0,0,0,0,0,0,0,0,0,0,0,0,0,0,0,0,0,0,0,0,0,0,0,0,0,0,0,0,0,0,0,0,0,0,0,0,0,0,0,0,0,0,0,0,0,0,0,0,0,0,0,0,0,0,0,0,0,0,0,0,0,0,0,0,0,0,0,0,0,0,0,0,0,0,0,0,0,0,0,0,0,0,0,0,0,0,0,0,0,0,0,0,0,0,0,0,0,0,0,0,0,0,0,0,0,0,0,0,0,0,0,0,0,0,0,0,0,0,0,0,0,0,0,0,0,0,0,0,0,0,0,0,0,0,0,0,0,0,0,0,0,0,0,0,0,0,0,0,0,0,0,0,0,0,0,0,0,0,0,0,0,0,0,0,0,0,0,0,0
"2020-01-08","Gujarat","24","Kheda","450","Kathlal","3872","Public",0,4098,146,0,0,0,0,400,130,0,0,0,236,228,0,0,0,251,230,0,0,0,0,16,236,250,205,218,160,236,254,213,227,247,206,223,0,528,1003,1293,104,0,0,51,0,0,0,0,0,0,0,0,0,0,10,183,217,177,177,182,0,0,0,0,0,0,0,0,2,0,0,0,36,0,0,0,39,0,192,192,0,0,0,0,0,0,2,0,0,0,0,0,0,122,14,182,0,0,38,8,0,0,0,0,0,34,36,0,0,0,0,0,0,60,0,0,0,4,3,0,0,0,0,4,0,0,0,0,0,0,0,0,0,0,0,0,0,0,0,0,0,0,0,175,0,0,0,0,0,4504,6098,1,14,0,337,0,0,4716,0,0,0,0,0,0,0,0,4,0,12,0,41,650,0,0,179,0,0,0,0,0,71,254,0,6,4785,0,0,0,12,0,0,0,0,0,0,71,71,0,70,16,267,0,70,0,9,0,0,0,0,27,0,187,105,40,0,316,315,0,0,260,0,237,255,84,279,36,36,321,0,337,0,4,0,9,0,0,0,124,0,0,0,0,0,0,0,0,0,282,27,37,0,0,0,109,57,0,140,0,0,69,0,0,0,0,0,0,0,19,16,4,3,0,0,1,0,0,0,3252,0,0,0,322,0,5,71,0
"2019-01-10","Haryana","6","Kurukshetra","68","Shahbadm","364","Public",0,9369,857,0,17,93,0,92,60,0,0,0,71,36,0,0,0,88,101,31,0,0,0,31,71,88,86,101,44,71,88,86,101,88,86,101,0,54,20,21,36,0,0,0,0,0,0,0,0,0,0,0,0,0,0,45,47,32,20,66,0,0,0,0,0,0,0,0,0,0,4,0,3,0,0,0,52,12,40,40,0,0,1,0,0,0,1,0,2,0,0,0,0,200,19,553,0,0,150,17,48,0,1,0,0,19,17,0,0,0,0,0,1,179,0,0,0,18,2,4,1,0,0,10,0,3,0,0,0,0,0,0,0,0,19,0,0,2,0,0,0,4,0,0,0,0,0,0,0,0,6281,0,0,71,151,0,0,3640,0,0,0,0,0,0,0,0,0,0,8,0,0,1106,0,0,25,0,0,0,0,0,37,19,3,7,5194,0,0,0,0,0,0,0,0,0,0,33,38,0,36,11,8,0,36,1,0,0,0,0,0,1,0,74,139,135,0,93,73,0,0,49,0,73,73,11,62,2,2,101,20,84,0,0,0,0,0,0,0,8,0,0,17,17,12,12,0,0,0,86,56,3,0,0,0,505,200,1,180,0,0,6,0,0,602,0,0,0,0,173,0,18,2,0,0,0,0,0,0,537,2,0,0,110,11,49,20,0
"2021-01-04","West Bengal","19","Hooghly","312","Others","9999","Total",586,790271,14142,0,1236,6881,0,6887,5898,60,44,0,7532,5151,19,0,0,6358,7626,79,0,36,0,79,7587,6549,6658,7792,5511,7531,6489,6656,7792,6482,6654,7785,0,6878,3222,4481,4552,0,1,1665,297,0,0,6,0,26,13,12,0,4,201,3346,3543,5556,4407,6357,26,0,530,0,0,28,0,307,62,680,2062,136,2034,0,0,7,2367,3335,3016,3089,8,12,0,10,508,493,442,252,721,404,570,2,2267,17584,2172,68254,10,0,13404,2218,159,21,6,0,12,2743,3008,208,12,4,5,0,5,2478,1,273,283,719,179,145,21,0,80,356,0,791,0,108,211,242,1,165,27,3,4540,0,0,2201,1820,1,0,355,574,8479,0,0,0,4,2,228047,271386,6,3,7491,59101,135,34,162313,0,0,0,0,0,0,239,16,247,38,223,0,521,43959,0,0,2627,0,0,0,8,0,5677,1102,241,299,289673,20,2264,2,256,0,0,0,0,2,0,7112,6704,0,4768,1063,4448,0,5340,1,421,37,56,6,781,1961,265,11097,9480,1148,0,6995,6568,185,0,6544,0,9670,8354,453,3826,68,108,6703,96,7265,16,7760,4,31,0,101,2067,2247,0,715,692,1236,2603,3335,0,520,189,9327,4101,136,45,73,221,10614,7894,16,10391,871,0,15059,183,0,65218,11,0,0,4032,23869,5080,627,178,139,172,80,0,0,0,44702,3612,2,948,11551,23,496,5984,60
"2020-01-11","Jharkhand","20","Deoghar","324","Karon","2552","Total",10,2586,0,0,9,0,0,505,369,0,0,0,271,210,0,0,0,402,408,0,0,0,0,24,263,402,403,408,181,271,402,403,408,402,403,408,0,311,240,257,229,0,0,2,0,0,0,0,0,0,0,0,0,0,0,248,257,326,321,202,0,0,0,0,0,0,0,0,0,0,0,0,0,0,0,0,0,10,196,199,0,0,0,0,17,7,17,11,0,0,0,0,0,58,3,62,0,0,7,4,0,0,0,0,0,124,144,0,0,0,0,0,0,0,0,1,5,0,0,0,0,0,0,0,0,0,0,0,0,0,0,0,0,0,114,0,0,0,0,0,0,0,0,293,0,0,0,0,0,92,1015,0,0,0,962,0,0,3204,0,0,0,0,0,0,0,0,9,0,288,0,0,584,0,0,194,0,0,0,0,0,271,76,0,12,1215,0,0,0,0,0,0,0,0,1,0,246,254,0,268,5,231,0,268,2,2,0,0,0,0,24,11,296,488,215,0,300,277,0,0,165,0,228,262,95,95,0,0,352,0,305,0,0,0,26,0,0,0,12,0,0,9,9,10,10,0,0,3,227,0,271,0,0,2,70,92,0,66,2,0,198,0,0,87,0,0,0,0,0,2740,0,0,0,0,3,0,0,0,2924,0,0,0,316,0,0,244,0
"2020-01-08","Maharashtra","27","Thane","497","Shahapur","4167","Rural",1,17634,760,0,5,0,0,531,533,0,0,0,522,259,0,0,0,513,511,0,0,0,33,17,518,502,477,505,337,521,502,478,505,517,487,511,0,478,560,506,200,0,0,9,0,0,0,0,0,0,0,0,0,0,0,229,276,394,390,467,0,0,0,0,0,0,0,0,0,0,35,53,27,0,0,0,128,5,359,375,0,2,0,1,3,0,1,1,0,0,0,0,4,384,201,657,0,0,233,64,1,0,2,0,0,114,151,0,0,1,0,2,0,51,0,0,9,4,3,33,1,1,0,30,0,5,0,2,12,0,0,0,0,1,225,0,0,24,23,0,0,0,0,0,0,0,0,0,1,272,11079,0,0,0,780,0,6,2801,0,0,0,0,0,0,0,0,2,7,0,0,0,1547,3,5,329,0,0,0,1,0,257,33,0,8,1949,0,141,0,0,0,0,0,0,0,0,283,278,0,253,15,69,14,258,0,3,0,0,0,0,24,6,215,264,128,0,541,529,10,0,366,0,324,378,130,799,21,27,468,128,794,0,0,0,403,0,0,0,19,0,0,5,5,5,5,0,0,8,326,14,105,0,0,0,61,135,17,159,12,0,62,0,0,281,0,0,0,26,120,244,4,3,3,11,0,0,0,0,2250,0,0,0,391,0,0,219,8
"2019-01-06","Uttarakhand","5","Udam Singh Nagar","56","Kashipur","346","Urban",0,8210,0,0,77,207,0,207,173,0,0,0,211,174,0,0,0,189,212,0,0,0,0,0,211,189,209,212,174,211,189,202,212,0,0,0,0,0,0,0,174,0,0,0,0,0,0,0,0,0,0,0,0,0,0,97,110,25,21,121,0,0,0,0,0,0,0,0,1,0,19,0,122,0,0,1,103,101,32,32,0,0,0,0,0,0,0,0,0,1,0,0,5,397,122,0,0,0,183,115,9,0,10,0,0,93,81,0,0,0,0,0,2,78,0,2,0,66,30,28,0,0,0,0,0,0,0,0,0,0,0,0,0,0,0,0,0,40,477,0,0,0,0,0,0,0,0,0,0,0,0,0,0,211,602,41,0,3370,0,0,0,0,0,0,0,0,39,0,60,0,49,609,0,0,32,0,0,0,0,0,175,63,2,3,5935,0,2,0,32,0,0,0,0,0,0,0,0,0,149,18,92,0,174,1,53,0,0,0,2,10,3,0,317,545,0,375,375,0,0,0,0,170,179,31,602,7,7,157,0,157,0,0,0,0,0,0,61,20,0,5,77,0,101,0,0,3,0,185,602,156,0,0,181,530,394,12,270,32,0,1193,30,0,472,0,0,0,64,324,0,59,7,0,0,3,0,0,0,28,19,0,0,225,16,57,113,12
"2019-01-04","Tamil Nadu","33","Nagapattinam","579","Kuthalam","5797","Public",4,40874,4118,0,8,0,0,294,122,0,0,0,267,122,0,0,0,253,247,0,0,0,0,21,273,254,256,251,122,270,253,258,244,253,256,250,0,0,0,0,123,0,0,89,1,0,0,0,0,0,0,0,0,0,210,134,136,30,8,111,0,0,0,0,0,0,0,0,4,0,3,0,40,0,0,0,138,9,188,190,0,0,0,0,3,1,2,2,2,0,0,0,77,455,65,765,0,0,382,63,0,0,0,0,0,1,1,0,0,0,0,0,0,132,0,0,0,22,1,0,6,0,1,6,0,12,0,1,19,3,0,1,2,0,88,0,0,0,0,0,0,0,12,5,0,0,0,0,0,0,104,0,0,0,32,0,0,590,0,0,0,0,0,0,0,0,0,0,6,0,10,1325,0,0,3,0,0,0,1,0,2,27,0,5,14773,0,0,0,10,0,0,0,0,0,0,2,2,0,1,1,0,0,2,0,0,0,0,0,0,1,0,6,133,72,0,90,0,0,1,0,0,321,259,0,378,2,0,118,307,418,2,0,1,0,0,0,0,215,0,0,8,2,9,2,0,0,0,327,15,0,0,0,3,471,1810,3,2321,3,0,151,2,0,40,0,0,0,31,38,0,183,128,0,0,0,0,0,0,991,0,0,0,332,0,87,0,0
"2019-01-01","Kerala","32","Kozhikode","561","Govt Hospital  Vatakara","5638","Rural",0,60538,0,0,0,0,0,82,25,0,0,0,88,24,0,0,0,144,117,0,0,0,59,9,0,136,114,111,25,88,136,114,111,136,106,18,0,82,33,32,24,0,0,53,21,0,0,0,0,0,0,0,0,0,23,42,40,18,2,32,0,0,0,0,0,0,24,0,1,0,0,1,3,0,0,0,184,0,15,15,0,0,0,0,5,0,2,1,0,6,3,0,0,366,90,3841,0,0,259,94,0,0,0,0,0,8,16,51,0,0,0,0,0,248,0,0,0,33,31,0,0,0,0,0,0,0,0,0,0,0,0,0,0,0,0,0,0,19,22,0,0,1,0,1,0,0,0,0,0,0,5,0,0,0,10,0,0,390,0,0,0,0,0,0,1,0,0,0,3,0,0,3186,0,0,15,0,0,0,0,0,24,10,0,2,31743,0,8,0,0,0,0,0,0,0,0,37,40,0,24,2,0,0,24,0,0,0,0,0,2,0,1,14,88,0,0,50,51,0,0,0,0,45,55,0,4,0,0,20,1,0,1,0,0,0,0,0,69,233,0,0,0,0,0,0,0,0,0,19,19,0,0,0,185,2783,551,0,2349,152,0,947,17,0,11873,0,0,0,0,1386,90,33,31,0,0,0,0,0,0,223,5,0,22,26,8,60,33,0
"2020-01-04","Chhattisgarh","22","Surajpur","648","Others","9999","Private",0,0,0,0,0,0,0,0,0,0,0,0,0,0,0,0,0,0,0,0,0,0,0,0,0,0,0,0,0,0,0,0,0,0,0,0,0,0,0,0,0,0,0,0,0,0,0,0,0,0,0,0,0,0,0,0,0,0,0,0,0,0,0,0,0,0,0,0,0,0,0,0,0,0,0,0,0,0,0,0,0,0,0,0,0,0,0,0,0,0,0,0,0,0,0,0,0,0,0,0,0,0,0,0,0,0,0,0,0,0,0,0,0,0,0,0,0,0,0,0,0,0,0,0,0,0,0,0,0,0,0,0,0,0,0,0,0,0,0,0,0,0,0,0,0,0,0,0,0,0,0,0,0,0,0,0,0,0,0,0,0,0,0,0,0,0,0,0,0,0,0,0,0,0,0,0,0,0,0,0,0,0,0,0,0,0,0,0,0,0,0,0,0,0,0,0,0,0,0,0,0,0,0,0,0,0,0,0,0,0,0,0,0,0,0,0,0,0,0,0,0,0,0,0,0,0,0,0,0,0,0,0,0,0,0,0,0,0,0,0,0,0,0,0,0,0,0,0,0,0,0,0,0,0,0,0,0,0,0,0,0,0,0,0,0,0,0,0,0,0,0,0,0,0,0,0,0,0,0,0,0,0,0,0,0,0
"2019-01-05","Haryana","6","Bhiwani","59","Bawani Khera","397","Public",0,3948,0,0,135,0,0,0,26,0,0,0,0,26,0,0,0,0,0,0,0,0,0,0,0,0,0,0,26,0,0,0,0,0,0,0,0,0,0,0,26,0,0,0,0,0,0,0,0,0,0,0,0,0,0,0,0,0,0,0,0,0,0,0,0,0,0,0,0,0,0,0,0,0,0,1,126,97,0,0,0,0,0,0,0,0,0,0,0,0,0,0,11,47,16,0,0,0,8,12,0,0,0,0,0,11,19,0,0,0,0,0,1,365,0,0,0,0,0,0,0,0,0,0,0,0,0,0,0,0,0,0,0,0,0,0,0,0,0,0,0,0,0,0,0,0,0,0,0,0,0,0,0,0,0,0,0,0,0,0,0,0,0,0,0,0,0,0,0,0,1,342,0,0,0,0,0,0,0,0,31,10,27,2,2190,0,33,0,151,0,0,0,0,0,0,31,31,0,29,6,0,0,31,0,0,0,0,0,0,1,2,0,0,151,0,6,8,0,0,6,0,0,0,0,0,0,0,6,6,6,0,0,0,0,0,0,0,0,0,0,0,0,7,7,0,0,0,0,10,4,0,0,2,220,56,0,49,0,0,136,0,0,160,0,0,0,0,0,0,0,0,0,0,1,0,0,0,0,0,0,0,0,8,66,0,0
"2020-01-05","Bihar","10","Bhojpur","193","Piro","1429","Total",0,175,0,0,0,573,0,573,430,0,0,0,619,96,0,0,0,641,435,5,0,0,0,5,610,641,427,435,127,619,641,427,435,641,427,435,0,568,444,116,0,0,0,0,0,0,0,0,0,0,0,0,0,0,0,286,287,141,273,278,0,0,0,0,0,0,0,0,0,0,0,0,0,0,0,0,0,0,198,211,0,0,0,0,7,2,8,8,0,0,0,0,0,135,2,66,0,0,23,4,0,0,0,0,0,89,95,0,0,0,0,0,0,0,0,0,0,0,0,0,0,0,0,0,0,0,0,0,0,0,0,0,0,0,56,0,0,0,0,0,0,0,0,101,0,0,0,0,0,10,5,0,0,618,77,0,0,1407,0,0,0,0,0,0,0,0,0,0,91,0,0,35,80,0,155,0,0,0,0,0,107,12,0,4,0,0,0,0,0,0,0,0,0,0,0,80,80,0,184,13,85,80,184,0,0,0,0,0,0,0,0,178,0,0,0,537,499,0,0,236,0,369,175,285,18,0,0,639,0,97,0,0,0,0,0,0,0,0,0,58,0,0,0,0,0,0,0,655,35,107,0,0,0,0,0,0,0,0,0,0,0,0,0,0,0,0,0,0,0,0,0,0,0,3,0,0,0,0,0,0,0,667,0,0,80,80
"2020-01-05","Odisha","21","Baleshwar","346","Bhograi","2891","Rural",16,15131,3895,0,4,337,0,363,199,0,0,0,281,173,0,0,0,265,232,2,0,0,0,2,280,261,205,224,199,280,261,205,224,258,205,223,0,365,0,0,139,0,22,44,1,0,0,0,0,2,0,0,0,0,47,187,176,387,310,300,0,0,0,0,0,0,0,0,1,2,0,5,14,0,0,0,2,18,96,98,0,0,0,0,2,0,1,0,1,3,1,0,44,304,83,184,0,0,32,67,11,0,1,0,0,81,60,0,0,0,0,0,0,99,0,8,3,31,21,0,1,1,2,61,0,7,0,0,0,0,0,0,0,0,184,0,0,0,0,0,0,24,12,1,0,0,0,0,0,0,11388,0,0,239,250,0,0,1071,0,0,0,0,0,0,0,0,5,0,15,0,0,477,0,2,92,0,0,0,0,0,141,159,0,0,2012,0,0,0,6,0,0,0,0,0,0,15,16,0,141,20,203,0,141,0,4,0,0,0,0,16,4,125,184,175,0,109,66,0,0,63,0,267,222,16,179,1,1,202,0,202,0,9,0,0,0,0,0,375,0,0,4,4,18,18,0,0,1,281,2,12,0,0,2,199,240,2,429,7,0,173,3,0,1100,0,0,0,0,110,1669,31,21,0,0,2,0,0,0,51,0,0,0,309,2,12,191,2
"2019-01-05","Gujarat","24","Jamnagar","447","Jamjodhpur","3821","Public",2,11340,152,0,18,0,0,182,185,0,0,0,173,36,0,0,0,158,195,0,0,0,0,0,165,184,203,226,36,173,184,198,227,0,0,0,0,150,0,0,36,0,0,223,0,0,0,0,0,0,0,0,0,0,0,82,100,129,131,107,0,0,0,0,0,0,0,0,0,0,0,1,58,0,0,0,92,13,132,132,0,0,0,1,1,0,0,0,0,0,0,0,46,166,21,22,0,0,37,22,0,0,0,0,0,13,21,0,0,0,0,0,0,140,0,0,0,0,0,24,0,1,1,4,0,6,0,0,0,0,0,0,2,0,0,0,0,0,0,0,0,0,0,0,0,0,0,1,0,641,2917,0,0,0,643,0,0,6908,0,0,0,0,0,0,0,0,2,0,0,0,0,650,0,0,111,0,0,0,0,0,35,110,0,26,4473,5,0,0,0,0,0,0,0,0,0,34,34,0,34,4,9,0,34,0,1,0,0,0,0,9,1,289,195,19,0,234,231,1,0,209,0,221,190,23,123,3,4,152,0,235,0,0,2,5,0,0,5,46,0,0,18,18,13,13,3,0,0,196,7,35,0,0,0,9,1035,0,1018,0,0,0,0,0,502,0,0,0,0,105,14,0,0,0,0,1,0,0,0,1892,0,0,0,236,0,1,34,0
"2019-01-08","Odisha","21","Nayagarh","367","Others","9999","Rural",16,7762,1303,0,0,0,0,152,31,0,0,0,109,24,0,0,0,135,116,0,0,0,0,0,113,137,131,115,27,109,137,131,115,142,135,122,0,152,905,947,24,0,0,78,2,0,0,0,0,0,0,0,0,0,0,72,80,3,11,97,0,0,0,0,0,0,0,5,1,11,3,10,10,0,0,0,10,0,72,72,0,0,0,0,2,0,0,0,5,0,0,0,103,198,8,123,0,0,113,8,12,0,22,0,0,9,18,0,0,0,0,0,0,17,0,1,2,0,0,0,0,0,0,55,0,1,0,0,0,0,0,0,0,0,106,0,0,0,0,0,0,63,3,0,0,0,0,0,0,5783,5952,0,0,0,775,0,0,5524,0,0,0,0,0,0,0,0,3,0,0,0,1,813,3,0,72,0,0,0,0,0,24,6,0,2,692,0,0,0,3,0,0,0,0,0,0,10,86,0,25,5,74,0,27,0,32,0,1,0,0,11,3,119,70,53,0,118,35,0,0,115,0,117,109,9,100,0,0,106,69,106,1,0,0,9,0,0,0,93,0,0,0,0,0,0,0,0,2,116,4,0,0,0,0,111,42,1,71,4,0,177,9,0,40,0,0,0,0,0,1122,0,0,0,0,0,0,0,0,109,0,0,0,126,12,46,81,3
"2020-01-10","Ladakh","37","Leh Ladakh","9","Others","9999","Public",17,21412,2213,0,24,0,0,140,151,0,0,0,138,145,0,0,0,148,153,0,0,0,0,0,138,148,138,153,151,138,148,138,153,148,138,153,0,141,82,136,149,0,0,54,5,0,0,0,0,2,6,0,0,0,0,54,86,125,57,165,0,0,2,0,0,0,0,1,2,0,41,0,27,0,0,0,19,16,164,164,0,0,0,0,9,4,4,7,15,5,8,0,11,332,25,2521,3,0,245,40,0,2,0,0,0,66,84,24,0,0,0,0,0,41,0,2,10,31,0,0,1,0,1,10,0,0,0,0,9,1,0,1,0,0,19,0,0,39,39,0,0,0,46,0,0,0,0,0,0,4,2,0,0,0,159,0,0,629,0,0,0,0,0,0,0,0,9,0,0,0,0,467,0,0,157,0,0,0,0,0,147,28,0,22,12988,0,4,0,0,0,0,0,0,0,0,147,147,0,142,14,38,2,150,0,5,0,0,0,5,8,3,170,69,57,0,123,123,3,0,21,0,89,65,14,37,0,0,79,61,52,2,0,1,0,0,0,24,501,0,0,5,19,2,12,0,0,9,104,15,3,0,0,1,1501,27,1,721,177,2,723,3,0,584,0,0,0,550,1016,0,31,0,4,16,0,0,0,0,0,39,0,0,126,0,3,62,0
"2020-01-12","Karnataka","29","Vijayanagar","738","Others","9999","Urban",0,0,0,0,0,0,0,0,0,0,0,0,0,0,0,0,0,0,0,0,0,0,0,0,0,0,0,0,0,0,0,0,0,0,0,0,0,0,0,0,0,0,0,0,0,0,0,0,0,0,0,0,0,0,0,0,0,0,0,0,0,0,0,0,0,0,0,0,0,0,0,0,0,0,0,0,0,0,0,0,0,0,0,0,0,0,0,0,0,0,0,0,0,0,0,0,0,0,0,0,0,0,0,0,0,0,0,0,0,0,0,0,0,0,0,0,0,0,0,0,0,0,0,0,0,0,0,0,0,0,0,0,0,0,0,0,0,0,0,0,0,0,0,0,0,0,0,0,0,0,0,0,0,0,0,0,0,0,0,0,0,0,0,0,0,0,0,0,0,0,0,0,0,0,0,0,0,0,0,0,0,0,0,0,0,0,0,0,0,0,0,0,0,0,0,0,0,0,0,0,0,0,0,0,0,0,0,0,0,0,0,0,0,0,0,0,0,0,0,0,0,0,0,0,0,0,0,0,0,0,0,0,0,0,0,0,0,0,0,0,0,0,0,0,0,0,0,0,0,0,0,0,0,0,0,0,0,0,0,0,0,0,0,0,0,0,0,0,0,0,0,0,0,0,0,0,0,0,0,0,0,0,0,0,0,0
"2020-01-12","Maharashtra","27","Nandurbar","486","Akkalkuwa","3950","Total",14,14800,679,0,328,0,0,442,565,0,0,0,482,329,0,0,0,615,602,0,0,0,0,0,476,610,563,599,441,473,606,555,603,592,549,589,0,440,133,92,368,0,0,7,3,0,0,0,0,7,0,28,0,0,5,218,221,419,328,425,0,0,0,0,0,0,0,2,4,1,14,14,37,0,0,0,413,420,458,458,0,4,0,1,2,0,2,0,10,0,0,0,14,552,96,646,0,0,194,67,33,0,2,0,0,240,244,0,0,0,0,0,1,484,0,0,2,38,60,22,0,1,0,15,0,6,0,0,2,3,0,2,1,0,422,0,0,3,3,0,0,0,32,19,0,0,0,2,0,398,1895,31,13,0,747,3,0,2103,0,0,0,0,0,0,0,0,4,0,0,0,207,1657,60,70,428,0,0,0,2,1,354,21,0,12,7125,0,42,0,179,0,0,0,0,0,0,401,401,0,476,90,161,127,479,0,7,0,1,0,0,78,60,376,1015,148,0,471,471,35,0,351,48,250,222,207,487,36,28,395,148,418,0,0,2,2567,0,0,3,20,0,0,230,328,327,420,0,0,2,347,41,188,0,0,6,53,46,0,93,1,0,51,3,0,761,0,0,0,0,56,920,6,4,9,7,4,0,0,0,3946,3,0,0,477,35,50,149,101
"2021-01-04","Bihar","10","Samastipur","217","Sarairanjan","1295","Private",0,0,0,0,0,0,0,0,0,0,0,0,0,0,0,0,0,0,0,0,0,0,0,0,0,0,0,0,0,0,0,0,0,0,0,0,0,0,0,0,0,0,0,0,0,0,0,0,0,0,0,0,0,0,0,0,0,0,0,0,0,0,0,0,0,0,0,0,0,0,0,0,0,0,0,0,0,0,0,0,0,0,0,0,0,0,0,0,0,0,0,0,0,0,0,0,0,0,0,0,0,0,0,0,0,0,0,0,0,0,0,0,0,0,0,0,0,0,0,0,0,0,0,0,0,0,0,0,0,0,0,0,0,0,0,0,0,0,0,0,0,0,0,0,0,0,0,0,0,0,0,0,0,0,0,0,0,0,0,0,0,0,0,0,0,0,0,0,0,0,0,0,0,0,0,0,0,0,0,0,0,0,0,0,0,0,0,0,0,0,0,0,0,0,0,0,0,0,0,0,0,0,0,0,0,0,0,0,0,0,0,0,0,0,0,0,0,0,0,0,0,0,0,0,0,0,0,0,0,0,0,0,0,0,0,0,0,0,0,0,0,0,0,0,0,0,0,0,0,0,0,0,0,0,0,0,0,0,0,0,0,0,0,0,0,0,0,0,0,0,0,0,0,0,0,0,0,0,0,0,0,0,0,0,0,0
"2020-01-02","Rajasthan","8","Baran","89","Kishanganj","674","Rural",7,17483,671,0,84,0,0,237,153,0,0,0,349,5,0,0,0,343,295,0,0,0,0,0,343,366,326,312,135,349,359,327,315,363,328,307,32,253,140,100,134,0,0,64,0,0,0,0,0,0,0,2,0,0,0,113,124,108,82,169,0,0,0,0,0,0,0,0,2,0,0,0,5,0,0,0,97,372,284,288,0,2,0,0,58,8,32,16,5,0,0,0,22,138,64,318,0,0,66,65,0,2,2,0,0,78,62,0,0,0,0,0,0,97,0,0,2,2,0,3,0,0,0,6,0,0,0,0,1,0,0,0,0,0,18,0,0,0,0,0,0,0,3,156,0,0,0,1,0,543,4360,0,0,0,1068,0,3,8510,0,0,0,0,0,0,0,0,5,0,46,0,15,1643,4,0,213,0,0,0,0,0,135,3,0,7,6458,27,0,0,20,0,0,0,0,0,0,166,233,0,135,25,65,0,135,0,38,0,0,0,0,30,2,518,424,250,0,240,224,0,0,226,0,224,181,193,387,3,3,179,0,176,0,70,1,18,0,0,0,0,0,0,60,67,281,292,0,0,1,333,54,2,0,0,2,116,641,6,321,3,0,255,0,0,7,0,0,0,0,110,37,2,0,0,0,0,0,0,0,712,0,0,0,417,16,509,2,0
"2019-01-10","Bihar","10","Madhubani","206","Phulparas Old","1087","Rural",0,11571,2180,0,0,0,0,389,619,0,0,0,311,310,0,0,0,333,256,0,0,0,0,0,311,333,279,256,310,311,333,279,256,263,154,76,0,0,0,0,310,0,0,0,0,0,0,0,0,0,0,0,0,0,0,191,198,46,99,199,0,0,0,0,0,0,0,0,4,0,0,0,259,0,0,4,30,0,132,132,0,0,0,0,17,3,6,4,0,0,0,0,0,331,40,328,0,0,120,80,0,0,0,0,1,168,183,0,0,0,0,0,0,26,0,0,3,0,0,0,0,0,0,0,0,0,0,0,0,0,0,0,0,0,132,0,0,0,0,0,0,0,0,209,0,0,0,0,0,2046,0,0,0,0,136,0,0,4045,0,0,0,0,0,0,0,0,2,0,36,0,0,24,27,4,132,0,0,0,0,0,328,26,0,2,478,0,0,0,0,0,0,0,0,0,0,351,351,0,351,32,15,26,351,0,0,0,0,0,0,27,0,207,312,0,0,293,293,0,0,251,0,249,195,184,116,0,0,271,15,148,0,0,0,0,0,0,0,259,0,0,0,0,0,0,0,4,0,291,0,328,0,0,0,434,0,0,0,0,0,0,0,0,537,0,0,0,0,341,17,0,0,0,0,6,0,0,0,0,0,0,0,474,0,0,41,41
"2020-01-04","Karnataka","29","Ballari","528","Siruguppa","5499","Private",0,0,0,0,0,0,0,0,0,0,0,0,0,0,0,0,0,0,0,0,0,0,0,0,0,0,0,0,0,0,0,0,0,0,0,0,0,0,0,0,0,0,0,0,0,0,0,0,0,0,0,0,0,0,0,0,0,0,0,0,0,0,9,0,0,0,0,0,0,0,0,0,0,0,0,0,0,0,0,0,0,0,0,0,0,0,0,0,0,0,0,0,0,0,0,0,0,0,0,0,0,0,0,0,0,37,47,0,0,0,0,0,0,0,0,0,0,1,2,0,0,0,0,0,0,0,0,0,0,0,0,0,0,0,0,0,0,0,0,0,0,0,0,12,0,0,0,0,0,0,0,0,0,0,0,0,0,0,0,0,0,0,0,0,0,0,0,0,0,0,0,0,0,0,0,0,0,0,0,0,84,8,0,0,0,0,0,0,0,0,0,0,0,0,0,10,10,0,84,0,0,0,84,0,0,2,0,0,0,0,0,0,0,12,0,56,56,0,0,28,0,13,15,14,29,2,2,63,8,36,0,0,0,0,0,0,0,0,0,0,0,0,0,0,0,0,0,0,0,28,0,0,0,0,0,0,0,0,0,0,0,0,0,0,0,0,0,0,0,1,2,0,0,0,0,0,0,0,0,0,0,0,0,0,13,0
"2019-01-10","Arunachal Pradesh","12","Lower Dibang Valley","235","Dambuk Paglam","1725","Urban",0,0,0,0,0,0,0,0,0,0,0,0,0,0,0,0,0,0,0,0,0,0,0,0,0,0,0,0,0,0,0,0,0,0,0,0,0,0,0,0,0,0,0,0,0,0,0,0,0,0,0,0,0,0,0,0,0,0,0,0,0,0,0,0,0,0,0,0,0,0,0,0,0,0,0,0,0,0,0,0,0,0,0,0,0,0,0,0,0,0,0,0,0,0,0,0,0,0,0,0,0,0,0,0,0,0,0,0,0,0,0,0,0,0,0,0,0,0,0,0,0,0,0,0,0,0,0,0,0,0,0,0,0,0,0,0,0,0,0,0,0,0,0,0,0,0,0,0,0,0,0,0,0,0,0,0,0,0,0,0,0,0,0,0,0,0,0,0,0,0,0,0,0,0,0,0,0,0,0,0,0,0,0,0,0,0,0,0,0,0,0,0,0,0,0,0,0,0,0,0,0,0,0,0,0,0,0,0,0,0,0,0,0,0,0,0,0,0,0,0,0,0,0,0,0,0,0,0,0,0,0,0,0,0,0,0,0,0,0,0,0,0,0,0,0,0,0,0,0,0,0,0,0,0,0,0,0,0,0,0,0,0,0,0,0,0,0,0,0,0,0,0,0,0,0,0,0,0,0,0,0,0,0,0,0,0
"2020-01-04","Nagaland","13","Phek","248","Others","9999","Private",0,0,0,0,0,0,0,0,0,0,0,0,0,0,0,0,0,0,0,0,0,0,0,0,0,0,0,0,0,0,0,0,0,0,0,0,0,0,0,0,0,0,0,0,0,0,0,0,0,0,0,0,0,0,0,0,0,0,0,0,0,0,0,0,0,0,0,0,0,0,0,0,0,0,0,0,0,0,0,0,0,0,0,0,0,0,0,0,0,0,0,0,0,0,0,0,0,0,0,0,0,0,0,0,0,0,0,0,0,0,0,0,0,0,0,0,0,0,0,0,0,0,0,0,0,0,0,0,0,0,0,0,0,0,0,0,0,0,0,0,0,0,0,0,0,0,0,0,0,0,0,0,0,0,0,0,0,0,0,0,0,0,0,0,0,0,0,0,0,0,0,0,0,0,0,0,0,0,0,0,0,0,0,0,0,0,0,0,0,0,0,0,0,0,0,0,0,0,0,0,0,0,0,0,0,0,0,0,0,0,0,0,0,0,0,0,0,0,0,0,0,0,0,0,0,0,0,0,0,0,0,0,0,0,0,0,0,0,0,0,0,0,0,0,0,0,0,0,0,0,0,0,0,0,0,0,0,0,0,0,0,0,0,0,0,0,0,0,0,0,0,0,0,0,0,0,0,0,0,0,0,0,0,0,0,0
"2019-01-08","Himachal Pradesh","2","Shimla","23","Block Medical Office Rampur","177","Total",17,33452,0,0,11,0,0,102,274,0,0,0,77,265,0,0,0,113,78,0,0,0,0,0,77,113,69,78,268,77,113,69,78,113,69,78,0,90,0,0,269,0,0,15,8,0,0,0,0,0,0,0,0,0,26,39,63,0,0,1,0,0,0,0,0,0,0,18,2,4,0,27,83,0,0,0,122,4,45,45,0,0,0,1,1,0,1,0,67,6,6,0,34,956,347,2147,2,0,627,290,295,15,57,0,0,144,127,0,0,0,0,0,0,176,0,1,5,24,0,66,1,0,0,1,0,5,0,2,1,0,0,4,0,0,83,0,0,66,66,0,0,0,2,0,0,0,0,0,0,52,1562,0,0,0,422,0,0,2944,0,0,0,0,0,0,0,1,5,0,2,0,23,705,2,0,36,0,1,0,0,1,268,3,3,1,3543,0,20,0,34,0,0,0,0,0,0,11,12,0,271,44,70,0,271,0,38,0,0,0,0,3,12,76,87,60,0,99,97,0,0,71,0,0,0,0,31,1,0,72,30,44,2,0,0,0,0,0,199,65,0,24,6,5,3,1,0,0,5,69,8,212,19,17,0,605,936,0,967,0,0,57,0,0,6108,0,0,0,0,1929,13,35,5,15,15,3,0,0,0,13,55,0,0,76,6,161,79,2
"2020-01-12","Andhra Pradesh","28","West Godavari","523","Akividu","4975","Rural",0,9527,0,0,7,0,0,25,56,0,0,0,33,14,0,0,0,43,43,0,0,0,0,0,33,43,62,43,14,33,43,62,43,43,62,43,0,24,36,63,14,0,0,0,0,0,0,0,0,0,0,0,0,0,0,11,14,36,56,63,0,0,0,0,0,0,0,0,0,0,0,3,32,0,0,1,6,11,30,30,0,0,0,0,0,0,0,0,0,0,0,0,0,101,16,559,0,0,129,25,0,0,0,0,0,8,6,0,0,0,0,0,3,5,0,0,0,0,0,0,0,0,0,41,0,0,0,0,0,0,0,0,0,0,59,0,0,0,0,0,0,0,0,0,0,0,0,0,0,148,184,0,0,0,285,0,0,2244,0,0,0,0,0,0,0,0,7,0,0,0,0,280,0,0,30,0,0,0,0,0,14,24,0,0,1874,0,0,0,0,0,0,0,0,0,0,59,0,0,14,0,41,0,14,0,5,0,0,0,0,0,0,52,31,63,0,60,0,0,0,53,0,52,44,0,76,0,0,68,0,80,0,0,0,0,0,0,0,51,0,0,7,7,11,11,0,0,0,52,0,0,0,0,0,44,187,15,208,0,0,153,0,0,164,0,0,0,0,0,0,0,0,0,0,0,0,0,0,97,0,0,0,52,0,62,59,0
"2019-01-04","Bihar","10","Nalanda","209","Ekangsarai","1391","Public",0,8030,1265,0,0,363,0,370,270,0,0,0,409,150,0,0,0,351,444,1,0,0,0,1,416,351,362,444,175,409,351,362,444,0,0,0,0,0,0,0,7,0,0,0,0,0,0,0,0,0,0,0,0,0,0,156,214,37,43,232,0,0,0,0,0,0,0,0,0,0,0,0,0,0,0,0,26,0,212,212,0,0,0,0,16,11,7,8,0,0,0,0,0,151,42,261,0,0,2,61,0,0,0,0,0,60,85,0,0,0,0,0,0,42,0,0,0,0,0,0,0,0,0,0,0,0,0,0,0,0,0,0,0,0,148,0,0,0,0,0,0,0,0,0,0,0,0,0,0,0,0,0,0,403,139,0,0,871,0,0,0,0,0,0,0,0,0,0,0,0,0,105,12,27,212,0,0,0,0,0,99,25,21,20,141,0,0,0,0,0,0,0,0,0,0,18,18,0,145,16,99,39,145,0,0,0,0,0,0,0,0,0,0,0,0,229,212,0,0,173,0,223,190,157,279,1,0,331,0,309,0,0,0,0,0,0,21,174,0,0,0,0,0,0,0,0,0,277,52,99,0,0,0,234,0,0,0,0,0,0,0,0,0,0,0,0,0,0,0,0,0,0,0,0,0,0,0,0,0,0,0,380,0,0,18,18
"2019-01-01","Uttar Pradesh","9","Unnao","186","Safipur","814","Urban",0,0,0,0,0,0,0,0,0,0,0,0,0,0,0,0,0,0,0,0,0,0,0,0,0,0,0,0,0,0,0,0,0,0,0,0,0,0,0,0,0,0,0,0,0,0,0,0,0,0,0,0,0,0,0,0,0,0,0,0,0,0,0,0,0,0,0,0,0,0,0,0,0,0,0,0,0,0,0,0,0,0,0,0,0,0,0,0,0,0,0,0,0,0,0,0,0,0,0,0,0,0,0,0,0,0,0,0,0,0,0,0,0,0,0,0,0,0,0,0,0,0,0,0,0,0,0,0,0,0,0,0,0,0,0,0,0,0,0,0,0,0,0,0,0,0,0,0,0,0,0,0,0,0,0,0,0,0,0,0,0,0,0,0,0,0,0,0,0,0,0,0,0,0,0,0,0,0,0,0,0,0,0,0,0,0,0,0,0,0,0,0,0,0,0,0,0,0,0,0,0,0,0,0,0,0,0,0,0,0,0,0,0,0,0,0,0,0,0,0,0,0,0,0,0,0,0,0,0,0,0,0,0,0,0,0,0,0,0,0,0,0,0,0,0,0,0,0,0,0,0,0,0,0,0,0,0,0,0,0,0,0,0,0,0,0,0,0,0,0,0,0,0,0,0,0,0,0,0,0,0,0,0,0,0,0
"2019-01-10","Bihar","10","Banka","190","Others","9999","Total",0,10431,1254,0,0,395,0,401,451,0,0,0,327,302,0,0,0,402,264,0,0,0,0,0,327,403,266,265,332,331,403,266,265,380,182,151,0,0,0,0,346,0,3,5,2,0,0,0,0,3,0,6,0,0,0,180,221,39,60,185,0,0,0,0,0,0,0,6,0,0,6,0,24,0,0,0,229,0,257,257,1,0,0,0,12,0,11,4,0,0,0,0,35,890,149,1275,0,0,215,197,0,5,0,0,0,207,213,0,0,0,0,0,0,0,0,0,4,0,0,0,0,0,0,0,0,0,0,0,0,0,0,0,0,0,148,0,0,0,0,0,0,0,0,1,0,0,0,0,1,0,381,0,0,308,190,0,0,804,0,0,0,0,0,0,2,0,11,0,5,0,0,1270,16,9,256,0,0,0,0,0,354,0,29,5,554,0,0,0,0,0,1,0,0,0,0,38,41,0,375,65,208,8,375,0,11,0,0,0,4,22,0,29,229,229,0,242,177,0,0,137,0,229,208,130,236,8,8,342,229,342,0,0,0,0,0,0,32,313,0,0,0,0,0,0,0,0,3,301,8,350,0,0,1,25,32,2,32,0,3,2,2,0,802,0,0,0,0,0,0,0,0,0,0,5,0,0,0,53,5,0,0,359,0,136,26,0
"2021-01-05","Uttar Pradesh","9","Kanpur Nagar","157","Kanpur Nagar","849","Public",45,74623,993,0,161,4098,1205,3825,4316,505,501,569,3930,942,166,163,42,3743,4125,2120,693,970,263,1947,3492,3737,3872,3948,2194,3852,3858,4059,4248,3885,4015,4286,99,2916,1010,426,578,0,0,8,0,0,0,0,0,2,0,0,0,0,0,2010,2335,1939,1770,2931,20,0,46,0,0,0,0,2,6,0,0,0,325,0,0,0,416,188,1828,2554,1,3,0,1,157,7,50,15,7,65,119,0,2,419,38,4504,0,0,725,61,1,0,0,0,0,736,774,27,0,0,0,0,1,290,0,11,48,254,45,0,2,0,2,55,0,5,1,7,2,1,23,132,2,3,675,0,0,550,553,0,0,0,212,457,0,1,0,0,0,115,576,0,0,2455,3734,118,60,39684,0,0,0,0,0,0,81,0,58,7,1032,2,314,4278,210,14,1469,0,0,0,0,0,1328,786,0,228,42543,1,171,0,0,0,1,1,0,4,2,1111,1168,0,1354,193,1045,145,1447,0,139,0,3,3,17,505,132,1989,2402,400,0,4461,4313,15,0,1018,1,4696,4234,164,1761,180,34,3055,250,2640,8,782,3,24,2,7,179,323,0,17,7,10,7,8,11,0,23,1460,773,869,1,5,0,48,166,10,232,1,0,102,3,89,1140,0,0,0,416,681,0,255,32,9,7,31,50,0,0,1029,220,8,0,5619,6,236,1095,705
"2020-01-12","Bihar","10","Madhepura","205","Gwalpara","1165","Rural",0,5899,948,0,0,0,0,335,454,0,0,0,315,290,0,0,0,534,333,0,0,0,0,0,315,540,415,315,302,315,540,415,320,540,415,313,0,153,0,0,284,0,0,0,0,0,0,0,0,0,0,0,0,0,0,162,171,48,145,191,0,0,0,0,0,0,0,0,0,0,0,0,0,0,0,0,0,0,142,142,0,0,0,0,5,0,3,0,0,0,0,0,0,250,24,305,0,0,25,16,0,0,0,0,0,166,193,0,0,0,0,0,0,22,0,0,24,0,0,0,0,0,0,0,0,0,0,0,0,0,0,0,0,0,142,0,0,0,0,0,0,0,36,679,0,0,0,0,0,0,5481,0,0,0,1537,0,0,3635,0,0,0,0,0,0,0,0,0,0,95,0,0,0,75,0,139,0,0,0,0,0,291,0,198,0,451,0,0,0,0,0,0,0,0,0,0,366,366,0,359,45,291,75,359,0,0,0,0,0,0,0,15,444,0,0,0,256,256,0,0,256,0,137,123,130,167,6,0,256,10,241,0,0,1,0,0,0,198,35,0,0,0,0,0,0,0,0,24,260,16,291,0,0,0,76,0,0,0,0,0,0,0,0,0,0,0,0,0,0,0,0,0,0,0,7,0,0,0,0,0,0,0,267,0,0,366,75
"2020-01-09","Himachal Pradesh","2","Kullu","20","Nirmand","122","Public",6,4853,0,0,27,0,0,61,2,0,0,0,46,1,0,0,0,63,52,0,0,0,0,0,46,63,50,52,1,46,63,50,52,63,50,52,0,61,0,0,1,0,0,6,0,0,0,0,0,0,0,0,0,0,0,24,37,307,412,306,0,0,0,0,0,0,0,0,0,0,0,0,0,0,0,0,0,32,35,35,0,2,0,0,7,6,2,2,5,0,0,0,10,91,3,319,0,0,47,3,80,0,0,0,0,1,1,0,0,0,0,0,0,0,0,0,0,17,13,0,2,0,2,14,0,0,0,0,1,2,0,0,0,0,41,0,0,0,0,0,0,0,0,3,0,0,0,0,0,56,3236,0,0,0,195,0,0,2650,0,0,0,0,0,0,0,0,18,0,10,0,0,404,0,1,35,0,0,0,1,0,1,0,0,0,925,0,0,0,16,0,0,0,0,0,0,21,21,0,2,0,40,2,2,0,19,0,0,0,0,0,0,158,8,13,0,38,38,0,0,43,0,41,39,8,18,0,0,44,13,43,0,0,0,0,0,0,0,30,0,0,6,6,11,11,0,0,0,53,1,1,0,0,0,21,67,0,129,0,0,316,0,0,191,0,0,0,0,0,0,17,13,0,0,0,0,0,0,22,0,0,0,53,60,152,27,1
"2019-01-03","Madhya Pradesh","23","Sidhi","433","Kusmi","3702","Private",0,0,0,0,0,0,0,0,0,0,0,0,0,0,0,0,0,0,0,0,0,0,0,0,0,0,0,0,0,0,0,0,0,0,0,0,0,0,0,0,0,0,0,0,0,0,0,0,0,0,0,0,0,0,0,0,0,0,0,0,0,0,0,0,0,0,0,0,0,0,0,0,0,0,0,0,0,0,0,0,0,0,0,0,0,0,0,0,0,0,0,0,0,0,0,0,0,0,0,0,0,0,0,0,0,0,0,0,0,0,0,0,0,0,0,0,0,0,0,0,0,0,0,0,0,0,0,0,0,0,0,0,0,0,0,0,0,0,0,0,0,0,0,0,0,0,0,0,0,0,0,0,0,0,0,0,0,0,0,0,0,0,0,0,0,0,0,0,0,0,0,0,0,0,0,0,0,0,0,0,0,0,0,0,0,0,0,0,0,0,0,0,0,0,0,0,0,0,0,0,0,0,0,0,0,0,0,0,0,0,0,0,0,0,0,0,0,0,0,0,0,0,0,0,0,0,0,0,0,0,0,0,0,0,0,0,0,0,0,0,0,0,0,0,0,0,0,0,0,0,0,0,0,0,0,0,0,0,0,0,0,0,0,0,0,0,0,0,0,0,0,0,0,0,0,0,0,0,0,0,0,0,0,0,0,0
"2019-01-11","Assam","18","Dhubri","285","Dhubri Urban","6014","Private",0,0,0,0,0,0,0,0,0,0,0,0,0,0,0,0,0,0,0,0,0,0,0,0,0,0,0,0,0,0,0,0,0,0,0,0,0,0,0,0,0,0,0,0,0,0,0,0,0,0,0,0,0,0,0,0,0,0,0,0,0,0,0,0,0,0,0,0,0,0,0,0,0,0,0,0,0,0,0,0,0,0,0,0,0,0,0,0,0,0,0,0,0,0,0,0,0,0,0,0,0,0,0,0,0,0,0,0,0,0,0,0,0,0,0,0,0,0,0,0,0,0,0,0,0,0,0,0,0,0,0,0,0,0,0,0,0,0,0,0,0,0,0,0,0,0,0,0,0,0,0,0,0,0,0,0,0,0,0,0,0,0,0,0,0,0,0,0,0,0,0,0,0,0,0,0,0,0,0,0,0,0,0,0,0,0,0,0,0,0,0,0,0,0,0,0,0,0,0,0,0,0,0,0,0,0,0,0,0,0,0,0,0,0,0,0,0,0,0,0,0,0,0,0,0,0,0,0,0,0,0,0,0,0,0,0,0,0,0,0,0,0,0,0,0,0,0,0,0,0,0,0,0,0,0,0,0,0,0,0,0,0,0,0,0,0,0,0,0,0,0,0,0,0,0,0,0,0,0,0,0,0,0,0,0,0
"2019-01-03","Maharashtra","27","Mumbai","482","Ward K East","4173","Rural",0,0,0,0,0,0,0,0,0,0,0,0,0,0,0,0,0,0,0,0,0,0,0,0,0,0,0,0,0,0,0,0,0,0,0,0,0,0,0,0,0,0,0,0,0,0,0,0,0,0,0,0,0,0,0,0,0,0,0,0,0,0,0,0,0,0,0,0,0,0,0,0,0,0,0,0,0,0,0,0,0,0,0,0,0,0,0,0,0,0,0,0,0,0,0,0,0,0,0,0,0,0,0,0,0,0,0,0,0,0,0,0,0,0,0,0,0,0,0,0,0,0,0,0,0,0,0,0,0,0,0,0,0,0,0,0,0,0,0,0,0,0,0,0,0,0,0,0,0,0,0,0,0,0,0,0,0,0,0,0,0,0,0,0,0,0,0,0,0,0,0,0,0,0,0,0,0,0,0,0,0,0,0,0,0,0,0,0,0,0,0,0,0,0,0,0,0,0,0,0,0,0,0,0,0,0,0,0,0,0,0,0,0,0,0,0,0,0,0,0,0,0,0,0,0,0,0,0,0,0,0,0,0,0,0,0,0,0,0,0,0,0,0,0,0,0,0,0,0,0,0,0,0,0,0,0,0,0,0,0,0,0,0,0,0,0,0,0,0,0,0,0,0,0,0,0,0,0,0,0,0,0,0,0,0,0
"2020-01-02","Gujarat","24","Ahmadabad","438","Bavla","3784","Rural",0,11597,1038,0,0,0,0,399,328,0,0,0,378,328,0,0,0,397,431,0,0,0,0,0,378,396,388,431,328,378,397,388,431,396,387,433,0,289,0,0,328,0,0,0,0,0,0,0,0,0,0,0,0,0,0,197,202,324,340,337,0,0,0,0,0,0,0,15,1,0,0,0,33,0,0,0,241,0,185,189,0,0,0,0,2,1,1,1,10,0,0,0,30,1058,98,0,0,0,900,99,15,0,0,0,0,158,162,0,0,0,0,0,0,174,0,1,0,0,0,0,0,0,0,0,0,0,0,0,0,0,0,0,0,0,9,0,0,4,9,0,0,0,1,47,0,0,0,0,0,0,232,0,0,0,307,0,0,69978,0,0,0,0,0,0,0,0,0,0,0,0,0,1733,0,0,185,0,0,0,0,0,285,327,423,196,8708,9,0,0,0,0,0,0,0,0,0,279,279,0,302,33,4,0,302,0,0,0,0,0,3,35,0,252,645,0,0,426,426,0,0,426,0,365,356,168,306,25,10,419,0,412,0,0,2,0,0,0,24,150,0,69,0,0,0,0,0,0,0,499,39,0,0,0,0,0,0,0,0,0,0,0,0,0,81,0,0,0,0,61,7,0,0,0,0,0,0,0,0,3422,38,0,0,529,0,66,279,0
"2020-01-08","Uttarakhand","5","Champawat","48","Lohaghat","336","Private",0,0,0,0,0,0,0,0,0,0,0,0,0,0,0,0,0,0,0,0,0,0,0,0,0,0,0,0,0,0,0,0,0,0,0,0,0,0,0,0,0,0,0,0,0,0,0,0,0,0,0,0,0,0,0,0,0,0,0,0,0,0,0,0,0,0,0,0,0,0,0,0,0,0,0,0,0,0,0,0,0,0,0,0,0,0,0,0,0,0,0,0,0,0,0,0,0,0,0,0,0,0,0,0,0,0,0,0,0,0,0,0,0,0,0,0,0,0,0,0,0,0,0,0,0,0,0,0,0,0,0,0,0,0,0,0,0,0,0,0,0,0,0,0,0,0,0,0,0,0,0,0,0,0,0,0,0,0,0,0,0,0,0,0,0,0,0,0,0,0,0,0,0,0,0,0,0,0,0,0,0,0,0,0,0,0,0,0,0,0,0,0,0,0,0,0,0,0,0,0,0,0,0,0,0,0,0,0,0,0,0,0,0,0,0,0,0,0,0,0,0,0,0,0,0,0,0,0,0,0,0,0,0,0,0,0,0,0,0,0,0,0,0,0,0,0,0,0,0,0,0,0,0,0,0,0,0,0,0,0,0,0,0,0,0,0,0,0,0,0,0,0,0,0,0,0,0,0,0,0,0,0,0,0,0,0
"2019-01-12","Odisha","21","Nabarangpur","366","Chandahandi","3190","Rural",4,5209,460,0,8,138,0,136,107,0,0,0,115,64,0,0,0,125,132,0,0,0,0,0,103,125,158,133,79,114,125,158,132,125,158,132,0,136,0,0,64,0,1,5,0,0,5,0,0,1,0,0,0,0,0,65,71,66,60,121,0,0,0,0,0,0,0,0,1,2,0,1,16,0,0,0,1,42,82,82,0,2,0,0,4,0,5,0,6,1,1,0,18,139,14,223,0,0,49,11,0,3,0,0,0,47,42,0,0,0,4,0,0,5,0,0,0,0,0,0,1,0,0,20,0,0,0,0,3,0,2,0,0,0,120,0,0,0,0,0,0,0,0,26,0,1,0,2,0,215,2469,0,0,97,285,0,1,597,0,0,0,0,0,0,0,0,4,0,20,0,0,765,6,5,82,0,0,0,1,0,79,7,111,5,1021,0,0,0,0,0,0,0,0,0,0,72,80,0,81,24,61,3,83,0,6,0,0,0,0,2,2,274,86,22,0,166,164,0,0,131,2,162,127,2,99,9,0,138,0,129,0,95,1,11,0,0,0,50,0,0,8,8,42,42,0,0,0,161,7,79,0,0,0,0,14,0,35,7,0,0,0,0,20,0,0,0,0,0,733,0,0,0,0,1,0,0,0,117,0,0,0,163,0,0,95,10
"2019-01-11","Telangana","36","Nizamabad","516","Bodhan","4370","Urban",0,20772,200,0,0,143,0,143,234,0,0,0,130,234,0,0,0,143,117,0,0,0,11,25,130,143,112,117,234,130,143,112,117,143,41,30,0,0,0,0,234,0,0,24,0,0,0,0,0,10,18,0,0,0,5,70,73,346,229,93,0,0,13,0,0,0,40,0,1,0,0,10,274,0,0,2,287,0,44,44,0,1,0,0,1,0,0,0,11,3,2,1,189,642,142,3636,0,0,231,126,10,0,2,0,0,111,123,0,0,0,0,0,3,214,0,0,2,196,113,228,0,0,0,20,0,3,1,0,0,0,0,0,0,0,43,0,0,0,0,0,0,0,0,0,0,0,0,0,0,0,43,0,0,130,0,0,0,0,0,0,0,0,0,0,3,0,22,0,0,0,0,3553,0,0,44,0,0,0,2,0,234,3,57,0,8079,0,21,0,0,0,0,0,0,0,0,234,234,0,234,28,0,0,234,0,49,0,0,0,0,0,0,70,547,0,0,116,117,0,0,116,0,128,114,15,416,349,0,536,0,66,0,0,0,0,0,0,136,371,0,21,0,0,0,0,9,9,0,112,349,100,0,0,57,387,120,6,645,0,0,499,7,0,274,0,0,0,0,289,320,173,113,0,0,0,0,0,0,751,134,0,0,128,0,0,234,0
"2019-01-06","Nagaland","13","Mon","247","Phomching","1752","Private",0,0,0,0,0,0,0,0,0,0,0,0,0,0,0,0,0,0,0,0,0,0,0,0,0,0,0,0,0,0,0,0,0,0,0,0,0,0,0,0,0,0,0,0,0,0,0,0,0,0,0,0,0,0,0,0,0,0,0,0,0,0,0,0,0,0,0,0,0,0,0,0,0,0,0,0,0,0,0,0,0,0,0,0,0,0,0,0,0,0,0,0,0,0,0,0,0,0,0,0,0,0,0,0,0,0,0,0,0,0,0,0,0,0,0,0,0,0,0,0,0,0,0,0,0,0,0,0,0,0,0,0,0,0,0,0,0,0,0,0,0,0,0,0,0,0,0,0,0,0,0,0,0,0,0,0,0,0,0,0,0,0,0,0,0,0,0,0,0,0,0,0,0,0,0,0,0,0,0,0,0,0,0,0,0,0,0,0,0,0,0,0,0,0,0,0,0,0,0,0,0,0,0,0,0,0,0,0,0,0,0,0,0,0,0,0,0,0,0,0,0,0,0,0,0,0,0,0,0,0,0,0,0,0,0,0,0,0,0,0,0,0,0,0,0,0,0,0,0,0,0,0,0,0,0,0,0,0,0,0,0,0,0,0,0,0,0,0,0,0,0,0,0,0,0,0,0,0,0,0,0,0,0,0,0,0
"2019-01-04","Madhya Pradesh","23","Harda","408","Timarni","3610","Urban",0,0,0,0,0,0,0,0,0,0,0,0,0,0,0,0,0,0,0,0,0,0,0,0,0,0,0,0,0,0,0,0,0,0,0,0,0,0,0,0,0,0,0,0,0,0,0,0,0,0,0,0,0,0,0,0,0,0,0,0,0,0,0,0,0,0,0,0,0,0,0,0,0,0,0,0,0,0,0,0,0,0,0,0,0,0,0,0,0,0,0,0,0,0,0,0,0,0,0,0,0,0,0,0,0,0,0,0,0,0,0,0,0,0,0,0,0,0,0,0,0,0,0,0,0,0,0,0,0,0,0,0,0,0,0,0,0,0,0,0,0,0,0,0,0,0,0,0,0,0,0,0,0,0,0,0,0,0,0,0,0,0,0,0,0,0,0,0,0,0,0,0,0,0,0,0,0,0,0,0,0,0,0,0,0,0,0,0,0,0,0,0,0,0,0,0,0,0,0,0,0,0,0,0,0,0,0,0,0,0,0,0,0,0,0,0,0,0,0,0,0,0,0,0,0,0,0,0,0,0,0,0,0,0,0,0,0,0,0,0,0,0,0,0,0,0,0,0,0,0,0,0,0,0,0,0,0,0,0,0,0,0,0,0,0,0,0,0,0,0,0,0,0,0,0,0,0,0,0,0,0,0,0,0,0,0
"2020-01-07","Bihar","10","Sitamarhi","221","Dumra","1074","Public",0,10367,710,193,0,222,0,868,1322,0,0,0,835,789,0,0,0,829,1088,2,0,0,0,13,835,830,1075,1084,1052,840,829,1063,1085,827,1069,1075,0,539,126,0,763,0,0,8,0,0,0,0,0,0,0,0,0,0,0,398,487,69,360,572,0,0,0,0,0,0,0,0,2,0,0,25,6,0,0,5,152,0,255,297,0,1,0,1,11,10,8,5,0,0,0,0,12,930,394,1808,0,0,290,194,0,0,0,1,4,420,432,0,0,0,0,0,11,315,0,0,36,0,0,0,0,0,0,0,0,0,0,0,0,0,0,0,0,0,195,0,0,244,244,0,0,0,47,111,0,0,0,0,0,82,569,20,18,0,126,6,2,2146,0,0,0,0,0,0,12,2,0,0,42,0,0,643,89,0,227,0,0,0,0,0,769,7,3,3,901,0,14,0,0,0,0,0,0,0,0,25,20,13,852,88,22,59,852,0,0,0,0,0,0,54,0,196,608,495,0,534,528,48,0,185,0,643,703,417,851,11,2,374,0,257,0,0,0,0,0,0,0,0,0,3,0,0,0,0,3,0,36,835,17,784,8,20,0,98,0,0,0,0,0,0,0,0,1510,0,0,0,0,1022,24,0,0,16,22,8,63,0,0,0,2,0,244,1374,0,27,40,24
"2019-01-08","Maharashtra","27","Raigad","491","Khalapur","4175","Public",0,11444,0,0,0,0,0,305,179,0,0,0,183,37,0,0,0,303,282,0,0,0,0,0,229,297,269,275,150,224,297,269,275,248,20,0,0,305,135,57,38,0,0,30,10,0,0,0,0,0,0,0,0,0,0,137,168,103,106,33,0,0,0,0,0,0,0,0,0,0,0,15,0,0,0,0,357,0,135,137,0,1,0,1,3,0,4,0,0,0,1,4,25,318,9,372,0,1,165,11,18,0,17,0,0,21,31,0,0,0,0,0,0,192,0,0,2,2,2,0,3,0,13,11,0,0,0,5,5,0,0,0,1,0,52,0,0,0,0,0,0,0,0,0,0,0,0,0,0,6339,17353,0,0,0,245,0,0,1058,0,0,0,0,0,0,0,0,0,0,0,0,0,404,1,3,130,0,0,0,0,0,48,47,8,13,1819,0,13,0,0,0,0,0,0,0,0,51,52,0,52,2,18,3,52,0,7,0,0,0,0,0,0,40,88,42,0,212,193,0,0,76,4,186,192,49,135,4,4,223,0,227,0,0,0,238,0,0,0,43,0,0,0,0,0,0,0,0,2,218,1,32,0,0,0,20,22,0,46,0,0,147,0,0,29,0,0,0,0,23,0,2,2,0,0,0,0,0,0,298,0,0,0,253,37,132,47,4
"2019-01-02","Arunachal Pradesh","12","Lower Dibang Valley","235","Dambuk Paglam","1725","Private",0,0,0,0,0,0,0,0,0,0,0,0,0,0,0,0,0,0,0,0,0,0,0,0,0,0,0,0,0,0,0,0,0,0,0,0,0,0,0,0,0,0,0,0,0,0,0,0,0,0,0,0,0,0,0,0,0,0,0,0,0,0,0,0,0,0,0,0,0,0,0,0,0,0,0,0,0,0,0,0,0,0,0,0,0,0,0,0,0,0,0,0,0,0,0,0,0,0,0,0,0,0,0,0,0,0,0,0,0,0,0,0,0,0,0,0,0,0,0,0,0,0,0,0,0,0,0,0,0,0,0,0,0,0,0,0,0,0,0,0,0,0,0,0,0,0,0,0,0,0,0,0,0,0,0,0,0,0,0,0,0,0,0,0,0,0,0,0,0,0,0,0,0,0,0,0,0,0,0,0,0,0,0,0,0,0,0,0,0,0,0,0,0,0,0,0,0,0,0,0,0,0,0,0,0,0,0,0,0,0,0,0,0,0,0,0,0,0,0,0,0,0,0,0,0,0,0,0,0,0,0,0,0,0,0,0,0,0,0,0,0,0,0,0,0,0,0,0,0,0,0,0,0,0,0,0,0,0,0,0,0,0,0,0,0,0,0,0,0,0,0,0,0,0,0,0,0,0,0,0,0,0,0,0,0,0
"2019-01-04","Rajasthan","8","Ganganagar","100","Padampur","460","Rural",11,28021,864,0,223,0,0,168,87,0,0,0,213,74,0,0,0,154,162,0,15,0,0,0,209,189,198,210,80,208,189,198,210,189,198,210,0,168,117,85,101,0,0,52,0,0,0,0,0,1,0,0,0,0,0,88,80,98,71,148,0,0,0,0,0,0,0,0,0,0,1,0,78,1,0,0,268,233,238,247,0,0,0,0,22,11,8,3,7,0,0,0,123,268,66,591,0,0,122,93,19,0,0,0,0,54,54,0,0,0,0,0,0,344,0,1,3,28,2,0,0,0,4,6,0,3,0,1,6,0,0,1,0,1,5,0,0,0,0,0,0,0,8,17,0,0,0,0,0,104,5405,0,0,0,364,0,2,6035,0,0,0,0,0,0,0,0,11,0,10,3,6,1811,3,0,169,0,0,0,1,1,106,89,0,35,9566,49,5,0,4,0,0,0,0,0,0,81,33,0,106,17,22,1,108,0,37,0,0,0,0,36,3,242,337,247,0,180,160,1,0,149,0,193,127,60,294,11,0,149,97,137,0,29,0,1,0,0,49,25,0,0,213,218,225,227,0,0,1,244,50,0,0,0,27,442,758,5,700,72,0,1396,5,0,138,0,0,0,0,131,0,28,2,0,0,1,0,0,0,1397,0,0,0,255,1,176,8,8
"2020-01-11","Bihar","10","Purnia","214","Baisi","1140","Total",0,5313,130,0,0,0,0,432,833,0,0,0,350,525,0,0,0,548,376,0,0,0,0,13,355,580,507,375,600,339,582,511,360,580,488,373,0,0,0,0,501,0,0,0,0,0,0,0,0,0,0,0,0,0,0,206,213,134,224,228,0,0,0,0,0,0,0,0,0,0,0,0,0,0,0,1,130,0,247,291,0,7,0,0,10,1,11,2,0,0,0,0,0,0,0,0,0,0,0,0,0,0,0,0,0,360,336,0,0,0,0,0,2,7,0,0,24,0,0,0,0,0,0,0,0,0,0,0,0,0,0,0,0,0,194,0,0,0,0,0,0,0,0,150,0,0,0,0,0,0,0,0,0,0,281,0,2,3508,0,0,0,0,0,0,0,0,0,0,122,0,0,157,98,4,222,0,0,0,1,0,602,3,0,0,932,0,0,0,9,0,0,0,0,1,0,702,702,0,502,44,157,75,502,0,0,0,0,0,0,50,0,349,34,0,0,602,602,0,0,340,0,263,279,274,8,1,0,260,0,260,0,0,0,0,0,0,0,211,0,0,0,0,0,0,0,0,24,378,0,0,0,0,0,434,109,0,87,0,0,0,0,0,0,0,0,0,0,0,10,0,0,0,0,16,0,0,0,0,0,0,0,594,0,0,31,31
"2021-01-05","Maharashtra","27","Satara","494","Man","4259","Public",0,10494,10,0,0,0,0,257,230,0,0,0,197,57,0,0,0,265,230,0,0,0,0,11,233,259,243,243,197,199,266,241,244,270,250,240,0,242,30,2,10,0,0,2,0,0,0,0,0,0,0,0,0,0,0,122,133,12,18,1,0,0,0,0,0,0,0,0,0,0,0,1,1,0,0,0,128,0,121,121,0,0,0,0,2,0,0,1,0,0,0,0,1,130,0,1477,0,0,119,0,0,0,0,0,0,5,5,0,0,0,0,0,0,275,0,0,0,18,14,0,4,0,2,70,0,38,0,5,32,4,0,8,2,0,25,0,0,0,0,0,0,0,0,259,0,0,0,1,0,209,2969,0,0,0,1232,0,0,3416,0,0,0,0,0,6,0,0,1,0,9,0,2,964,0,0,124,0,0,0,0,0,10,17,0,15,1954,0,3,0,34,0,0,0,0,0,0,43,43,0,10,1,124,0,10,0,0,0,0,0,0,3,0,200,207,9,0,382,376,0,0,171,0,205,168,119,287,4,4,332,43,325,0,0,0,0,0,0,0,3,0,0,0,0,0,0,0,0,0,248,74,0,0,0,0,27,413,1,482,1,0,54,0,0,123,0,0,0,0,229,0,18,14,0,0,0,0,0,0,521,0,0,0,305,0,0,22,0
"2019-01-02","Meghalaya","17","East Khasi Hills","274","Mawkynrew Block","1991","Rural",1,4753,207,0,9,112,0,109,156,0,0,0,114,8,0,0,0,160,172,81,0,0,0,29,115,160,154,172,28,120,160,154,172,142,106,104,0,135,27,12,10,0,0,105,1,0,0,0,0,0,0,0,0,0,0,61,46,28,3,63,0,0,0,0,0,0,0,0,0,0,0,0,0,0,0,0,0,32,94,95,0,1,0,0,0,1,3,0,0,0,0,0,0,11,6,76,0,0,6,3,0,0,0,0,0,56,60,0,0,0,0,0,0,0,0,0,4,1,0,0,2,0,0,11,0,0,0,0,0,0,0,0,0,0,66,0,0,0,0,0,0,0,0,0,0,0,0,1,0,19,64,0,0,90,49,0,0,309,0,0,0,0,0,0,0,0,2,0,0,0,0,458,106,0,71,0,0,0,2,0,13,4,0,1,783,0,0,0,0,0,0,0,0,0,0,6,21,0,114,5,46,52,108,0,13,0,0,0,0,0,3,91,37,42,0,29,25,0,0,32,0,110,76,51,159,2,1,80,0,44,0,0,0,6,0,0,0,0,0,0,9,9,32,32,0,0,2,81,2,10,0,0,0,71,22,0,67,0,0,15,0,0,0,0,0,0,0,0,9,1,0,0,0,4,0,0,0,7,0,0,0,218,0,0,78,74
"2019-01-01","Assam","18","Tinsukia","302","Na Sadiya Bphc","2059","Private",0,0,0,0,0,0,0,0,0,0,0,0,0,0,0,0,0,0,0,0,0,0,0,0,0,0,0,0,0,0,0,0,0,0,0,0,0,0,0,0,0,0,0,0,0,0,0,0,0,0,0,0,0,0,0,0,0,0,0,0,0,0,0,0,0,0,0,0,0,0,0,0,0,0,0,0,0,0,0,0,0,0,0,0,0,0,0,0,0,0,0,0,0,0,0,0,0,0,0,0,0,0,0,0,0,0,0,0,0,0,0,0,0,0,0,0,0,0,0,0,0,0,0,0,0,0,0,0,0,0,0,0,0,0,0,0,0,0,0,0,0,0,0,0,0,0,0,0,0,0,0,0,0,0,0,0,0,0,0,0,0,0,0,0,0,0,0,0,0,0,0,0,0,0,0,0,0,0,0,0,0,0,0,0,0,0,0,0,0,0,0,0,0,0,0,0,0,0,0,0,0,0,0,0,0,0,0,0,0,0,0,0,0,0,0,0,0,0,0,0,0,0,0,0,0,0,0,0,0,0,0,0,0,0,0,0,0,0,0,0,0,0,0,0,0,0,0,0,0,0,0,0,0,0,0,0,0,0,0,0,0,0,0,0,0,0,0,0,0,0,0,0,0,0,0,0,0,0,0,0,0,0,0,0,0,0
"2020-01-04","Bihar","10","Kaimur (Bhabua)","200","Mohania","1449","Public",0,0,0,0,0,0,0,28,190,0,0,0,20,0,0,0,0,30,24,0,0,0,0,0,20,29,17,19,170,20,29,17,19,29,15,20,0,0,0,0,183,0,0,0,0,0,0,0,0,0,0,0,0,0,0,10,21,22,20,21,0,0,0,0,0,0,0,0,0,0,0,0,0,0,0,0,0,0,11,11,0,0,0,0,12,0,0,2,0,0,0,0,0,0,0,0,0,0,0,0,0,0,0,0,0,83,100,0,0,0,0,0,0,0,0,0,0,0,0,0,0,0,0,0,0,0,0,0,0,0,0,0,0,0,0,0,0,0,0,0,0,0,0,131,0,0,0,0,0,0,0,0,0,0,1,0,0,2587,0,0,0,0,0,0,0,0,0,0,130,0,0,0,0,0,9,0,0,0,0,0,183,0,0,0,0,0,0,0,0,0,0,0,0,0,0,0,0,0,180,65,183,0,183,0,0,0,0,0,0,2,0,50,0,0,0,58,42,40,0,40,0,37,25,28,0,0,0,40,0,0,0,0,0,0,0,0,0,0,0,0,0,0,0,0,0,0,0,39,0,65,0,0,0,0,0,0,0,0,0,0,0,0,0,0,0,0,0,0,0,0,0,0,0,0,0,0,0,0,0,0,0,65,0,0,0,0
"2019-01-12","Jharkhand","20","West Singhbhum","343","Jaganathpur","2743","Public",15,3292,0,0,15,255,0,225,222,0,0,0,244,83,0,0,0,279,255,58,0,0,0,28,235,262,256,233,196,243,260,255,233,255,256,231,0,321,973,617,233,0,0,0,0,0,0,0,0,0,0,0,0,0,0,108,118,99,121,120,0,0,0,0,0,0,0,0,0,0,1,0,2,0,0,0,125,96,184,183,0,1,1,1,59,17,48,28,0,0,0,0,0,62,8,0,0,2,8,7,0,0,2,0,0,121,130,0,3,0,1,0,0,229,0,0,6,0,0,0,0,0,0,1,0,0,0,0,0,0,0,0,0,0,99,0,0,0,0,0,0,0,0,149,0,0,0,2,0,5,290,0,0,227,264,0,0,2220,0,0,0,0,0,0,0,0,0,0,135,0,0,610,3,1,165,0,0,0,2,0,244,27,0,23,980,0,0,0,0,0,0,0,0,0,0,232,232,0,241,11,228,3,241,0,15,0,0,0,0,131,2,235,471,18,0,306,304,0,0,19,4,278,211,53,58,1,1,220,9,220,0,238,0,13,0,0,0,0,0,0,10,15,90,96,0,0,6,197,2,240,0,0,0,0,17,0,0,0,0,3,0,0,85,0,0,0,0,0,325,0,0,0,0,8,0,0,0,412,0,0,0,269,0,129,240,3
"2019-01-10","Andhra Pradesh","28","Vizianagaram","521","Nellimarla","4837","Total",8,58633,2569,14,107,0,0,465,667,0,0,0,492,663,0,0,0,465,526,0,0,18,0,0,504,465,499,521,664,492,465,499,521,465,499,521,0,462,233,268,661,0,1,78,9,0,0,0,0,0,0,29,0,0,11,217,245,402,292,450,0,0,31,0,0,21,0,42,3,60,430,34,249,0,0,8,512,172,393,393,2,0,2,0,0,0,0,0,120,3,6,21,235,1825,495,17944,18,4,1504,544,113,18,49,0,0,330,331,59,4,0,0,0,15,690,0,0,24,274,118,0,2,1,8,106,0,13,0,0,17,13,0,4,7,6,314,0,0,230,245,0,0,0,362,252,0,0,0,0,0,0,0,29,31,0,2192,158,0,15225,0,0,0,0,0,0,22,4,9,9,0,1,168,5951,0,0,317,0,0,0,2,0,660,28,77,2,54351,0,139,1,227,0,0,0,0,0,0,55,81,0,661,59,236,0,661,1,22,0,0,0,114,0,27,240,990,956,0,333,192,27,0,51,0,500,502,7,221,3,1,339,0,335,0,0,4,0,0,0,121,1272,0,110,78,20,132,38,0,0,0,490,238,0,38,32,25,1722,2827,262,2670,515,0,2678,66,71,1278,0,0,0,1658,1870,1221,283,129,54,60,9,0,0,0,2296,285,0,245,507,31,1307,1007,0
"2019-01-08","Jammu And Kashmir","1","Kupwara","8","Others","9999","Urban",0,0,0,0,0,0,0,0,0,0,0,0,0,0,0,0,0,0,0,0,0,0,0,0,0,0,0,0,0,0,0,0,0,0,0,0,0,0,0,0,0,0,0,0,0,0,0,0,0,0,0,0,0,0,0,0,0,0,0,0,0,0,0,0,0,0,0,0,0,0,0,0,0,0,0,0,0,0,0,0,0,0,0,0,0,0,0,0,0,0,0,0,0,0,0,0,0,0,0,0,0,0,0,0,0,0,0,0,0,0,0,0,0,0,0,0,0,0,0,0,0,0,0,0,0,0,0,0,0,0,0,0,0,0,0,0,0,0,0,0,0,0,0,0,0,0,0,0,0,0,0,0,0,0,0,0,0,0,0,0,0,0,0,0,0,0,0,0,0,0,0,0,0,0,0,0,0,0,0,0,0,0,0,0,0,0,0,0,0,0,0,0,0,0,0,0,0,0,0,0,0,0,0,0,0,0,0,0,0,0,0,0,0,0,0,0,0,0,0,0,0,0,0,0,0,0,0,0,0,0,0,0,0,0,0,0,0,0,0,0,0,0,0,0,0,0,0,0,0,0,0,0,0,0,0,0,0,0,0,0,0,0,0,0,0,0,0,0,0,0,0,0,0,0,0,0,0,0,0,0,0,0,0,0,0,0
"2020-01-12","Bihar","10","Begusarai","191","Garhpura","1306","Rural",0,4144,405,0,0,0,0,257,256,0,0,0,231,254,0,0,0,314,250,0,1,0,0,13,231,314,273,250,256,231,314,273,250,314,273,250,0,257,171,0,256,0,0,0,0,0,0,0,0,0,0,0,0,0,0,117,137,14,112,171,0,0,0,0,0,0,0,0,0,0,0,0,0,0,0,0,25,0,107,107,0,0,0,0,14,0,6,6,0,0,0,0,0,335,8,183,0,0,7,6,0,0,0,0,1,126,130,0,0,2,0,0,0,11,0,0,18,0,0,5,0,0,0,0,0,0,0,0,0,0,0,0,0,0,87,0,0,0,0,0,0,0,0,45,0,0,0,0,0,0,4230,0,0,0,88,0,0,291,0,0,0,0,0,0,0,0,9,0,82,0,0,45,2,0,107,0,0,0,0,0,257,0,126,0,296,0,2,0,0,0,0,0,0,0,0,259,259,0,256,15,263,0,256,2,22,0,0,0,4,83,3,390,178,0,0,281,281,6,0,0,2,112,100,150,0,5,0,268,0,0,0,0,1,0,0,0,0,0,0,0,0,0,0,0,0,0,18,264,5,257,0,0,0,505,0,0,5,0,0,26,0,0,0,0,0,0,0,0,0,0,0,0,0,3,0,0,0,0,0,0,0,281,0,0,248,251
"2021-01-04","Madhya Pradesh","23","Raisen","421","Others","9999","Urban",0,7427,630,0,0,0,0,99,96,0,0,0,89,95,0,0,0,111,106,0,0,0,0,0,89,111,107,102,95,89,111,110,102,111,110,104,0,99,78,33,95,0,3,4,4,0,0,0,0,10,0,9,0,0,5,43,56,21,14,47,0,0,0,0,0,0,0,0,2,1,0,0,11,0,0,0,23,0,100,103,0,0,0,0,0,0,0,0,1,0,0,0,7,12,3,549,0,0,5,5,11,0,1,0,0,49,47,0,0,0,0,0,2,85,0,0,0,0,0,7,6,0,0,0,0,0,0,20,3,0,0,0,0,0,6,0,0,5,6,0,0,0,0,5,0,0,0,0,0,0,1180,9,6,0,0,0,0,2,0,0,0,0,0,0,0,0,18,0,0,0,0,599,1,1,72,0,0,0,0,0,95,5,0,0,2704,0,3,0,0,0,0,0,0,0,0,4,4,0,96,0,96,0,96,0,18,0,0,0,0,0,0,43,237,88,0,94,94,0,0,78,0,74,71,20,92,0,0,88,0,94,0,6,1,9,0,0,12,0,0,0,0,0,0,0,0,0,0,76,0,0,0,0,0,0,11,0,13,0,0,7,0,0,149,0,0,0,146,0,45,0,0,0,0,0,0,0,0,159,12,0,0,94,0,13,0,0
"2019-01-04","Jharkhand","20","Hazaribagh","332","Barkatha","2650","Urban",0,0,0,0,0,0,0,0,0,0,0,0,0,0,0,0,0,0,0,0,0,0,0,0,0,0,0,0,0,0,0,0,0,0,0,0,0,0,0,0,0,0,0,0,0,0,0,0,0,0,0,0,0,0,0,0,0,0,0,0,0,0,0,0,0,0,0,0,0,0,0,0,0,0,0,0,0,0,0,0,0,0,0,0,0,0,0,0,0,0,0,0,0,0,0,0,0,0,0,0,0,0,0,0,0,0,0,0,0,0,0,0,0,0,0,0,0,0,0,0,0,0,0,0,0,0,0,0,0,0,0,0,0,0,0,0,0,0,0,0,0,0,0,0,0,0,0,0,0,0,0,0,0,0,0,0,0,0,0,0,0,0,0,0,0,0,0,0,0,0,0,0,0,0,0,0,0,0,0,0,0,0,0,0,0,0,0,0,0,0,0,0,0,0,0,0,0,0,0,0,0,0,0,0,0,0,0,0,0,0,0,0,0,0,0,0,0,0,0,0,0,0,0,0,0,0,0,0,0,0,0,0,0,0,0,0,0,0,0,0,0,0,0,0,0,0,0,0,0,0,0,0,0,0,0,0,0,0,0,0,0,0,0,0,0,0,0,0,0,0,0,0,0,0,0,0,0,0,0,0,0,0,0,0,0,0
"2019-01-11","Odisha","21","Nabarangpur","366","Chandahandi","3190","Total",4,7533,414,0,4,138,0,142,92,0,0,0,133,57,0,0,0,124,145,10,0,0,0,10,134,128,120,149,67,130,128,117,146,137,123,157,0,142,0,0,57,0,0,8,0,0,2,0,0,0,0,0,0,0,0,69,73,76,66,105,0,0,0,0,0,0,0,0,0,1,0,0,8,0,0,0,1,66,76,76,0,2,0,0,12,0,18,0,2,0,0,0,24,132,18,221,0,0,45,12,0,0,0,0,0,40,48,0,0,0,0,0,0,7,0,0,0,0,0,0,0,0,0,15,0,0,0,2,1,0,2,0,0,0,117,0,0,0,0,0,0,0,0,60,0,0,0,1,0,225,3648,0,0,123,383,0,1,3338,0,0,0,0,0,0,0,0,3,0,4,0,0,664,6,2,75,0,0,0,5,0,85,8,32,7,1197,0,0,0,0,0,0,0,0,0,0,69,76,0,82,29,82,6,88,0,3,0,0,0,0,3,1,165,169,9,0,181,177,0,0,119,0,129,136,0,69,5,0,119,0,115,0,97,1,77,0,0,0,51,0,0,4,4,66,66,6,0,0,136,4,85,0,0,0,0,18,0,30,0,0,0,0,0,9,0,0,0,0,0,1106,0,0,0,0,5,0,0,0,125,0,0,0,138,0,0,85,6
"2019-01-06","Assam","18","Karimganj","293","Patharkandi Bphc","2104","Urban",0,0,0,0,0,0,0,0,0,0,0,0,0,0,0,0,0,0,0,0,0,0,0,0,0,0,0,0,0,0,0,0,0,0,0,0,0,0,0,0,0,0,0,0,0,0,0,0,0,0,0,0,0,0,0,0,0,0,0,0,0,0,0,0,0,0,0,0,0,0,0,0,0,0,0,0,0,0,0,0,0,0,0,0,0,0,0,0,0,0,0,0,0,0,0,0,0,0,0,0,0,0,0,0,0,0,0,0,0,0,0,0,0,0,0,0,0,0,0,0,0,0,0,0,0,0,0,0,0,0,0,0,0,0,0,0,0,0,0,0,0,0,0,0,0,0,0,0,0,0,0,0,0,0,0,0,0,0,0,0,0,0,0,0,0,0,0,0,0,0,0,0,0,0,0,0,0,0,0,0,0,0,0,0,0,0,0,0,0,0,0,0,0,0,0,0,0,0,0,0,0,0,0,0,0,0,0,0,0,0,0,0,0,0,0,0,0,0,0,0,0,0,0,0,0,0,0,0,0,0,0,0,0,0,0,0,0,0,0,0,0,0,0,0,0,0,0,0,0,0,0,0,0,0,0,0,0,0,0,0,0,0,0,0,0,0,0,0,0,0,0,0,0,0,0,0,0,0,0,0,0,0,0,0,0,0
"2019-01-12","West Bengal","19","Medinipur East","317","Contai Municipality","2488","Public",0,4072,0,0,0,61,0,60,2,0,0,0,64,0,0,0,0,36,43,0,0,0,0,0,54,36,51,42,2,63,36,51,42,36,50,34,0,59,38,50,0,0,0,0,0,0,0,0,0,0,0,0,0,0,0,46,43,16,11,56,0,0,0,0,0,0,0,0,0,0,0,0,0,0,0,0,15,0,27,27,0,0,1,1,0,0,0,0,0,0,0,0,0,0,0,0,0,0,0,0,0,0,0,0,0,1,0,0,0,0,0,0,0,6,0,0,0,0,0,0,0,0,0,22,0,0,0,0,0,0,0,0,0,0,66,0,0,0,0,0,0,5,0,0,0,0,0,0,0,18,18,0,0,53,347,0,0,441,0,0,0,0,0,0,0,0,0,0,0,0,0,104,1,0,0,0,0,0,0,0,0,0,0,0,1134,0,0,0,0,0,0,0,0,0,0,0,0,0,1,0,0,0,1,0,0,0,0,0,0,0,0,59,34,29,0,66,66,0,0,35,0,49,54,3,8,0,0,38,0,0,0,0,0,0,0,0,0,0,0,0,0,0,0,0,0,0,0,48,0,0,0,0,1,33,217,0,204,17,0,47,1,0,0,0,0,0,0,0,16,0,0,0,0,0,0,0,0,26,0,0,0,51,4,20,0,0
"2019-01-04","Odisha","21","Nayagarh","367","Gania","3022","Urban",0,0,0,0,0,0,0,0,0,0,0,0,0,0,0,0,0,0,0,0,0,0,0,0,0,0,0,0,0,0,0,0,0,0,0,0,0,0,0,0,0,0,0,0,0,0,0,0,0,0,0,0,0,0,0,0,0,0,0,0,0,0,0,0,0,0,0,0,0,0,0,0,0,0,0,0,0,0,0,0,0,0,0,0,0,0,0,0,0,0,0,0,0,0,0,0,0,0,0,0,0,0,0,0,0,0,0,0,0,0,0,0,0,0,0,0,0,0,0,0,0,0,0,0,0,0,0,0,0,0,0,0,0,0,0,0,0,0,0,0,0,0,0,0,0,0,0,0,0,0,0,0,0,0,0,0,0,0,0,0,0,0,0,0,0,0,0,0,0,0,0,0,0,0,0,0,0,0,0,0,0,0,0,0,0,0,0,0,0,0,0,0,0,0,0,0,0,0,0,0,0,0,0,0,0,0,0,0,0,0,0,0,0,0,0,0,0,0,0,0,0,0,0,0,0,0,0,0,0,0,0,0,0,0,0,0,0,0,0,0,0,0,0,0,0,0,0,0,0,0,0,0,0,0,0,0,0,0,0,0,0,0,0,0,0,0,0,0,0,0,0,0,0,0,0,0,0,0,0,0,0,0,0,0,0,0
"2019-01-01","Rajasthan","8","Udaipur","117","Sarada","693","Private",0,0,0,0,0,0,0,0,0,0,0,0,0,0,0,0,0,0,0,0,0,0,0,0,0,0,0,0,0,0,0,0,0,0,0,0,0,0,0,0,0,0,0,0,0,0,0,0,0,0,0,0,0,0,0,0,0,0,0,0,0,0,0,0,0,0,0,0,0,0,0,0,0,0,0,0,0,0,0,0,0,0,0,0,0,0,0,0,0,0,0,0,0,0,0,0,0,0,0,0,0,0,0,0,0,0,0,0,0,0,0,0,0,0,0,0,0,0,0,0,0,0,0,0,0,0,0,0,0,0,0,0,0,0,0,0,0,0,0,0,0,0,0,0,0,0,0,0,0,0,0,0,0,0,0,0,0,0,0,0,0,0,0,0,0,0,0,0,0,0,0,0,0,0,0,0,0,0,0,0,0,0,0,0,0,0,0,0,0,0,0,0,0,0,0,0,0,0,0,0,0,0,0,0,0,0,0,0,0,0,0,0,0,0,0,0,0,0,0,0,0,0,0,0,0,0,0,0,0,0,0,0,0,0,0,0,0,0,0,0,0,0,0,0,0,0,0,0,0,0,0,0,0,0,0,0,0,0,0,0,0,0,0,0,0,0,0,0,0,0,0,0,0,0,0,0,0,0,0,0,0,0,0,0,0,0
"2020-01-09","Andhra Pradesh","28","Spsr Nellore","515","Kovur","5178","Private",0,0,0,0,0,0,0,0,0,0,0,0,0,0,0,0,0,0,0,0,0,0,0,0,0,0,0,0,0,0,0,0,0,0,0,0,0,0,0,0,0,0,0,0,0,0,0,0,0,0,0,0,0,0,0,0,0,0,0,0,0,0,0,0,0,0,0,0,0,0,0,0,0,0,0,0,0,0,0,0,0,0,0,0,0,0,0,0,0,0,0,0,0,0,0,0,0,0,0,0,0,0,0,0,0,0,0,0,0,0,0,0,0,0,0,0,0,0,0,0,0,0,0,0,0,0,0,0,0,0,0,0,0,0,0,0,0,0,0,0,0,0,0,0,0,0,0,0,0,0,0,0,0,0,0,0,0,0,0,0,0,0,0,0,0,0,0,0,0,0,0,0,0,0,0,0,0,0,0,0,0,0,0,0,0,0,0,0,0,0,0,0,0,0,0,0,0,0,0,0,0,0,0,0,0,0,0,0,0,0,0,0,0,0,0,0,0,0,0,0,0,0,0,0,0,0,0,0,0,0,0,0,0,0,0,0,0,0,0,0,0,0,0,0,0,0,0,0,0,0,0,0,0,0,0,0,0,0,0,0,0,0,0,0,0,0,0,0,0,0,0,0,0,0,0,0,0,0,0,0,0,0,0,0,0,0
"2020-01-07","Tamil Nadu","33","Tiruppur","634","Uthukuli","6616","Urban",0,0,0,0,0,0,0,0,0,0,0,0,0,0,0,0,0,0,0,0,0,0,0,0,0,0,0,0,0,0,0,0,0,0,0,0,0,0,0,0,0,0,0,0,0,0,0,0,0,0,0,0,0,0,0,0,0,0,0,0,0,0,0,0,0,0,0,0,0,0,0,0,0,0,0,0,0,0,0,0,0,0,0,0,0,0,0,0,0,0,0,0,0,0,0,0,0,0,0,0,0,0,0,0,0,0,0,0,0,0,0,0,0,0,0,0,0,0,0,0,0,0,0,0,0,0,0,0,0,0,0,0,0,0,0,0,0,0,0,0,0,0,0,0,0,0,0,0,0,0,0,0,0,0,0,0,0,0,0,0,0,0,0,0,0,0,0,0,0,0,0,0,0,0,0,0,0,0,0,0,0,0,0,0,0,0,0,0,0,0,0,0,0,0,0,0,0,0,0,0,0,0,0,0,0,0,0,0,0,0,0,0,0,0,0,0,0,0,0,0,0,0,0,0,0,0,0,0,0,0,0,0,0,0,0,0,0,0,0,0,0,0,0,0,0,0,0,0,0,0,0,0,0,0,0,0,0,0,0,0,0,0,0,0,0,0,0,0,0,0,0,0,0,0,0,0,0,0,0,0,0,0,0,0,0,0
"2019-01-05","Tamil Nadu","33","Namakkal","580","Mohanur","6635","Urban",0,0,0,0,0,0,0,0,0,0,0,0,0,0,0,0,0,0,0,0,0,0,0,0,0,0,0,0,0,0,0,0,0,0,0,0,0,0,0,0,0,0,0,0,0,0,0,0,0,0,0,0,0,0,0,0,0,0,0,0,0,0,0,0,0,0,0,0,0,0,0,0,0,0,0,0,0,0,0,0,0,0,0,0,0,0,0,0,0,0,0,0,0,0,0,0,0,0,0,0,0,0,0,0,0,0,0,0,0,0,0,0,0,0,0,0,0,0,0,0,0,0,0,0,0,0,0,0,0,0,0,0,0,0,0,0,0,0,0,0,0,0,0,0,0,0,0,0,0,0,0,0,0,0,0,0,0,0,0,0,0,0,0,0,0,0,0,0,0,0,0,0,0,0,0,0,0,0,0,0,0,0,0,0,0,0,0,0,0,0,0,0,0,0,0,0,0,0,0,0,0,0,0,0,0,0,0,0,0,0,0,0,0,0,0,0,0,0,0,0,0,0,0,0,0,0,0,0,0,0,0,0,0,0,0,0,0,0,0,0,0,0,0,0,0,0,0,0,0,0,0,0,0,0,0,0,0,0,0,0,0,0,0,0,0,0,0,0,0,0,0,0,0,0,0,0,0,0,0,0,0,0,0,0,0,0
"2019-01-11","Meghalaya","17","North Garo Hills","656","Resubelpara Block","1970","Public",5,6113,225,0,0,0,20,225,282,5,0,0,169,76,0,0,0,285,231,0,10,8,0,70,187,291,233,244,150,158,289,241,240,244,155,94,0,237,190,89,71,0,0,93,15,0,2,0,0,1,0,0,0,0,2,117,129,33,49,79,0,0,0,0,0,0,0,0,1,0,0,0,40,0,0,30,11,16,277,332,0,1,0,1,1,0,39,3,7,0,1,0,42,181,36,1347,0,10,94,49,68,0,18,0,0,121,118,0,5,0,6,1,0,22,0,0,7,0,0,1,1,0,6,12,2,0,0,0,7,2,1,0,0,0,229,0,0,0,0,0,0,0,1,2,0,0,0,1,0,70,210,0,0,0,305,0,3,181,0,0,0,0,0,0,0,0,9,0,3,0,0,540,121,23,258,0,1,0,2,3,90,0,0,9,831,0,2,0,25,0,0,0,0,0,0,148,158,0,227,6,95,128,229,0,35,0,0,0,0,0,2,64,153,105,0,186,180,1,0,211,4,284,240,77,280,8,0,250,100,173,0,0,1,8,0,0,0,29,0,0,0,0,16,61,0,0,4,105,6,57,0,0,0,127,3,0,49,0,0,57,0,0,0,0,0,0,0,149,1292,0,0,0,0,5,0,0,0,1059,0,0,0,333,77,204,112,85
"2020-01-04","Uttar Pradesh","9","Kanpur Dehat","156","Rasulabad","843","Rural",0,481,0,0,0,0,0,0,129,0,0,0,0,129,0,0,0,0,0,0,0,0,0,0,0,0,0,0,129,0,0,0,0,0,0,0,0,0,0,0,129,0,0,0,0,0,0,0,0,0,0,0,0,0,0,0,0,0,0,0,0,0,0,0,0,0,0,0,0,0,0,0,11,0,0,0,10,0,0,0,0,0,0,0,0,1,0,1,0,0,0,0,0,162,4,45,0,0,12,5,0,0,0,0,0,55,79,0,0,0,0,0,0,12,0,0,0,0,0,0,0,0,0,0,0,0,0,0,0,0,0,0,0,0,0,0,0,0,0,0,0,0,4,0,0,0,0,0,0,0,0,0,0,0,300,0,0,0,0,0,0,0,0,0,0,0,7,0,0,0,0,15,0,0,0,0,0,0,0,0,133,0,0,0,9,0,0,0,0,0,0,0,0,0,0,0,0,0,134,17,0,0,134,0,12,0,0,0,1,62,5,0,120,0,0,0,0,2,0,0,0,0,0,0,15,0,0,0,0,0,0,0,1,0,0,0,1,24,0,0,0,0,0,0,0,0,1,0,0,132,0,0,0,0,0,0,0,0,0,0,0,0,109,0,0,0,0,0,0,0,0,0,0,0,0,0,0,20,1,0,0,0,0,0,0,0
"2019-01-05","Rajasthan","8","Chittorgarh","95","Dungla","661","Urban",0,0,0,0,0,0,0,0,0,0,0,0,0,0,0,0,0,0,0,0,0,0,0,0,0,0,0,0,0,0,0,0,0,0,0,0,0,0,0,0,0,0,0,0,0,0,0,0,0,0,0,0,0,0,0,0,0,0,0,0,0,0,0,0,0,0,0,0,0,0,0,0,0,0,0,0,0,0,0,0,0,0,0,0,0,0,0,0,0,0,0,0,0,0,0,0,0,0,0,0,0,0,0,0,0,0,0,0,0,0,0,0,0,0,0,0,0,0,0,0,0,0,0,0,0,0,0,0,0,0,0,0,0,0,0,0,0,0,0,0,0,0,0,0,0,0,0,0,0,0,0,0,0,0,0,0,0,0,0,0,0,0,0,0,0,0,0,0,0,0,0,0,0,0,0,0,0,0,0,0,0,0,0,0,0,0,0,0,0,0,0,0,0,0,0,0,0,0,0,0,0,0,0,0,0,0,0,0,0,0,0,0,0,0,0,0,0,0,0,0,0,0,0,0,0,0,0,0,0,0,0,0,0,0,0,0,0,0,0,0,0,0,0,0,0,0,0,0,0,0,0,0,0,0,0,0,0,0,0,0,0,0,0,0,0,0,0,0,0,0,0,0,0,0,0,0,0,0,0,0,0,0,0,0,0,0
"2019-01-09","Karnataka","29","Ballari","528","Hospet","5498","Public",15,240347,964,0,65,796,0,738,761,0,0,0,698,407,0,0,0,466,437,54,0,0,6,54,671,689,739,806,462,688,689,739,809,520,70,81,0,1313,4476,4353,358,0,0,116,44,0,0,0,0,0,0,60,0,0,4,367,375,355,116,221,0,0,6,0,0,0,0,7,1,7,23,10,43,0,0,12,555,114,267,272,0,2,1,2,13,2,3,3,35,6,18,5,191,2292,130,3170,0,5,1530,135,203,5,92,0,0,200,224,0,0,0,0,0,10,492,1,4,19,218,127,1,6,1,6,96,0,15,1,4,16,8,0,11,6,1,127,0,0,29,0,0,0,1,33,66,0,0,0,1,0,4421,0,4,5,717,1098,65,1,4994,0,0,0,0,0,2,24,0,41,4,5,0,80,2972,4,1,234,0,0,0,2,0,425,53,58,13,23439,36,578,0,78,0,0,0,0,0,0,649,675,0,424,21,131,54,423,0,169,1,0,0,46,22,6,459,806,731,0,910,857,18,0,722,1,605,629,164,735,67,63,930,23,701,0,0,0,26,0,0,64,41,0,3,65,52,111,91,1,0,16,606,351,0,0,1,523,1077,1976,54,2711,154,0,1552,14,0,678,0,0,0,458,937,7,223,122,6,8,8,0,0,0,11927,106,0,0,701,259,1135,978,7
"2020-01-07","West Bengal","19","Murshidabad","319","Kandi","2240","Public",17,16587,0,0,0,534,0,534,607,0,0,0,487,587,0,0,0,476,523,0,0,0,0,0,491,446,597,537,562,487,446,597,537,446,597,538,0,534,469,377,153,0,0,72,0,0,0,3,0,0,0,0,0,0,0,256,278,280,212,475,0,0,105,0,0,0,0,3,5,4,10,12,27,0,0,0,0,0,172,172,0,0,0,0,56,17,17,20,3,0,1,0,60,448,31,640,0,0,64,28,0,0,13,0,0,280,317,0,0,0,0,0,0,0,0,41,24,20,1,0,1,0,1,63,0,0,0,0,0,1,0,0,2,0,82,0,0,0,0,0,0,1,44,1006,0,0,0,1,0,2172,2477,0,0,491,2953,45,6,9594,0,0,0,0,0,0,0,0,1,0,115,0,0,875,8,0,145,0,0,0,0,0,606,158,51,7,594,0,0,0,0,0,0,0,0,0,0,209,174,0,592,172,5,7,597,0,2,0,0,0,6,50,35,617,89,745,0,428,358,23,0,514,0,411,663,51,789,2,2,359,669,272,0,73,0,0,0,41,0,0,0,0,0,0,0,0,0,0,4,420,0,0,0,0,0,41,144,1,237,0,0,21,4,0,0,0,0,0,0,0,57,20,1,0,0,17,0,0,0,1139,189,0,0,458,0,25,543,7
"2020-01-01","Gujarat","24","Sabar Kantha","458","Vijaynagar","3761","Urban",0,0,0,0,0,0,0,0,0,0,0,0,0,0,0,0,0,0,0,0,0,0,0,0,0,0,0,0,0,0,0,0,0,0,0,0,0,0,0,0,0,0,0,0,0,0,0,0,0,0,0,0,0,0,0,0,0,0,0,0,0,0,0,0,0,0,0,0,0,0,0,0,0,0,0,0,0,0,0,0,0,0,0,0,0,0,0,0,0,0,0,0,0,0,0,0,0,0,0,0,0,0,0,0,0,0,0,0,0,0,0,0,0,0,0,0,0,0,0,0,0,0,0,0,0,0,0,0,0,0,0,0,0,0,0,0,0,0,0,0,0,0,0,0,0,0,0,0,0,0,0,0,0,0,0,0,0,0,0,0,0,0,0,0,0,0,0,0,0,0,0,0,0,0,0,0,0,0,0,0,0,0,0,0,0,0,0,0,0,0,0,0,0,0,0,0,0,0,0,0,0,0,0,0,0,0,0,0,0,0,0,0,0,0,0,0,0,0,0,0,0,0,0,0,0,0,0,0,0,0,0,0,0,0,0,0,0,0,0,0,0,0,0,0,0,0,0,0,0,0,0,0,0,0,0,0,0,0,0,0,0,0,0,0,0,0,0,0,0,0,0,0,0,0,0,0,0,0,0,0,0,0,0,0,0,0
"2020-01-10","Bihar","10","Bhojpur","193","Koilwar","1424","Public",0,5308,938,0,0,338,0,334,203,0,0,0,270,184,0,0,0,379,302,0,0,0,0,0,271,376,361,302,192,273,376,361,302,379,361,299,0,238,118,64,12,0,0,0,0,0,0,0,0,0,0,0,0,0,0,156,176,79,87,201,0,0,0,0,0,0,0,0,0,0,0,0,0,0,0,0,3,0,250,252,0,0,0,0,25,8,24,18,0,0,0,0,0,169,10,75,0,0,8,23,0,0,0,0,0,103,116,0,0,0,0,0,0,0,0,0,0,0,0,0,0,0,0,0,0,0,0,0,0,0,0,0,0,0,187,0,0,0,0,0,0,0,0,380,0,0,0,0,0,21,76,0,0,271,181,0,1,2470,0,0,0,0,0,0,0,0,4,0,67,0,0,110,0,0,223,0,0,0,0,0,221,33,0,18,78,0,0,0,0,0,0,0,0,0,0,0,0,0,217,13,52,0,219,0,12,0,0,0,0,10,2,77,107,0,0,332,217,0,0,1,0,165,172,189,0,0,0,369,0,0,0,0,0,70,0,0,0,0,0,0,0,0,0,0,0,0,0,219,1,221,0,0,0,115,21,0,22,0,0,0,0,0,0,0,0,0,0,0,2,0,0,0,0,2,0,0,0,0,0,0,0,341,0,0,0,0
"2019-01-08","Chhattisgarh","22","Janjgir-Champa","379","Maalkharaud","3285","Public",6,5967,0,0,0,0,0,194,180,0,0,0,208,74,0,0,0,177,178,0,0,12,0,0,198,201,194,204,108,208,201,194,204,120,69,0,0,194,28,41,16,0,0,66,0,0,0,0,0,0,0,0,0,0,0,97,94,96,97,136,0,0,0,0,0,0,0,0,0,0,0,0,0,0,0,0,67,0,162,182,0,0,0,0,0,0,0,0,0,0,0,0,0,151,4,0,0,0,44,3,0,0,0,0,0,45,59,0,3,0,1,1,0,29,0,14,0,0,0,0,0,0,0,0,0,0,0,0,0,0,0,0,0,0,126,0,0,0,0,0,0,0,0,10,0,0,0,0,0,15497,0,0,0,0,71,0,0,626,0,0,0,0,0,0,0,0,0,0,0,0,0,1769,0,0,162,0,0,0,0,0,101,13,0,15,1075,0,7,0,0,0,0,0,0,0,0,108,124,0,103,20,95,0,103,0,21,0,0,0,0,11,1,312,216,81,0,311,201,0,0,211,0,273,310,0,326,13,13,260,4,565,0,0,2,268,0,0,0,0,0,0,0,0,0,0,0,0,0,226,28,2,0,0,0,4,22,0,30,0,0,17,0,0,0,0,0,0,0,11,401,0,0,0,0,0,0,0,0,1086,0,0,0,273,222,871,114,4
"2020-01-02","Telangana","36","Nalgonda","514","Nalgonda","4646","Private",0,0,0,0,0,0,0,0,345,0,0,0,0,345,0,0,0,10,9,0,0,0,0,0,0,8,7,9,345,0,8,7,9,11,8,9,0,0,0,0,545,0,0,0,0,0,0,0,0,0,0,0,0,0,0,0,0,0,0,0,0,0,98,0,0,0,0,0,0,0,0,0,0,0,0,0,0,0,0,0,0,0,0,0,0,0,0,0,0,0,0,0,0,0,0,0,0,0,0,0,0,0,0,0,0,271,274,0,0,0,0,0,0,0,3,2,0,0,0,0,0,0,0,0,0,0,0,0,0,0,0,0,0,0,0,0,0,0,0,0,0,0,0,0,0,0,0,0,0,0,0,0,0,0,0,0,0,0,0,0,0,0,0,0,0,0,0,0,0,0,0,0,0,0,0,0,0,0,0,0,545,74,75,0,0,0,0,0,0,0,0,0,0,0,0,0,0,0,545,8,0,0,537,0,0,0,0,0,54,0,0,0,0,0,0,0,0,0,0,0,0,0,0,0,0,0,0,0,0,0,0,0,0,0,0,0,0,0,0,0,0,0,0,0,0,0,0,0,0,147,0,0,0,0,0,0,0,0,0,0,0,0,0,0,0,0,0,0,0,0,0,0,0,0,0,0,0,0,398,0,0,0,0,0,0,0
"2020-01-08","Tamil Nadu","33","Thiruvarur","590","Thiruthuraipoondi","5809","Private",0,0,0,0,0,0,0,0,0,0,0,0,0,0,0,0,0,0,0,0,0,0,0,0,0,0,0,0,0,0,0,0,0,0,0,0,0,0,0,0,0,0,0,0,0,0,0,0,0,0,0,0,0,0,0,0,0,0,0,0,0,0,0,0,0,0,0,0,0,0,0,0,0,0,0,0,0,0,0,0,0,0,0,0,0,0,0,0,0,0,0,0,0,0,0,0,0,0,0,0,0,0,0,0,0,0,0,0,0,0,0,0,0,0,0,0,0,0,0,0,0,0,0,0,0,0,0,0,0,0,0,0,0,0,0,0,0,0,0,0,0,0,0,0,0,0,0,0,0,0,0,0,0,0,0,0,0,0,0,0,0,0,0,0,0,0,0,0,0,0,0,0,0,0,0,0,0,0,0,0,0,0,0,0,0,0,0,0,0,0,0,0,0,0,0,0,0,0,0,0,0,0,0,0,0,0,0,0,0,0,0,0,0,0,0,0,0,0,0,0,0,0,0,0,0,0,0,0,0,0,0,0,0,0,0,0,0,0,0,0,0,0,0,0,0,0,0,0,0,0,0,0,0,0,0,0,0,0,0,0,0,0,0,0,0,0,0,0,0,0,0,0,0,0,0,0,0,0,0,0,0,0,0,0,0,0
"2019-01-04","Himachal Pradesh","2","Kullu","20","Kullu Rh","118","Private",0,456,0,0,0,0,0,0,34,0,0,0,0,34,0,0,0,0,0,0,0,0,0,0,0,0,0,0,34,0,0,0,0,0,0,0,0,0,0,0,79,0,0,0,0,0,0,0,0,0,0,0,0,0,0,0,0,0,0,0,0,0,0,0,0,0,0,0,0,0,0,0,0,0,0,0,130,0,0,0,0,0,0,0,0,0,0,0,0,0,0,0,0,57,23,0,0,0,24,21,0,0,0,0,0,38,41,0,0,0,0,0,0,24,0,21,0,43,30,0,0,0,0,0,0,0,0,0,0,0,0,0,0,0,0,0,0,0,0,0,0,0,33,0,0,0,0,0,0,0,0,0,0,0,0,0,0,0,0,0,0,0,0,0,0,0,0,0,0,0,43,454,0,0,0,0,0,0,0,0,79,0,0,0,454,0,0,0,30,0,0,0,0,0,0,0,0,0,46,7,0,0,79,0,0,0,0,0,0,0,0,0,13,0,0,60,60,0,0,0,0,23,6,0,0,0,0,0,0,0,0,0,0,0,0,0,38,7,0,0,0,0,0,0,0,0,0,0,6,46,0,0,0,0,0,0,0,0,0,0,0,0,0,0,0,0,0,0,0,43,30,0,0,0,0,0,0,0,33,0,0,0,0,0,33,79
"2019-01-09","Odisha","21","Baleshwar","346","Dist Level Facility","2897","Urban",1,3578,0,0,0,50,0,50,0,0,0,0,35,0,0,0,0,53,42,2,0,0,0,1,43,53,47,41,0,43,53,47,41,53,47,41,0,50,0,0,0,0,0,0,0,0,0,0,0,0,0,0,0,0,67,22,28,659,573,31,0,0,0,0,0,0,0,0,0,0,0,0,0,0,0,0,0,0,31,31,0,0,0,0,0,0,0,0,0,0,0,0,0,0,0,0,0,0,0,0,0,0,0,0,0,0,1,0,0,0,0,0,0,0,0,0,1,0,0,0,0,0,0,0,0,0,0,0,0,0,0,0,0,0,52,0,0,0,0,0,0,0,0,1,0,0,0,0,0,15,180,0,0,32,91,0,0,238,0,0,0,0,0,0,0,0,0,0,0,0,1,252,1,0,28,0,0,0,0,0,0,0,0,0,516,0,0,0,0,0,0,0,0,0,0,25,33,0,1,1,67,1,1,0,0,0,0,0,0,0,0,65,8,8,0,64,36,0,0,50,0,42,49,6,35,0,0,54,6,54,0,0,1,0,0,0,0,22,0,0,0,0,0,0,0,0,1,34,1,0,0,0,0,0,117,0,158,0,0,0,0,0,0,0,0,0,0,0,124,0,0,0,0,0,0,0,0,8,0,0,0,45,1,8,68,1
"2019-01-06","Bihar","10","Bhagalpur","192","Kahalgaon","1336","Total",0,8085,2852,0,0,946,0,885,552,0,0,0,869,220,0,0,0,718,825,60,0,0,0,52,808,723,887,852,252,881,736,894,849,0,0,0,0,0,0,0,242,0,0,0,0,0,0,0,0,0,0,0,0,0,0,409,459,85,144,255,0,0,0,0,0,0,0,0,0,0,0,0,0,0,0,0,0,0,301,301,3,4,0,1,73,2,27,25,0,0,0,0,0,266,120,511,0,0,0,125,0,0,0,0,13,212,250,0,0,0,0,0,0,0,0,0,0,0,0,0,0,0,0,0,0,0,0,0,0,0,0,0,0,0,301,0,0,0,0,0,0,0,0,58,0,0,0,0,0,0,0,0,0,841,288,0,0,4781,0,0,0,0,0,0,0,0,0,0,35,0,0,1591,119,0,301,0,0,0,2,1,346,8,11,2,1523,0,0,0,0,0,0,0,0,0,0,0,0,0,462,22,184,10,462,0,0,0,0,0,10,43,0,175,0,0,0,962,453,0,0,40,0,579,652,331,554,5,0,515,0,853,0,0,0,0,0,0,21,123,0,0,0,0,0,0,0,0,0,680,0,346,0,0,0,0,0,0,0,0,0,0,0,0,0,0,0,0,0,0,42,0,0,0,0,3,0,0,0,0,0,0,0,910,0,0,0,0
"2019-01-09","West Bengal","19","Birbhum","307","Dubrajpur","2266","Urban",0,0,0,0,0,0,0,0,0,0,0,0,0,0,0,0,0,0,0,0,0,0,0,0,0,0,0,0,0,0,0,0,0,0,0,0,0,0,0,0,0,0,0,0,0,0,0,0,0,0,0,0,0,0,0,0,0,0,0,0,0,0,0,0,0,0,0,0,0,0,0,0,0,0,0,0,0,0,0,0,0,0,0,0,0,0,0,0,0,0,0,0,0,0,0,0,0,0,0,0,0,0,0,0,0,0,0,0,0,0,0,0,0,0,0,0,0,0,0,0,0,0,0,0,0,0,0,0,0,0,0,0,0,0,0,0,0,0,0,0,0,0,0,0,0,0,0,0,0,0,0,0,0,0,0,0,0,0,0,0,0,0,0,0,0,0,0,0,0,0,0,0,0,0,0,0,0,0,0,0,0,0,0,0,0,0,0,0,0,0,0,0,0,0,0,0,0,0,0,0,0,0,0,0,0,0,0,0,0,0,0,0,0,0,0,0,0,0,0,0,0,0,0,0,0,0,0,0,0,0,0,0,0,0,0,0,0,0,0,0,0,0,0,0,0,0,0,0,0,0,0,0,0,0,0,0,0,0,0,0,0,0,0,0,0,0,0,0,0,0,0,0,0,0,0,0,0,0,0,0,0,0,0,0,0,0
"2019-01-08","Bihar","10","Buxar","194","Nawanagar","1445","Private",0,0,0,0,0,0,0,0,0,0,0,0,0,0,0,0,0,0,0,0,0,0,0,0,0,0,0,0,0,0,0,0,0,0,0,0,0,0,0,0,0,0,0,0,0,0,0,0,0,0,0,0,0,0,0,0,0,0,0,0,0,0,0,0,0,0,0,0,0,0,0,0,0,0,0,0,0,0,0,0,0,0,0,0,0,0,0,0,0,0,0,0,0,0,0,0,0,0,0,0,0,0,0,0,0,0,0,0,0,0,0,0,0,0,0,0,0,0,0,0,0,0,0,0,0,0,0,0,0,0,0,0,0,0,0,0,0,0,0,0,0,0,0,0,0,0,0,0,0,0,0,0,0,0,0,0,0,0,0,0,0,0,0,0,0,0,0,0,0,0,0,0,0,0,0,0,0,0,0,0,0,0,0,0,0,0,0,0,0,0,0,0,0,0,0,0,0,0,0,0,0,0,0,0,0,0,0,0,0,0,0,0,0,0,0,0,0,0,0,0,0,0,0,0,0,0,0,0,0,0,0,0,0,0,0,0,0,0,0,0,0,0,0,0,0,0,0,0,0,0,0,0,0,0,0,0,0,0,0,0,0,0,0,0,0,0,0,0,0,0,0,0,0,0,0,0,0,0,0,0,0,0,0,0,0,0
"2019-01-05","Kerala","32","Thiruvananthapuram","565","Others","9999","Private",7,120768,64,0,0,0,32,216,1159,21,14,10,203,910,22,55,28,189,252,0,0,0,297,8,0,370,260,253,959,232,370,260,233,52,59,27,26,22,21,11,587,0,110,66,38,0,0,0,0,79,0,0,0,0,70,119,139,161,89,234,0,0,21,0,0,5,8,38,25,13,0,0,282,0,0,0,679,0,47,47,0,0,0,0,0,0,0,0,295,11,19,5,26,2686,489,18186,0,0,1837,704,72,0,0,0,0,486,499,0,0,0,0,0,0,661,1,46,31,0,0,15,0,0,0,0,0,3,0,0,0,0,0,0,0,0,0,0,0,207,170,0,0,0,0,0,0,0,0,0,0,0,0,0,0,0,39,9,0,32,0,0,0,0,0,0,2,0,0,0,0,0,165,8000,0,0,0,0,0,0,0,0,1175,15,50,12,5172,42,5,6,203,0,0,0,0,0,0,39,39,0,876,74,32,0,974,0,0,12,0,0,80,0,4,32,745,484,0,220,340,0,7,40,0,681,489,14,74,84,0,314,93,0,12,0,0,0,0,0,456,266,0,212,0,0,0,0,0,0,22,92,162,25,0,0,432,33515,3165,12,2102,1893,0,1525,460,0,593,0,0,0,1701,2010,0,0,0,20,20,0,0,0,0,99,589,0,0,190,7,158,645,0
"2019-01-08","West Bengal","19","24 Paraganas South","304","Gosaba Block","2435","Urban",0,0,0,0,0,0,0,0,0,0,0,0,0,0,0,0,0,0,0,0,0,0,0,0,0,0,0,0,0,0,0,0,0,0,0,0,0,0,0,0,0,0,0,0,0,0,0,0,0,0,0,0,0,0,0,0,0,0,0,0,0,0,0,0,0,0,0,0,0,0,0,0,0,0,0,0,0,0,0,0,0,0,0,0,0,0,0,0,0,0,0,0,0,0,0,0,0,0,0,0,0,0,0,0,0,0,0,0,0,0,0,0,0,0,0,0,0,0,0,0,0,0,0,0,0,0,0,0,0,0,0,0,0,0,0,0,0,0,0,0,0,0,0,0,0,0,0,0,0,0,0,0,0,0,0,0,0,0,0,0,0,0,0,0,0,0,0,0,0,0,0,0,0,0,0,0,0,0,0,0,0,0,0,0,0,0,0,0,0,0,0,0,0,0,0,0,0,0,0,0,0,0,0,0,0,0,0,0,0,0,0,0,0,0,0,0,0,0,0,0,0,0,0,0,0,0,0,0,0,0,0,0,0,0,0,0,0,0,0,0,0,0,0,0,0,0,0,0,0,0,0,0,0,0,0,0,0,0,0,0,0,0,0,0,0,0,0,0,0,0,0,0,0,0,0,0,0,0,0,0,0,0,0,0,0,0
"2020-01-02","Odisha","21","Khordha","362","Balianta","3042","Rural",2,8801,1267,0,0,139,0,139,16,0,0,0,112,7,0,0,0,91,117,0,0,0,0,0,112,120,185,162,8,132,88,130,114,91,127,116,0,139,856,903,7,0,0,27,0,0,0,0,0,0,0,0,0,0,0,67,72,81,40,154,0,0,0,0,0,0,0,0,0,0,0,0,0,0,0,0,25,0,79,79,0,0,0,0,16,0,5,2,0,0,0,0,10,52,1,4,0,0,37,3,0,0,0,0,0,5,4,0,0,0,0,0,2,175,0,0,1,0,0,0,0,0,0,52,0,0,0,0,0,0,0,0,0,0,88,0,0,0,0,0,0,13,0,28,0,0,0,0,0,5314,5589,0,0,112,659,0,0,5407,0,0,0,0,0,0,0,0,2,0,44,0,0,505,0,0,79,0,0,0,0,0,8,25,0,15,4072,36,0,0,0,0,0,0,0,0,0,74,71,0,7,4,81,0,9,1,17,0,0,0,0,2,2,197,240,152,0,88,88,0,0,102,0,87,84,2,25,0,0,89,0,89,0,88,1,2,0,0,0,144,0,0,0,0,0,0,0,0,0,106,12,5,0,0,0,67,298,0,363,0,0,70,0,0,0,0,0,0,0,0,1209,0,0,0,0,0,0,0,0,73,0,0,0,106,14,81,70,0
"2019-01-10","Gujarat","24","Gir Somnath","675","Sutrapada","3836","Private",0,0,0,0,0,0,0,0,0,0,0,0,0,0,0,0,0,0,0,0,0,0,0,0,0,0,0,0,0,0,0,0,0,0,0,0,0,0,0,0,0,0,0,0,0,0,0,0,0,0,0,0,0,0,0,0,0,0,0,0,0,0,0,0,0,0,0,0,0,0,0,0,0,0,0,0,0,0,0,0,0,0,0,0,0,0,0,0,0,0,0,0,0,0,0,0,0,0,0,0,0,0,0,0,0,0,0,0,0,0,0,0,0,0,0,0,0,0,0,0,0,0,0,0,0,0,0,0,0,0,0,0,0,0,0,0,0,0,0,0,0,0,0,0,0,0,0,0,0,0,0,0,0,0,0,0,0,0,0,0,0,0,0,0,0,0,0,0,0,0,0,0,0,0,0,0,0,0,0,0,0,0,0,0,0,0,0,0,0,0,0,0,0,0,0,0,0,0,0,0,0,0,0,0,0,0,0,0,0,0,0,0,0,0,0,0,0,0,0,0,0,0,0,0,0,0,0,0,0,0,0,0,0,0,0,0,0,0,0,0,0,0,0,0,0,0,0,0,0,0,0,0,0,0,0,0,0,0,0,0,0,0,0,0,0,0,0,0,0,0,0,0,0,0,0,0,0,0,0,0,0,0,0,0,0,0
"2019-01-09","Rajasthan","8","Bharatpur","91","Bhusawar","6665","Total",8,43633,1942,0,187,0,0,589,452,0,0,0,295,306,0,0,0,511,351,0,0,0,0,0,295,525,383,354,367,295,525,383,354,525,383,354,0,589,165,87,369,0,4,129,0,0,1,0,0,8,0,2,0,3,0,305,284,163,152,173,0,0,0,0,0,0,0,5,3,5,25,0,126,0,0,0,43,311,277,280,0,4,0,2,13,4,19,5,958,0,0,10,197,857,142,1173,0,225,653,133,383,51,387,0,0,187,195,0,0,5,0,1,1,61,0,10,1,13,5,14,4,0,3,26,0,2,0,1,0,0,0,0,0,0,1,0,0,0,0,0,0,0,0,102,1,0,0,1,0,1067,6320,0,0,0,1318,0,7,18160,0,0,0,0,0,0,1,0,16,0,49,0,38,2535,1,1,217,0,0,0,1,0,380,92,0,33,15142,15,0,0,51,0,2,0,0,0,0,199,152,0,379,14,71,0,379,2,88,0,0,0,0,69,0,113,481,269,0,203,310,0,0,339,0,370,315,58,348,16,21,364,128,308,0,0,12,2,0,0,0,21,0,0,96,89,156,153,0,0,0,286,114,0,0,0,43,392,583,11,626,79,0,518,4,0,480,0,0,0,0,407,199,13,5,0,0,1,0,0,0,2870,0,0,0,428,180,1445,29,22
"2021-01-05","Bihar","10","Begusarai","191","Sahebpur Kamal","1318","Rural",0,13304,250,0,0,0,0,237,320,0,0,0,230,261,0,0,0,243,236,0,0,0,0,0,233,240,230,236,276,230,240,230,236,240,230,236,0,0,0,0,0,0,0,0,0,0,0,0,0,0,0,0,0,0,0,127,110,45,76,89,0,0,0,0,0,0,0,0,0,0,0,0,0,0,0,0,0,0,119,204,0,0,0,0,15,3,12,6,0,0,0,0,0,266,0,266,0,0,0,0,0,0,0,0,0,151,159,0,0,0,0,0,0,2,0,0,0,0,0,0,0,0,0,0,0,0,0,0,0,0,0,0,0,0,166,0,0,0,0,0,0,0,0,19,0,0,0,0,0,0,0,0,0,0,76,0,0,338,0,0,0,0,0,0,0,0,0,0,20,0,0,27,0,46,119,0,0,0,0,0,269,0,0,0,42,0,0,0,0,0,0,0,0,0,0,307,307,0,310,11,264,46,310,0,0,0,0,0,0,18,0,72,27,0,0,300,310,0,0,17,0,173,120,132,38,0,0,255,0,55,0,0,0,0,0,0,0,0,0,0,0,0,0,0,0,0,0,269,0,269,0,0,0,200,0,0,0,0,0,0,0,0,0,0,0,0,0,0,0,0,0,0,0,7,0,0,0,0,0,0,0,310,0,0,0,0
"2019-01-01","Jharkhand","20","Simdega","342","Bolba","2722","Rural",9,1240,0,0,12,0,0,50,49,0,0,0,48,12,0,0,0,40,49,0,0,0,0,1,49,40,41,49,38,49,40,42,50,40,40,49,0,50,38,22,39,0,0,2,0,0,0,0,0,0,0,0,0,0,0,24,26,18,14,29,0,0,0,0,0,0,0,0,0,0,0,0,0,0,0,0,0,15,50,50,0,2,0,0,4,0,7,8,0,0,0,0,0,15,0,15,0,0,0,0,0,0,0,0,0,30,32,0,0,0,0,0,0,0,0,1,1,0,0,0,0,0,0,1,0,1,0,0,0,0,0,0,0,0,41,0,0,0,0,0,0,0,0,20,0,0,0,0,0,0,20,0,0,0,281,0,0,2172,0,0,0,0,0,0,0,0,2,0,23,0,0,60,1,5,50,0,0,0,0,0,45,10,0,6,0,0,0,0,0,0,0,0,0,0,0,55,55,0,61,2,41,5,61,0,4,0,0,0,0,3,5,85,44,18,0,68,68,0,0,24,5,67,51,6,71,0,0,37,18,74,0,44,0,0,0,0,0,0,0,0,12,12,15,15,0,0,1,44,0,45,0,0,0,16,6,0,12,2,0,44,0,0,15,0,0,0,0,0,9,0,0,0,0,1,0,0,0,137,0,0,0,68,0,0,51,6
"2019-01-11","Bihar","10","Begusarai","191","Bachwara","1310","Urban",0,0,0,0,0,0,0,0,0,0,0,0,0,0,0,0,0,0,0,0,0,0,0,0,0,0,0,0,0,0,0,0,0,0,0,0,0,0,0,0,0,0,0,0,0,0,0,0,0,0,0,0,0,0,0,0,0,0,0,0,0,0,0,0,0,0,0,0,0,0,0,0,0,0,0,0,0,0,0,0,0,0,0,0,0,0,0,0,0,0,0,0,0,0,0,0,0,0,0,0,0,0,0,0,0,0,0,0,0,0,0,0,0,0,0,0,0,0,0,0,0,0,0,0,0,0,0,0,0,0,0,0,0,0,0,0,0,0,0,0,0,0,0,0,0,0,0,0,0,0,0,0,0,0,0,0,0,0,0,0,0,0,0,0,0,0,0,0,0,0,0,0,0,0,0,0,0,0,0,0,0,0,0,0,0,0,0,0,0,0,0,0,0,0,0,0,0,0,0,0,0,0,0,0,0,0,0,0,0,0,0,0,0,0,0,0,0,0,0,0,0,0,0,0,0,0,0,0,0,0,0,0,0,0,0,0,0,0,0,0,0,0,0,0,0,0,0,0,0,0,0,0,0,0,0,0,0,0,0,0,0,0,0,0,0,0,0,0,0,0,0,0,0,0,0,0,0,0,0,0,0,0,0,0,0,0
"2020-01-09","Maharashtra","27","Parbhani","489","Sonpeth","4121","Total",0,4754,0,0,0,0,0,141,179,0,0,0,145,50,0,0,0,169,173,0,0,0,0,0,145,169,152,176,162,145,169,151,177,169,162,176,0,142,95,88,86,0,0,0,0,0,0,0,0,0,0,0,0,0,0,70,71,113,111,119,0,0,0,0,0,0,0,0,0,0,0,0,0,0,0,0,0,0,61,61,0,0,0,0,0,0,0,0,0,0,0,0,0,69,3,48,0,0,49,5,0,0,0,0,0,45,36,0,0,0,0,0,0,0,0,0,0,10,10,0,0,0,0,9,0,2,0,0,6,0,0,0,1,0,97,0,0,0,0,0,0,0,0,0,0,0,0,0,0,0,0,0,0,0,0,0,0,0,0,0,0,0,0,0,0,0,0,0,0,0,0,0,0,0,37,0,0,0,0,0,81,27,0,2,0,0,0,0,0,0,0,0,0,0,0,10,10,0,81,3,125,0,80,0,0,0,0,0,0,26,0,0,0,0,0,104,104,0,0,31,0,57,67,51,87,0,0,92,13,100,0,0,0,0,0,0,0,0,0,0,0,0,0,0,0,0,0,89,0,81,0,0,0,0,6,0,8,0,0,0,0,0,0,0,0,0,0,0,0,10,10,0,0,0,0,0,0,0,0,0,0,104,0,0,10,0
"2019-01-04","Odisha","21","Kalahandi","358","Junagarh","3166","Total",10,13839,597,0,2,0,0,281,97,0,0,0,276,31,0,0,0,224,321,276,0,0,0,2,276,224,278,320,79,276,230,273,320,207,242,294,0,281,0,0,72,0,0,70,17,0,2,0,0,1,0,0,0,0,69,137,144,50,59,160,1,0,0,0,0,0,0,0,5,3,0,0,63,0,0,0,21,7,101,101,0,0,1,0,0,0,0,0,7,2,0,0,104,285,68,592,0,0,155,67,1,2,0,0,0,41,36,0,3,0,2,2,0,79,0,4,13,0,0,5,2,0,1,31,0,5,0,3,17,7,0,0,2,1,183,0,0,0,0,0,0,15,6,0,0,0,0,0,0,10,1145,0,0,179,364,2,0,2170,0,0,0,0,0,0,0,0,24,0,5,0,0,1776,3,0,97,0,0,0,1,0,76,8,8,5,4304,0,229,0,0,0,0,0,0,0,0,51,111,0,77,25,218,8,77,0,25,0,1,0,0,12,2,161,126,80,0,230,197,0,0,216,0,162,120,45,131,8,1,223,91,223,0,0,0,28,0,0,0,537,0,0,2,2,7,7,0,0,7,263,42,72,0,0,0,35,106,0,290,0,0,70,0,0,851,0,0,0,0,6,2230,0,0,0,0,2,0,0,0,250,1,0,0,287,0,128,208,3
"2020-01-01","Madhya Pradesh","23","Betul","394","Others","9999","Total",7,8821,1203,0,0,0,0,329,176,0,0,0,368,173,0,0,0,349,357,0,0,0,0,0,368,349,321,357,173,368,349,321,357,349,326,356,0,329,2,2,173,0,0,8,0,0,0,0,0,2,0,0,0,0,0,157,172,269,252,367,0,0,0,0,0,0,0,2,4,0,0,5,42,0,0,0,112,0,315,316,0,2,0,0,4,0,0,0,0,0,0,0,12,334,14,581,0,0,37,19,0,0,0,0,0,79,97,0,0,0,0,0,1,58,0,7,5,28,0,0,5,0,0,5,0,0,0,2,10,1,0,0,1,0,116,0,0,0,0,0,0,0,22,33,0,0,0,0,0,6,14876,23,10,0,1428,0,0,9544,0,0,0,0,0,0,0,0,30,0,0,0,0,779,3,0,307,0,0,0,4,0,177,16,0,12,1810,120,0,0,0,0,0,0,0,0,0,179,179,0,176,28,161,3,179,1,20,0,3,0,3,51,13,352,171,216,0,352,352,0,0,328,2,240,241,112,345,3,0,306,113,306,7,0,0,6,0,3,0,120,0,0,0,0,0,0,1,1,3,311,13,0,0,0,0,32,330,0,265,0,0,53,0,0,0,0,0,0,0,96,3436,28,0,0,0,4,0,0,0,1153,0,0,0,352,8,33,1,124
"2020-01-11","Maharashtra","27","Ahmednagar","466","Nagar","4209","Urban",19,262,0,0,0,0,0,419,592,0,0,0,453,557,0,0,0,513,390,0,0,0,0,31,468,586,541,395,733,453,572,529,395,431,536,542,0,156,101,109,1364,0,0,67,28,0,0,0,0,0,1,0,0,0,0,190,229,87,101,319,0,0,119,0,0,0,0,0,0,0,0,0,0,0,0,0,9,0,118,118,0,0,0,0,0,0,0,0,0,0,0,0,0,0,0,0,0,0,0,0,0,0,0,0,0,1172,1231,0,0,0,0,0,0,0,6,243,81,0,0,0,0,0,0,0,0,0,0,2,0,0,0,0,0,0,0,0,0,14,14,0,0,0,4,57,0,0,0,0,0,34,58,0,0,0,1784,14,6,1523,0,0,0,0,0,0,0,0,0,1,20,0,0,1130,0,0,91,0,0,0,0,0,2415,32,68,9,1313,23,0,0,0,0,0,0,0,0,0,1422,1422,0,2403,264,0,0,2403,0,0,1,11,0,53,89,28,6,0,980,0,762,755,45,5,321,0,436,274,234,351,59,55,528,648,918,9,0,0,0,0,5,77,9,0,0,0,0,0,0,0,0,57,594,9,530,0,0,0,0,0,0,0,0,0,0,0,0,0,0,0,0,190,0,0,0,0,0,0,12,0,0,0,0,778,0,0,686,0,0,992,0
"2020-01-10","Maharashtra","27","Solapur","496","Others","9999","Total",117,140394,3714,0,12,0,0,6528,7095,0,0,0,6242,2756,0,0,0,6641,6524,0,0,0,0,398,6084,6752,6660,6678,6358,6205,6671,6436,6602,6564,6258,6489,173,5498,3255,3019,2758,0,0,24,6,0,0,0,0,20,5,2,0,9,26,3287,3624,4376,4448,5200,0,0,439,0,0,10,8,6,7,0,137,41,178,0,0,22,2072,11,1830,1905,6,31,4,3,62,84,22,15,211,83,146,1,37,3348,1840,10384,0,1,1530,1558,27,7,32,0,0,3361,3492,180,0,0,0,0,17,3510,5,225,183,262,490,44,53,3,25,451,2,184,2,80,154,9,14,21,18,2,1207,0,0,616,606,0,0,1,105,751,0,0,0,5,0,649,30472,0,0,0,12574,33,25,21655,0,0,0,0,0,0,47,0,66,28,164,0,22,13954,3,0,1823,1,0,0,24,2,6861,1097,275,251,113430,255,522,0,6,0,1,0,0,3,0,2677,2464,0,6523,535,808,3,6733,18,89,23,33,27,250,313,152,4279,4955,322,0,6186,5546,139,0,4193,0,4622,3710,2476,4559,113,114,6010,260,5311,0,1,1,3658,0,1,356,717,0,1,8,7,8,8,20,0,160,5873,321,874,0,0,25,1002,1650,110,1604,800,9,1467,5,0,1161,0,0,0,782,4322,350,252,475,42,44,18,3,0,0,9924,1358,3,0,6321,18,109,1733,0
"2019-01-07","Bihar","10","Madhepura","205","Gamhariya","1158","Public",0,10991,1353,0,0,0,0,201,159,0,0,0,117,137,0,0,0,162,153,0,0,0,0,0,106,128,173,199,142,117,127,173,199,119,0,0,0,84,0,0,137,0,0,0,0,0,0,0,0,0,0,0,0,0,0,95,106,9,8,12,0,0,0,0,0,0,0,0,0,0,0,0,0,0,0,0,15,0,92,92,0,0,0,0,17,1,2,3,0,0,0,0,0,144,0,200,0,0,0,0,0,0,0,1,6,69,90,0,0,0,0,0,0,10,0,0,8,0,0,0,0,0,0,0,0,0,0,0,0,0,0,0,0,0,99,0,0,0,0,0,0,0,14,0,0,0,0,0,0,0,0,0,0,0,68,0,0,2190,0,0,0,0,0,0,0,0,3,0,0,0,0,81,19,0,86,0,0,0,0,0,142,2,44,4,85,0,0,0,0,0,0,0,0,0,0,142,142,0,130,41,65,13,140,0,3,0,0,0,3,54,64,64,70,70,0,245,245,0,0,114,0,133,97,112,70,6,6,210,0,77,0,0,0,0,0,0,0,144,0,0,0,0,0,0,0,0,0,195,6,142,0,0,0,0,0,0,0,0,0,0,0,0,0,0,0,1,0,0,20,0,0,0,0,3,0,0,0,16,0,0,0,245,0,0,0,0
"2021-01-04","Bihar","10","Bhagalpur","192","Narayanpur","1329","Public",3,5466,0,0,0,172,0,172,176,0,0,0,242,146,0,0,0,228,290,1,0,0,0,1,243,228,278,290,151,242,228,278,290,228,278,290,0,5,0,0,0,0,0,0,0,0,0,0,0,0,0,0,0,0,0,73,99,51,111,162,0,0,0,0,0,0,0,0,0,0,0,0,0,0,0,0,0,0,130,132,0,0,0,1,21,2,12,1,0,0,0,0,0,149,65,166,0,0,17,81,0,1,0,0,0,71,87,0,0,0,0,0,0,0,0,0,0,0,0,0,0,0,0,0,0,0,0,0,0,0,0,0,0,0,130,0,0,0,0,0,0,0,8,77,0,0,0,0,0,80,479,0,0,243,134,0,0,486,0,0,0,0,0,0,0,0,2,0,77,0,0,210,11,1,130,0,0,0,0,0,145,1,17,0,210,0,0,0,0,0,0,0,0,0,0,145,145,0,158,11,107,15,158,1,1,0,0,0,7,18,3,101,0,210,0,165,161,0,0,103,0,151,148,108,238,0,0,118,0,459,0,0,0,0,0,0,25,17,0,0,0,0,0,0,0,0,0,194,0,144,0,0,0,23,3,0,0,0,0,0,0,0,0,0,0,0,0,0,2,0,0,0,0,0,0,0,0,0,0,0,0,259,0,0,8,8
"2019-01-10","West Bengal","19","Birbhum","307","Suri Ii","2260","Rural",8,14465,0,0,229,109,0,109,21,0,0,0,143,37,0,0,0,131,115,0,0,0,0,0,143,132,106,122,40,143,132,106,122,132,71,0,0,133,32,70,42,0,0,2,0,0,0,1,0,0,0,0,0,0,0,50,59,45,38,141,0,0,0,0,0,0,0,0,0,0,0,0,0,0,0,0,14,237,52,52,0,0,0,1,9,6,36,8,13,0,1,0,49,124,11,707,0,0,64,10,0,0,8,0,0,16,28,0,0,0,0,0,0,24,0,0,0,0,0,0,0,0,0,11,0,0,0,0,5,3,0,0,0,0,38,0,0,0,0,0,0,0,0,22,0,0,0,0,0,0,5383,0,0,143,1356,0,0,1035,0,0,0,0,0,0,0,0,6,0,3,0,0,428,1,0,51,0,0,0,2,0,43,12,0,3,787,0,63,0,0,0,0,0,0,0,0,45,114,0,43,15,113,3,44,0,7,0,0,0,0,34,12,183,118,0,0,103,53,0,0,93,0,112,92,7,49,0,0,115,0,115,0,0,1,4,0,0,0,0,0,0,97,229,206,237,0,0,0,115,0,12,0,0,0,19,20,0,45,1,0,14,0,0,857,0,0,0,0,0,66,0,0,0,0,0,0,0,0,615,0,0,0,117,0,0,120,1
"2019-01-09","Uttar Pradesh","9","Lalitpur","161","Others","9999","Private",0,0,0,0,0,0,0,0,0,0,0,0,0,0,0,0,0,0,0,0,0,0,0,0,0,0,0,0,0,0,0,0,0,0,0,0,0,0,0,0,0,0,0,0,0,0,0,0,0,0,0,0,0,0,0,0,0,0,0,0,0,0,0,0,0,0,0,0,0,0,0,0,0,0,0,0,0,0,0,0,0,0,0,0,0,0,0,0,0,0,0,0,0,0,0,0,0,0,0,0,0,0,0,0,0,0,0,0,0,0,0,0,0,0,0,0,0,0,0,0,0,0,0,0,0,0,0,0,0,0,0,0,0,0,0,0,0,0,0,0,0,0,0,0,0,0,0,0,0,0,0,0,0,0,0,0,0,0,0,0,0,0,0,0,0,0,0,0,0,0,0,0,0,0,0,0,0,0,0,0,0,0,0,0,0,0,0,0,0,0,0,0,0,0,0,0,0,0,0,0,0,0,0,0,0,0,0,0,0,0,0,0,0,0,0,0,0,0,0,0,0,0,0,0,0,0,0,0,0,0,0,0,0,0,0,0,0,0,0,0,0,0,0,0,0,0,0,0,0,0,0,0,0,0,0,0,0,0,0,0,0,0,0,0,0,0,0,0,0,0,0,0,0,0,0,0,0,0,0,0,0,0,0,0,0,0
"2019-01-03","Chhattisgarh","22","Kanker","381","Narharpur","3352","Public",18,13054,998,0,0,0,0,144,117,0,0,0,117,77,0,0,0,128,130,0,0,0,0,0,117,128,119,132,94,117,128,119,132,0,0,0,0,144,4,1,79,0,0,17,0,0,0,0,0,2,0,0,0,0,1,70,74,38,68,39,0,0,0,0,0,0,0,0,2,0,0,0,24,0,0,0,32,0,258,266,0,1,0,0,10,1,2,5,15,0,2,0,39,408,33,250,0,1,234,33,53,1,10,0,0,37,50,0,2,0,4,0,0,27,0,12,0,0,0,2,0,1,0,25,0,0,0,0,5,0,0,0,1,0,238,0,0,0,0,0,0,56,1,20,0,0,0,0,0,5,233,6,6,0,269,0,0,1335,0,0,0,0,0,0,0,0,1,0,14,0,0,1677,0,0,245,0,0,0,0,0,87,5,0,18,2344,0,0,0,0,0,0,0,0,1,0,37,78,0,87,10,122,0,87,0,3,0,1,0,0,32,4,91,138,35,0,146,99,0,0,148,0,110,122,37,146,1,1,155,6,155,0,0,0,20,0,0,0,165,0,0,0,0,0,0,0,0,0,140,28,0,0,0,0,159,226,0,283,1,0,19,2,0,65,0,0,0,0,31,416,0,0,0,0,1,0,0,0,2201,0,0,0,146,28,196,99,0
"2020-01-12","Bihar","10","Madhubani","206","Laukaha","1085","Rural",0,8488,1236,0,0,0,0,399,551,0,0,0,291,320,0,0,0,541,377,0,0,0,0,0,291,563,553,401,378,291,563,553,401,563,553,401,0,0,0,0,0,0,0,0,0,0,0,0,0,0,0,0,0,0,0,183,216,10,78,214,0,0,0,0,0,0,0,0,0,0,0,0,0,0,0,0,178,0,174,174,0,0,0,0,9,2,3,5,0,0,0,0,0,218,103,538,0,0,125,95,0,0,0,0,6,224,193,0,0,0,0,0,0,68,0,0,4,0,0,0,0,0,0,0,0,0,0,0,0,0,0,0,0,0,159,0,0,0,0,0,0,0,0,53,0,0,0,0,0,355,443,0,0,0,360,0,4,1000,0,0,0,0,0,0,0,0,15,0,59,0,0,178,8,2,174,0,0,0,0,0,413,42,311,11,178,0,0,0,0,0,0,0,0,0,0,417,417,0,417,9,409,8,417,0,26,0,0,0,5,35,0,215,0,174,0,350,340,0,0,311,0,219,216,182,5,4,4,311,174,7,0,0,2,0,0,0,316,184,0,0,0,0,0,0,0,0,3,346,0,413,0,0,0,540,52,0,49,0,0,0,0,0,0,0,0,0,0,388,0,0,0,0,0,4,0,0,0,5,0,0,0,399,0,0,0,417
"2019-01-10","Karnataka","29","Chitradurga","533","Challakere","5504","Total",15,63290,2720,0,47,482,22,485,285,1,0,0,449,144,0,0,0,492,498,22,12,36,9,10,414,513,556,568,174,446,514,555,553,489,356,107,0,408,100,10,113,1,14,92,33,0,0,0,0,10,0,3,0,2,18,237,259,4,35,7,0,0,5,0,0,0,0,6,13,2,16,9,452,0,0,3,345,60,286,290,0,1,0,0,23,7,23,6,22,2,1,0,156,1675,247,2539,4,0,1036,221,5,0,72,0,0,88,85,0,0,0,0,0,4,384,0,14,12,82,77,0,5,0,3,96,0,10,0,11,17,15,0,4,6,2,109,0,0,19,0,0,0,1,15,213,0,0,0,0,0,5547,10,3,3,417,1453,3,0,15203,0,0,0,0,0,0,8,0,47,0,3,0,2,3010,0,0,246,0,0,0,2,0,171,23,9,15,21832,50,186,0,2,0,0,0,0,0,0,319,340,0,157,9,135,0,157,0,115,0,4,0,3,10,2,655,576,566,0,472,432,0,0,384,0,388,344,158,592,16,7,432,257,701,0,0,3,4,0,0,20,50,0,14,27,46,43,58,2,3,8,420,80,6,0,0,10,792,813,43,946,42,0,1938,5,0,515,1,1,0,8,439,0,82,77,0,0,0,0,0,0,7928,17,0,0,495,72,1501,322,0
"2019-01-03","West Bengal","19","Hooghly","312","Others","9999","Total",174,120819,1769,0,71,416,0,423,2507,0,0,0,581,2855,0,0,0,486,511,21,0,0,22,21,574,476,541,520,2538,581,486,541,520,488,537,496,0,447,261,329,1500,1,0,337,267,0,0,6,0,16,8,0,0,0,436,204,213,515,360,469,0,0,214,0,0,8,0,14,43,202,1292,35,1195,0,0,4,1170,22,146,163,4,9,0,8,39,40,24,15,1903,136,217,0,749,7816,1886,41281,7,0,6320,1932,261,21,12,0,10,1849,1954,39,0,1,0,0,11,1226,5,156,99,754,229,55,3,0,1,11,0,39,0,0,0,14,0,22,0,1,365,0,0,1033,2554,0,0,17,485,409,0,0,0,0,1,55,1423,3,3,567,2340,80,0,17336,0,0,0,0,0,0,4,26,53,13,8,1,276,15354,0,0,17,0,0,0,7,0,3820,13,157,15,106495,38,2057,3,363,0,0,0,0,1,0,1069,1115,0,3637,428,16,0,3773,0,122,6,19,3,351,1003,141,1025,1018,738,0,688,621,130,0,508,0,880,892,55,636,12,12,492,24,413,12,134,5,0,0,88,860,895,0,108,50,71,15,22,0,0,69,563,1020,332,41,70,86,3216,748,3,1158,699,0,5836,70,0,27993,89,72,0,3177,11180,793,754,229,75,121,33,0,0,0,2678,2704,1,0,847,86,880,2927,0
"2019-01-02","Uttar Pradesh","9","Maharajganj","164","Dhq","947","Rural",0,0,0,0,0,0,0,0,0,0,0,0,0,0,0,0,0,0,0,0,0,0,0,0,0,0,0,0,0,0,0,0,0,0,0,0,0,0,0,0,0,0,0,0,0,0,0,0,0,0,0,0,0,0,0,0,0,0,0,0,0,0,0,0,0,0,0,0,0,0,0,0,0,0,0,0,0,0,0,0,0,0,0,0,0,0,0,0,0,0,0,0,0,0,0,0,0,0,0,0,0,0,0,0,0,0,0,0,0,0,0,0,0,0,0,0,0,0,0,0,0,0,0,0,0,0,0,0,0,0,0,0,0,0,0,0,0,0,0,0,0,0,0,0,0,0,0,0,0,0,0,0,0,0,0,0,0,0,0,0,0,0,0,0,0,0,0,0,0,0,0,0,0,0,0,0,0,0,0,0,0,0,0,0,0,0,0,0,0,0,0,0,0,0,0,0,0,0,0,0,0,0,0,0,0,0,0,0,0,0,0,0,0,0,0,0,0,0,0,0,0,0,0,0,0,0,0,0,0,0,0,0,0,0,0,0,0,0,0,0,0,0,0,0,0,0,0,0,0,0,0,0,0,0,0,0,0,0,0,0,0,0,0,0,0,0,0,0,0,0,0,0,0,0,0,0,0,0,0,0,0,0,0,0,0,0
"2020-01-08","Odisha","21","Jagatsinghapur","355","Biridi","2941","Rural",2,5427,879,0,0,106,0,110,26,0,0,0,88,22,0,0,0,84,63,0,0,0,0,0,90,91,67,83,22,78,83,66,76,89,78,73,0,110,528,605,23,0,0,4,0,0,0,0,0,0,0,0,0,0,0,56,54,42,27,92,0,0,0,0,0,0,0,0,0,0,0,0,0,0,0,0,8,0,60,60,0,0,0,0,18,1,1,0,2,0,0,0,38,103,3,24,0,0,40,3,0,0,0,0,0,11,12,0,0,0,0,0,0,10,0,2,0,9,4,0,0,0,2,18,0,2,0,0,2,3,0,0,0,0,109,0,0,0,0,0,0,6,0,0,0,0,0,0,0,0,1473,0,0,69,397,0,0,1028,0,0,0,0,0,0,1,0,5,0,0,0,0,902,0,1,60,0,0,0,0,0,23,14,0,3,1259,0,0,0,0,0,0,0,0,0,0,70,63,0,23,4,61,0,23,0,18,0,0,0,0,21,0,147,55,53,0,84,75,0,0,64,0,52,66,10,25,0,0,72,0,62,0,0,0,1,0,0,0,36,0,0,0,0,0,0,0,0,0,68,2,0,0,0,0,51,154,0,222,0,0,21,0,0,243,0,0,0,0,0,922,9,4,0,0,1,0,0,0,126,0,0,0,77,6,53,76,1
"2019-01-03","Rajasthan","8","Udaipur","117","Others","9999","Total",92,208093,6654,0,178,0,0,661,1308,0,0,0,494,1126,0,0,0,675,742,0,155,0,0,0,475,691,659,709,1269,500,692,659,709,693,670,705,0,793,265,125,153,4,5,85,23,0,0,0,0,123,40,51,0,15,18,280,319,131,114,254,0,0,183,0,0,7,17,0,0,0,0,0,115,0,0,8,900,143,164,250,20,46,14,4,81,40,48,14,343,4,0,3,112,2478,98,6544,24,32,473,119,274,363,35,0,0,673,741,0,0,0,5,3,27,1550,1,53,28,382,204,0,60,2,7,0,0,38,5,34,22,23,8,13,5,14,0,0,0,29,765,0,0,0,835,45,5,1,0,4,2,62,1474,0,74,0,724,267,1,9442,2,0,0,0,0,0,0,87,17,11,53,9,289,4432,0,0,116,6,2,0,5,11,1462,26,13,35,44943,215,36,11,189,0,0,0,0,0,0,124,194,0,1145,407,95,0,1408,1,78,4,11,0,42,210,117,868,1230,781,0,1243,782,14,3,330,0,801,779,29,361,11,6,968,4,276,3,0,3,0,0,9,614,1072,0,93,27,176,51,141,4,1,36,369,60,116,83,134,117,1891,3988,1,4226,2935,155,4172,9,0,739,0,0,0,4032,17802,1053,365,202,120,131,64,0,0,0,3378,548,0,0,455,177,1736,0,2
"2019-01-04","Andhra Pradesh","28","Krishna","510","Gannavaram","5012","Urban",0,0,0,0,0,0,0,0,0,0,0,0,0,0,0,0,0,0,0,0,0,0,0,0,0,0,0,0,0,0,0,0,0,0,0,0,0,0,0,0,0,0,0,0,0,0,0,0,0,0,0,0,0,0,0,0,0,0,0,0,0,0,0,0,0,0,0,0,0,0,0,0,0,0,0,0,0,0,0,0,0,0,0,0,0,0,0,0,0,0,0,0,0,0,0,0,0,0,0,0,0,0,0,0,0,0,0,0,0,0,0,0,0,0,0,0,0,0,0,0,0,0,0,0,0,0,0,0,0,0,0,0,0,0,0,0,0,0,0,0,0,0,0,0,0,0,0,0,0,0,0,0,0,0,0,0,0,0,0,0,0,0,0,0,0,0,0,0,0,0,0,0,0,0,0,0,0,0,0,0,0,0,0,0,0,0,0,0,0,0,0,0,0,0,0,0,0,0,0,0,0,0,0,0,0,0,0,0,0,0,0,0,0,0,0,0,0,0,0,0,0,0,0,0,0,0,0,0,0,0,0,0,0,0,0,0,0,0,0,0,0,0,0,0,0,0,0,0,0,0,0,0,0,0,0,0,0,0,0,0,0,0,0,0,0,0,0,0,0,0,0,0,0,0,0,0,0,0,0,0,0,0,0,0,0,0
"2019-01-03","Odisha","21","Jharsuguda","357","Lakhanpur","2771","Total",2,12421,2063,0,0,0,0,176,79,0,0,0,195,34,0,0,0,164,218,0,0,0,0,0,195,164,229,218,51,195,164,229,218,164,229,218,0,176,0,0,45,0,0,23,0,0,0,0,0,0,0,2,0,0,0,88,88,17,12,177,0,0,0,0,0,0,0,0,0,0,0,0,23,0,0,0,85,0,104,104,0,0,0,0,5,2,4,0,0,0,0,0,0,187,11,257,0,0,30,14,0,0,0,0,0,22,24,0,0,0,0,0,0,208,0,0,0,0,0,4,1,0,0,59,0,0,0,0,0,0,0,0,1,0,196,0,0,0,0,0,0,1,0,236,0,0,0,1,0,0,4536,0,0,0,1022,0,0,1912,0,0,0,0,0,0,0,0,13,0,25,0,0,1055,0,0,104,0,0,0,0,0,48,14,56,15,1408,65,0,0,0,0,0,0,0,0,0,160,160,0,46,5,124,0,46,0,52,0,0,0,0,5,1,159,80,0,0,128,135,0,0,146,0,170,177,25,155,1,1,118,0,118,0,0,0,0,0,0,0,102,0,0,0,0,0,0,0,0,0,175,13,29,0,0,1,279,219,1,502,0,0,335,0,0,23,0,0,0,0,22,1883,0,0,0,0,2,0,0,0,0,0,0,0,201,2,22,141,0
"2021-01-04","Uttar Pradesh","9","Gorakhpur","148","Others","9999","Rural",0,101266,26055,0,60,7404,5,7425,7468,0,0,0,6663,4432,7,5,5,8075,7536,1842,5,109,9,1821,6625,8124,7205,7477,5487,6635,8131,7244,7604,8078,7157,7507,0,6289,1797,1560,2312,0,75,117,34,0,0,0,0,303,0,0,0,5,207,3468,3827,4222,4632,5063,0,0,0,0,0,0,0,0,4,1,5,11,142,0,0,0,199,75,4177,4607,0,0,0,0,225,42,130,55,13,0,0,0,44,4041,4017,0,0,0,1085,1806,22,1,0,0,0,1960,2182,0,0,0,0,0,0,426,0,11,47,16,19,10,1,0,6,84,0,9,0,1,1,0,2,9,0,0,1925,0,0,0,0,0,0,0,11,3129,0,0,0,0,0,710,3433,0,0,6444,5661,0,24,36793,0,0,0,0,0,0,0,0,63,0,3204,0,0,9698,16,8,4096,0,0,0,0,0,4036,444,0,35,21785,131,0,0,202,0,0,0,0,10,0,3943,3898,0,3968,511,6679,99,4044,0,156,1,0,0,3,1328,53,4732,10063,1904,0,10085,8209,318,0,5114,0,8841,7286,1975,3107,108,0,9284,191,9073,0,6265,5,134,0,11,34,52,4,16,0,0,6,6,6,0,21,5297,86,1876,0,0,12,1018,1498,35,1400,9,0,892,5,0,1593,0,0,0,0,595,249,16,19,0,0,10,0,0,0,746,26,0,0,11034,24,1018,1355,513
"2019-01-02","Maharashtra","27","Buldhana","472","Malkapur","3979","Public",4,18221,1892,0,0,0,0,229,304,0,0,0,219,54,0,0,0,229,281,0,0,0,0,3,139,228,238,281,221,219,228,238,281,227,229,278,0,228,58,83,54,0,0,4,2,0,0,0,0,0,0,0,0,0,2,118,111,193,99,299,0,0,0,0,0,0,0,0,0,0,0,0,18,0,0,0,457,0,101,101,0,0,0,0,0,0,0,0,2,0,0,0,22,304,13,893,0,0,109,17,48,1,32,0,0,40,32,0,0,0,0,0,0,374,0,0,0,0,0,0,7,0,1,28,0,1,0,1,0,0,0,0,1,1,88,0,0,0,0,0,0,0,1,0,0,0,0,0,0,30,4533,0,0,0,162,0,0,1643,0,0,0,0,0,0,0,0,4,0,0,3,4,666,0,0,89,0,0,0,1,0,63,15,38,28,4055,0,2,0,2,0,0,0,0,0,0,15,15,0,54,9,37,0,62,0,7,0,0,0,3,15,0,78,290,3,0,192,136,2,0,64,0,132,128,45,171,6,6,188,0,138,0,0,0,0,0,0,8,40,0,0,0,0,0,0,0,0,0,175,4,9,0,0,2,14,16,0,21,2,0,54,2,0,20,0,0,0,0,269,0,0,0,0,0,0,0,0,0,2635,8,0,0,192,79,223,63,0
"2019-01-10","Assam","18","Dhemaji","284","Dhemaji Urban","2055","Public",0,10237,812,164,0,6,0,9,508,0,0,0,4,463,0,0,0,1,0,6,0,0,0,7,4,32,25,29,496,4,32,25,29,32,25,29,0,9,10,8,544,0,0,4,4,0,0,0,0,0,0,0,0,0,0,4,4,5,2,6,0,0,11,0,0,4,0,0,0,7,0,2,11,0,0,0,217,0,19,19,0,0,0,6,15,23,5,2,21,0,4,0,8,819,53,3887,1,0,242,108,0,3,1,0,0,264,280,58,0,0,0,0,0,175,0,93,0,144,58,0,0,0,0,4,0,0,0,0,0,0,0,0,0,0,0,0,0,10,0,0,0,0,9,84,0,0,0,0,0,26,0,0,0,3,13,0,1,4011,0,0,0,0,0,0,0,6,0,0,5,0,110,1129,0,0,11,0,1,0,1,0,552,1,1,3,14382,1,0,0,55,0,0,0,0,0,0,19,19,25,524,42,0,0,544,0,0,0,18,1,33,206,40,134,358,283,1,8,7,0,0,0,0,8,6,2,257,30,30,14,0,295,0,0,0,0,0,75,65,12,0,8,0,0,0,0,0,0,0,6,128,350,10,15,0,317,8,0,20,75,0,748,0,0,1772,6,36,0,115,451,143,144,58,29,64,10,8,0,0,58,194,0,182,8,6,65,3,0
"2019-01-12","Maharashtra","27","Parbhani","489","Sailu","4116","Public",6,10267,1815,0,122,0,0,299,227,0,0,0,249,75,0,0,0,244,202,0,0,0,0,1,249,289,296,232,108,249,289,296,232,266,240,176,0,297,56,72,75,0,0,0,0,0,0,0,0,0,0,0,0,0,0,140,159,388,152,308,0,0,0,0,0,0,0,0,0,0,0,2,12,2,0,0,645,299,108,108,0,2,0,0,7,0,2,0,3,0,0,0,53,424,117,938,0,0,264,115,12,0,16,0,0,36,39,0,0,0,0,0,2,672,0,1,1,2,2,5,0,0,2,12,0,5,0,1,1,0,0,0,1,0,90,0,0,0,0,0,0,0,2,4,0,0,0,0,0,18,6354,0,0,0,280,0,0,2399,0,0,0,0,0,0,0,0,1,0,2,0,0,355,0,0,91,0,0,0,2,0,75,63,38,12,3710,0,45,0,0,0,0,0,0,0,0,75,75,0,75,4,69,0,75,1,3,0,0,0,1,12,2,70,374,85,0,173,150,2,0,103,0,115,118,58,235,8,8,168,0,243,0,0,0,2,0,0,19,101,0,0,122,122,299,299,0,0,1,161,11,9,0,0,0,357,0,0,0,0,0,315,0,0,166,0,0,0,0,113,0,0,0,0,0,0,0,0,0,1627,9,0,0,173,78,242,16,0
"2021-01-05","Odisha","21","Anugul","344","Others","9999","Private",0,290,0,0,0,20,0,20,2,0,0,0,20,2,0,0,0,6,16,0,0,0,0,0,20,6,10,16,2,20,8,10,16,6,10,16,0,20,0,0,374,0,0,0,0,0,0,0,0,0,0,0,0,0,0,14,6,2,0,12,0,0,29,0,0,0,0,0,0,0,0,0,0,0,0,0,0,0,0,0,0,0,0,0,0,0,0,0,0,0,0,0,0,382,0,0,0,0,44,0,0,0,0,0,0,338,364,0,0,0,0,0,0,0,0,6,0,0,0,0,0,0,0,0,0,0,0,0,0,0,0,0,0,0,0,0,0,0,0,0,0,0,0,0,0,0,0,0,0,0,0,0,0,20,0,0,0,0,0,0,0,0,0,0,0,0,0,0,0,0,0,0,0,0,0,0,0,0,0,0,713,0,0,0,0,0,0,0,0,0,0,0,0,0,0,0,0,0,674,61,0,0,702,0,0,0,0,0,26,0,11,0,0,0,0,0,0,0,0,0,0,22,16,0,0,0,0,0,0,0,0,0,0,0,0,0,24,54,0,0,0,0,0,0,0,0,0,0,0,255,0,0,0,0,0,0,0,0,0,0,0,0,0,0,0,0,0,0,0,0,0,0,0,12,0,0,0,0,392,0,0,0,0,0,0,0
"2019-01-03","Bihar","10","Muzaffarpur","208","Minapur","1205","Rural",0,12021,2581,0,0,528,0,526,497,0,0,0,592,220,0,0,0,702,639,0,0,0,0,0,595,703,719,654,271,592,706,719,654,704,707,643,0,342,121,13,12,0,0,0,0,0,0,0,0,0,0,0,0,0,0,250,276,150,234,271,0,0,0,0,0,0,0,0,0,0,0,0,0,0,0,0,88,0,277,369,0,0,0,0,12,4,12,9,0,0,0,0,0,285,75,198,0,0,65,133,0,0,0,0,6,151,201,0,0,0,0,0,0,26,0,0,1,0,0,0,0,0,0,0,0,0,0,0,0,0,0,0,0,0,253,0,0,0,0,0,0,0,0,35,0,0,0,0,0,750,9548,0,0,815,277,0,0,1474,0,0,0,0,0,0,0,0,9,0,120,0,0,206,126,4,257,0,0,0,0,0,225,7,51,4,647,0,0,0,0,0,0,0,0,0,0,75,75,0,352,13,0,30,352,0,19,0,0,0,7,8,1,578,225,0,0,568,568,0,0,299,0,394,367,277,391,0,0,607,0,339,0,0,0,1,0,0,0,219,0,0,0,0,0,0,0,0,1,418,0,225,0,0,0,49,18,0,13,0,0,2,0,0,0,0,0,0,0,0,0,0,0,0,0,3,0,0,0,4,0,0,0,728,0,0,45,25
"2020-01-09","Andhra Pradesh","28","West Godavari","523","Polavaram","4949","Rural",0,9768,0,0,5,0,0,44,33,0,0,0,27,12,0,0,0,46,35,0,0,0,0,8,27,46,43,35,12,27,46,43,35,46,43,35,0,44,38,37,13,0,0,0,0,0,0,0,0,0,0,0,0,0,0,22,22,46,49,37,0,0,0,0,0,0,0,0,0,0,0,15,21,0,0,0,6,9,49,49,0,0,0,0,0,0,0,0,5,0,0,0,6,93,15,86,0,0,109,9,12,0,0,0,0,7,5,0,0,0,3,0,0,4,0,0,0,8,5,0,0,0,2,28,0,4,0,4,0,0,0,0,0,0,71,0,0,0,0,0,0,0,0,0,0,0,0,0,0,153,1531,0,0,0,209,0,0,1137,0,0,0,0,0,0,0,0,5,0,0,0,0,641,0,0,49,0,0,0,1,0,12,2,0,0,1543,0,51,0,0,0,0,0,0,0,0,44,9,0,12,0,34,0,12,0,6,0,0,0,0,0,0,46,27,12,0,42,10,0,0,36,0,29,19,5,51,0,0,57,0,52,0,0,3,0,0,0,0,14,0,0,5,5,9,9,0,0,0,32,0,0,2,5,0,2,40,2,126,0,0,20,0,0,0,0,0,0,0,1,610,8,5,4,2,0,0,0,0,204,0,0,0,38,1,19,41,0
"2020-01-09","Maharashtra","27","Hingoli","477","Kalamnuri","4114","Rural",9,14100,10,0,15,0,0,344,283,0,0,0,362,115,0,0,0,340,366,0,0,0,0,0,362,340,359,367,212,362,340,361,369,340,359,374,0,328,1184,1513,130,0,0,8,0,0,0,0,0,0,0,0,0,0,0,162,189,543,556,470,0,0,0,0,0,0,0,0,0,1,3,5,37,1,0,0,69,10,174,174,0,0,0,1,0,0,0,0,2,0,0,0,55,577,174,377,0,0,401,140,46,1,25,0,0,72,66,0,0,0,0,0,0,216,0,0,2,15,6,0,0,0,1,17,0,6,1,0,1,0,0,2,2,0,29,0,0,0,0,0,0,0,3,4,0,0,0,1,0,1226,4488,0,0,0,547,0,0,5330,0,0,0,0,0,0,0,0,5,2,0,0,26,421,0,0,174,0,0,0,1,0,139,51,0,15,1292,0,7,0,0,0,0,0,0,0,0,321,320,0,138,26,69,0,138,0,7,0,0,0,0,42,13,254,315,25,0,364,374,15,0,325,0,248,239,125,370,15,14,339,0,228,0,0,0,672,0,0,0,47,0,0,15,15,10,10,0,0,2,351,8,126,0,0,61,130,609,50,533,51,0,90,235,0,109,0,0,0,0,18,0,15,6,0,0,2,0,0,0,738,0,0,0,365,8,13,114,0
"2019-01-11","West Bengal","19","Medinipur East","317","Kolaghat","2471","Private",0,0,0,0,0,0,0,0,0,0,0,0,0,0,0,0,0,0,0,0,0,0,0,0,0,0,0,0,0,0,0,0,0,0,0,0,0,0,0,0,0,0,0,0,0,0,0,0,0,0,0,0,0,0,0,0,0,0,0,0,0,0,0,0,0,0,0,0,0,0,0,0,0,0,0,0,0,0,0,0,0,0,0,0,0,0,0,0,0,0,0,0,0,0,0,0,0,0,0,0,0,0,0,0,0,0,0,0,0,0,0,0,0,0,0,0,0,0,0,0,0,0,0,0,0,0,0,0,0,0,0,0,0,0,0,0,0,0,0,0,0,0,0,0,0,0,0,0,0,0,0,0,0,0,0,0,0,0,0,0,0,0,0,0,0,0,0,0,0,0,0,0,0,0,0,0,0,0,0,0,0,0,0,0,0,0,0,0,0,0,0,0,0,0,0,0,0,0,0,0,0,0,0,0,0,0,0,0,0,0,0,0,0,0,0,0,0,0,0,0,0,0,0,0,0,0,0,0,0,0,0,0,0,0,0,0,0,0,0,0,0,0,0,0,0,0,0,0,0,0,0,0,0,0,0,0,0,0,0,0,0,0,0,0,0,0,0,0,0,0,0,0,0,0,0,0,0,0,0,0,0,0,0,0,0,0
"2019-01-01","Bihar","10","Buxar","194","Kesath","1439","Private",0,0,0,0,0,0,0,0,0,0,0,0,0,0,0,0,0,0,0,0,0,0,0,0,0,0,0,0,0,0,0,0,0,0,0,0,0,0,0,0,0,0,0,0,0,0,0,0,0,0,0,0,0,0,0,0,0,0,0,0,0,0,0,0,0,0,0,0,0,0,0,0,0,0,0,0,0,0,0,0,0,0,0,0,0,0,0,0,0,0,0,0,0,0,0,0,0,0,0,0,0,0,0,0,0,0,0,0,0,0,0,0,0,0,0,0,0,0,0,0,0,0,0,0,0,0,0,0,0,0,0,0,0,0,0,0,0,0,0,0,0,0,0,0,0,0,0,0,0,0,0,0,0,0,0,0,0,0,0,0,0,0,0,0,0,0,0,0,0,0,0,0,0,0,0,0,0,0,0,0,0,0,0,0,0,0,0,0,0,0,0,0,0,0,0,0,0,0,0,0,0,0,0,0,0,0,0,0,0,0,0,0,0,0,0,0,0,0,0,0,0,0,0,0,0,0,0,0,0,0,0,0,0,0,0,0,0,0,0,0,0,0,0,0,0,0,0,0,0,0,0,0,0,0,0,0,0,0,0,0,0,0,0,0,0,0,0,0,0,0,0,0,0,0,0,0,0,0,0,0,0,0,0,0,0,0
"2020-01-05","Uttar Pradesh","9","Ambedkar Nagar","121","Tanda","907","Urban",0,123,0,0,0,107,0,107,44,0,0,0,173,44,0,0,0,142,135,0,0,0,0,0,107,142,138,135,44,93,142,138,135,142,138,135,0,77,0,0,44,0,0,0,0,0,0,0,0,0,0,0,0,0,0,0,0,24,32,0,0,0,0,0,0,0,0,0,0,0,0,0,0,0,0,0,0,0,0,0,0,0,0,0,0,0,0,0,0,0,0,0,0,44,0,0,0,0,0,0,0,0,0,0,0,44,36,0,0,0,0,0,0,0,0,0,0,0,0,0,0,0,0,0,0,0,0,0,0,0,0,0,0,0,0,0,0,0,0,0,0,0,0,0,0,0,0,0,0,0,0,0,0,107,0,0,0,0,0,0,0,0,0,0,0,0,0,0,0,0,0,0,0,0,0,0,0,0,0,0,80,0,0,0,0,0,0,0,0,0,0,0,0,0,0,80,80,0,80,4,0,0,80,0,0,0,0,0,0,0,0,0,0,0,0,100,100,0,0,0,0,104,83,35,0,0,0,48,0,48,0,0,0,0,0,0,0,0,0,0,0,0,0,0,0,0,0,78,0,80,0,0,0,0,0,0,0,0,0,0,0,0,0,0,0,0,0,0,0,0,0,0,0,1,0,0,0,0,0,0,0,139,0,0,44,0
"2020-01-02","Himachal Pradesh","2","Solan","25","Others","9999","Public",63,126890,0,0,190,0,0,1171,1019,0,0,0,1333,714,10,12,4,1270,1291,0,0,11,0,0,1333,1272,1307,1311,744,1322,1274,1314,1312,1270,1299,1291,0,1059,27,108,680,0,1,67,19,0,0,0,0,11,0,0,0,2,8,553,607,257,80,652,3,0,18,0,0,0,0,111,33,10,7,0,545,0,0,4,952,177,575,575,2,5,0,0,0,0,0,0,69,4,7,0,79,2001,445,7210,15,0,1118,477,30,10,6,0,0,353,354,9,0,0,0,0,6,1311,1,65,0,673,331,2,4,0,9,87,0,18,0,5,10,7,4,8,5,2,554,0,0,196,196,1,0,52,108,28,0,2,0,1,0,170,57212,0,0,0,1016,11,1,11396,0,0,0,0,0,0,1,0,76,4,115,1,629,8636,40,0,503,0,0,0,2,0,661,79,0,42,83956,369,42,1,496,0,0,0,0,0,0,887,754,0,692,77,632,28,708,7,210,0,2,0,34,18,56,1172,1848,1354,2,1334,1131,44,0,1338,0,1239,1030,428,848,25,0,911,794,922,9,0,9,0,22,0,260,1939,0,55,143,164,148,147,1,1,4,1440,57,459,9,12,138,4437,2361,106,3398,166,174,7803,74,72,8649,0,0,0,2187,17209,36,663,331,7,15,7,0,0,0,596,99,0,110,1634,40,305,678,57
"2020-01-12","Uttar Pradesh","9","Gonda","147","Mankapur","931","Urban",0,0,0,0,0,0,0,0,0,0,0,0,0,0,0,0,0,0,0,0,0,0,0,0,0,0,0,0,0,0,0,0,0,0,0,0,0,0,0,0,0,0,0,0,0,0,0,0,0,0,0,0,0,0,0,0,0,0,0,0,0,0,0,0,0,0,0,0,0,0,0,0,0,0,0,0,0,0,0,0,0,0,0,0,0,0,0,0,0,0,0,0,0,0,0,0,0,0,0,0,0,0,0,0,0,0,0,0,0,0,0,0,0,0,0,0,0,0,0,0,0,0,0,0,0,0,0,0,0,0,0,0,0,0,0,0,0,0,0,0,0,0,0,0,0,0,0,0,0,0,0,0,0,0,0,0,0,0,0,0,0,0,0,0,0,0,0,0,0,0,0,0,0,0,0,0,0,0,0,0,0,0,0,0,0,0,0,0,0,0,0,0,0,0,0,0,0,0,0,0,0,0,0,0,0,0,0,0,0,0,0,0,0,0,0,0,0,0,0,0,0,0,0,0,0,0,0,0,0,0,0,0,0,0,0,0,0,0,0,0,0,0,0,0,0,0,0,0,0,0,0,0,0,0,0,0,0,0,0,0,0,0,0,0,0,0,0,0,0,0,0,0,0,0,0,0,0,0,0,0,0,0,0,0,0,0
"2019-01-06","Manipur","14","Bishnupur","252","Bishnupur Notional Block","1874","Private",0,0,0,0,0,0,0,0,0,0,0,0,0,0,0,0,0,0,0,0,0,0,0,0,0,0,0,0,0,0,0,0,0,0,0,0,0,0,0,0,0,0,0,0,0,0,0,0,0,0,0,0,0,0,0,0,0,0,0,0,0,0,0,0,0,0,0,0,0,0,0,0,0,0,0,0,0,0,0,0,0,0,0,0,0,0,0,0,0,0,0,0,0,0,0,0,0,0,0,0,0,0,0,0,0,0,0,0,0,0,0,0,0,0,0,0,0,0,0,0,0,0,0,0,0,0,0,0,0,0,0,0,0,0,0,0,0,0,0,0,0,0,0,0,0,0,0,0,0,0,0,0,0,0,0,0,0,0,0,0,0,0,0,0,0,0,0,0,0,0,0,0,0,0,0,0,0,0,0,0,0,0,0,0,0,0,0,0,0,0,0,0,0,0,0,0,0,0,0,0,0,0,0,0,0,0,0,0,0,0,0,0,0,0,0,0,0,0,0,0,0,0,0,0,0,0,0,0,0,0,0,0,0,0,0,0,0,0,0,0,0,0,0,0,0,0,0,0,0,0,0,0,0,0,0,0,0,0,0,0,0,0,0,0,0,0,0,0,0,0,0,0,0,0,0,0,0,0,0,0,0,0,0,0,0,0
"2019-01-11","Gujarat","24","Narmada","452","Garudeshwar","6029","Total",16,10998,399,0,0,0,0,72,95,0,0,0,91,88,0,0,0,145,105,0,0,0,0,0,91,145,138,105,86,91,145,138,103,130,122,92,0,72,0,0,92,0,0,33,19,0,0,0,0,0,0,0,0,0,0,29,43,106,266,67,0,0,0,0,0,0,0,8,1,15,16,10,64,0,0,0,82,0,123,123,2,2,0,4,0,0,1,1,32,1,5,1,33,473,104,2095,0,5,275,91,98,3,1,0,0,46,49,0,1,17,1,11,0,65,0,0,9,28,0,10,1,0,0,25,2,0,1,0,12,0,1,0,0,0,113,0,0,0,0,0,0,72,16,0,0,0,0,1,1,6,3322,0,0,0,234,0,0,2090,0,0,0,0,0,0,5,0,0,0,0,0,0,1789,1,2,115,0,0,0,0,0,94,25,0,31,5559,70,27,0,0,0,0,0,0,0,0,88,90,0,95,26,44,5,95,0,0,0,0,0,0,11,18,317,95,41,0,111,114,0,0,95,3,76,53,38,107,2,2,145,0,112,0,0,0,148,0,0,0,0,0,0,0,0,0,0,0,0,9,101,70,85,0,0,2,159,255,3,178,1,0,30,3,0,177,0,0,0,0,0,204,28,0,0,0,2,0,0,0,1841,0,0,0,112,0,10,88,4
"2021-01-05","Tamil Nadu","33","Sivaganga","585","Singampunari","5995","Rural",2,26720,7245,0,0,0,0,157,13,0,0,0,144,19,0,0,0,140,146,0,0,0,0,0,144,122,135,133,19,144,134,147,145,140,146,145,0,0,0,0,23,0,0,5,0,0,0,0,0,0,0,0,0,0,142,77,84,0,3,5,0,0,0,0,0,0,0,0,0,0,0,0,0,0,0,0,135,0,161,157,1,0,0,0,0,0,0,0,0,0,0,0,0,262,33,74,0,0,76,41,0,0,0,0,0,22,8,0,0,0,0,0,0,149,0,0,0,0,0,13,0,0,0,0,0,0,0,0,0,0,0,0,0,0,115,0,0,0,0,0,0,0,18,36,0,0,0,0,0,0,92,0,0,0,10,0,0,460,0,0,0,0,0,0,0,0,0,0,0,0,0,1280,0,0,40,0,0,0,0,0,34,5,3,0,7317,0,0,0,0,0,0,0,0,0,0,0,10,0,34,7,0,0,34,0,0,0,0,0,8,10,0,199,106,0,0,22,3,0,1,3,0,129,118,62,201,1,1,168,162,368,1,0,2,0,0,0,0,15,0,0,0,0,0,0,0,0,0,168,2,0,0,0,0,0,844,0,2081,0,0,84,0,0,0,0,0,0,0,0,0,36,30,0,0,0,0,0,0,738,0,0,0,170,0,0,0,0
"2019-01-04","Tamil Nadu","33","Erode","573","Perunthurai","5752","Total",2,52495,4249,0,13,0,0,158,67,0,0,0,145,67,0,0,0,143,157,0,0,0,0,0,146,145,150,154,67,145,145,150,154,146,149,154,0,0,0,0,67,0,30,120,6,0,0,0,0,12,2,4,0,0,57,64,80,10,6,61,0,0,5,0,0,0,0,5,2,0,0,2,100,0,0,2,394,12,146,147,0,0,0,0,1,1,0,0,0,9,24,0,2,1318,93,10624,0,0,1547,155,0,0,3,0,0,27,40,0,0,0,0,0,5,474,1,8,7,31,26,0,3,0,3,17,0,13,0,6,4,0,0,8,0,6,91,0,0,114,114,0,0,0,3,5,0,0,0,0,0,0,390,0,0,0,4,2,0,1470,0,0,0,0,0,0,0,0,4,0,20,1,328,1340,0,0,0,0,0,0,0,0,68,33,5,6,36109,0,12,4,463,0,0,0,0,0,0,60,60,0,23,10,0,0,67,0,5,3,0,0,14,26,5,312,54,414,0,128,0,11,1,0,0,126,131,2,277,27,20,133,511,727,3,0,5,0,0,3,103,78,0,10,1,0,1,0,0,0,7,124,77,0,1,1,5,1271,1999,0,3178,895,16,1191,0,0,537,0,0,0,1538,3998,0,18,16,12,14,1,0,0,0,836,35,0,0,133,4,164,0,0
"2019-01-08","Madhya Pradesh","23","Rajgarh","422","Sarangpur","3567","Rural",10,10433,3785,0,15,0,0,537,285,0,0,0,490,241,0,0,0,495,494,0,0,0,0,181,473,493,470,500,281,499,493,472,489,493,469,499,0,519,509,443,242,0,10,115,62,0,4,0,0,0,0,3,0,1,0,254,290,472,482,399,0,0,0,0,0,0,0,0,0,0,0,0,0,0,0,0,8,20,260,260,0,2,0,1,2,2,2,2,2,0,0,0,10,728,80,0,0,0,218,96,0,0,0,0,0,120,113,0,0,0,0,0,0,82,0,0,18,0,0,0,3,0,1,18,0,1,1,5,6,1,0,1,1,0,183,0,0,0,0,0,0,4,0,62,0,0,0,1,0,8007,6490,0,0,0,1314,0,0,4520,0,0,0,0,0,0,0,0,22,0,10,0,0,1898,0,3,218,0,0,0,1,0,244,33,0,13,1325,0,0,0,0,0,0,0,0,0,0,432,438,0,244,11,129,3,244,0,34,0,0,0,0,58,0,391,191,166,0,448,420,0,0,435,0,394,416,73,349,0,0,522,0,518,0,0,0,138,0,0,0,40,0,0,15,15,20,20,0,0,16,390,2,4,0,0,1,48,135,0,43,0,0,197,0,0,0,0,0,0,0,0,1268,0,0,0,0,2,0,0,0,354,0,0,0,472,3,62,60,3
"2020-01-07","Gujarat","24","Vadodara","461","Padra","3906","Urban",0,0,0,0,0,0,0,0,0,0,0,0,0,0,0,0,0,0,0,0,0,0,0,0,0,0,0,0,0,0,0,0,0,0,0,0,0,0,0,0,0,0,0,0,0,0,0,0,0,0,0,0,0,0,0,0,0,0,0,0,0,0,0,0,0,0,0,0,0,0,0,0,0,0,0,0,0,0,0,0,0,0,0,0,0,0,0,0,0,0,0,0,0,0,0,0,0,0,0,0,0,0,0,0,0,0,0,0,0,0,0,0,0,0,0,0,0,0,0,0,0,0,0,0,0,0,0,0,0,0,0,0,0,0,0,0,0,0,0,0,0,0,0,0,0,0,0,0,0,0,0,0,0,0,0,0,0,0,0,0,0,0,0,0,0,0,0,0,0,0,0,0,0,0,0,0,0,0,0,0,0,0,0,0,0,0,0,0,0,0,0,0,0,0,0,0,0,0,0,0,0,0,0,0,0,0,0,0,0,0,0,0,0,0,0,0,0,0,0,0,0,0,0,0,0,0,0,0,0,0,0,0,0,0,0,0,0,0,0,0,0,0,0,0,0,0,0,0,0,0,0,0,0,0,0,0,0,0,0,0,0,0,0,0,0,0,0,0,0,0,0,0,0,0,0,0,0,0,0,0,0,0,0,0,0,0
"2019-01-01","West Bengal","19","24 Paraganas South","304","Kulpi Block","2428","Public",16,30764,0,0,26,398,0,398,268,0,0,0,480,172,0,0,0,315,279,4,0,0,0,4,479,463,479,493,202,479,463,474,493,465,469,431,0,487,184,78,172,0,0,73,8,0,0,0,0,0,0,0,0,0,0,191,207,216,156,349,0,0,0,0,0,0,0,7,1,0,42,1,30,0,0,0,0,261,213,213,0,0,0,0,37,76,78,102,8,1,0,0,13,110,31,1040,0,0,69,15,4,0,2,0,0,85,87,0,0,0,0,0,0,0,0,13,18,0,0,0,4,0,6,28,0,11,0,9,46,7,0,4,2,1,98,0,0,0,0,0,0,3,8,789,0,0,0,1,0,1009,16821,0,0,484,697,0,2,4926,0,0,0,0,0,0,1,0,10,1,15,0,0,554,0,0,213,0,0,0,0,0,172,51,4,10,0,0,0,0,0,0,0,0,0,0,0,326,331,0,172,8,369,0,172,1,10,2,13,0,0,1,0,458,360,0,0,369,338,0,0,168,0,385,379,12,310,1,1,386,561,248,0,0,0,3,0,0,0,0,0,0,20,20,181,261,0,0,16,395,1,0,0,0,0,0,18,0,16,0,0,0,0,0,1607,0,0,0,0,0,345,0,0,0,0,0,0,0,0,2584,0,0,0,397,0,0,0,0
"2020-01-07","Tripura","16","North Tripura","270","Others","9999","Rural",6,32390,1154,0,0,914,0,924,566,0,0,0,980,414,0,0,0,1010,1066,56,0,8,0,70,942,1018,1084,1062,420,980,1016,1072,1058,1012,1074,1066,0,580,340,194,116,0,0,48,16,0,0,0,0,2,0,0,0,0,2,458,472,190,88,406,0,0,0,0,0,0,0,2,2,2,8,14,142,0,0,0,488,0,488,556,0,0,0,0,0,0,0,2,78,6,20,0,128,1346,236,4804,2,16,690,194,120,0,2,0,0,298,314,0,10,0,82,32,6,688,0,12,12,34,10,0,0,0,2,58,0,14,0,0,12,10,0,2,4,2,1142,0,0,4,4,2,0,2,2,56,0,0,0,0,0,302,0,0,0,916,1218,0,0,1706,0,0,0,0,0,0,1044,0,30,2,68,0,136,1772,164,0,484,0,0,0,0,0,462,0,0,0,11278,0,42,0,200,0,0,2,0,0,0,266,330,0,610,24,492,180,612,0,46,0,0,0,0,0,4,310,820,818,0,304,394,0,0,164,0,1124,1210,230,830,32,8,720,140,534,0,0,6,0,0,0,0,24,0,0,0,0,0,0,4,2,12,982,28,92,0,0,6,788,102,2,530,4,0,988,6,0,1730,0,0,0,216,0,12492,34,10,0,0,14,0,0,0,4838,0,0,0,1310,0,60,548,236
"2019-01-11","Maharashtra","27","Bhandara","471","Mohadi","4038","Urban",0,0,0,0,0,0,0,0,0,0,0,0,0,0,0,0,0,0,0,0,0,0,0,0,0,0,0,0,0,0,0,0,0,0,0,0,0,0,0,0,0,0,0,0,0,0,0,0,0,0,0,0,0,0,0,0,0,0,0,0,0,0,0,0,0,0,0,0,0,0,0,0,0,0,0,0,0,0,0,0,0,0,0,0,0,0,0,0,0,0,0,0,0,0,0,0,0,0,0,0,0,0,0,0,0,0,0,0,0,0,0,0,0,0,0,0,0,0,0,0,0,0,0,0,0,0,0,0,0,0,0,0,0,0,0,0,0,0,0,0,0,0,0,0,0,0,0,0,0,0,0,0,0,0,0,0,0,0,0,0,0,0,0,0,0,0,0,0,0,0,0,0,0,0,0,0,0,0,0,0,0,0,0,0,0,0,0,0,0,0,0,0,0,0,0,0,0,0,0,0,0,0,0,0,0,0,0,0,0,0,0,0,0,0,0,0,0,0,0,0,0,0,0,0,0,0,0,0,0,0,0,0,0,0,0,0,0,0,0,0,0,0,0,0,0,0,0,0,0,0,0,0,0,0,0,0,0,0,0,0,0,0,0,0,0,0,0,0,0,0,0,0,0,0,0,0,0,0,0,0,0,0,0,0,0,0
"2020-01-09","Maharashtra","27","Nashik","487","Nandgaon","4147","Urban",0,0,0,0,0,0,0,0,0,0,0,0,0,0,0,0,0,0,0,0,0,0,0,0,0,0,0,0,0,0,0,0,0,0,0,0,0,0,0,0,0,0,0,0,0,0,0,0,0,0,0,0,0,0,0,0,0,0,0,0,0,0,0,0,0,0,0,0,0,0,0,0,0,0,0,0,0,0,0,0,0,0,0,0,0,0,0,0,0,0,0,0,0,0,0,0,0,0,0,0,0,0,0,0,0,0,0,0,0,0,0,0,0,0,0,0,0,0,0,0,0,0,0,0,0,0,0,0,0,0,0,0,0,0,0,0,0,0,0,0,0,0,0,0,0,0,0,0,0,0,0,0,0,0,0,0,0,0,0,0,0,0,0,0,0,0,0,0,0,0,0,0,0,0,0,0,0,0,0,0,0,0,0,0,0,0,0,0,0,0,0,0,0,0,0,0,0,0,0,0,0,0,0,0,0,0,0,0,0,0,0,0,0,0,0,0,0,0,0,0,0,0,0,0,0,0,0,0,0,0,0,0,0,0,0,0,0,0,0,0,0,0,0,0,0,0,0,0,0,0,0,0,0,0,0,0,0,0,0,0,0,0,0,0,0,0,0,0,0,0,0,0,0,0,0,0,0,0,0,0,0,0,0,0,0,0
"2020-01-08","Odisha","21","Jharsuguda","357","Others","9999","Public",4,10497,833,0,0,0,0,195,63,0,0,0,172,13,0,0,0,161,164,0,0,0,0,0,172,161,181,164,42,172,161,181,164,161,181,164,0,195,1477,2274,36,0,0,0,0,0,0,0,0,0,0,0,0,0,0,83,112,16,7,124,0,0,0,0,0,0,0,0,0,0,0,0,0,0,0,0,0,0,111,111,0,0,0,0,0,0,0,0,0,0,0,0,0,11,0,0,0,0,3,0,0,0,0,0,0,18,21,0,0,0,4,1,0,5,0,3,1,0,0,0,1,1,0,45,0,0,0,0,0,0,0,0,0,0,208,0,0,0,0,0,0,8,0,43,0,0,0,0,0,0,6489,0,0,0,149,0,0,312,0,0,0,0,0,0,0,0,11,0,8,0,0,959,0,0,111,0,0,0,0,0,40,3,0,0,455,0,0,0,0,0,0,0,0,0,0,131,127,0,39,3,105,0,39,0,63,0,0,0,0,0,0,109,22,0,0,114,112,0,0,130,0,146,133,23,121,0,0,112,0,112,0,0,1,0,0,0,0,92,0,0,0,0,0,0,0,0,0,143,2,40,0,0,0,210,171,0,192,1,0,263,0,0,0,0,0,0,0,0,1557,0,0,0,0,1,0,0,0,18,0,0,0,165,0,0,148,0
"2019-01-06","Jharkhand","20","Jamtara","333","Kundhit","2681","Total",10,6728,0,0,27,280,0,263,338,0,0,0,227,62,0,0,0,146,118,26,0,0,0,44,202,256,215,235,98,224,253,213,217,247,211,220,0,162,18,13,48,0,0,0,0,0,0,0,0,0,0,0,0,0,0,109,96,47,36,166,0,0,0,0,0,0,0,0,0,0,0,2,18,0,0,0,2,39,180,163,0,0,0,0,10,1,2,0,8,0,0,0,13,94,24,28,0,73,16,40,5,0,3,0,0,119,116,0,0,0,0,2,0,7,0,0,1,5,0,0,0,0,0,0,0,0,0,0,0,0,0,0,0,0,125,0,0,0,0,0,0,3,0,15,0,0,0,0,0,0,180,0,0,165,349,0,0,924,0,0,0,0,0,0,0,0,0,0,36,0,0,469,0,0,183,0,0,0,1,0,234,23,0,11,2613,0,5,0,0,0,0,0,0,0,0,97,108,0,232,33,116,0,226,0,0,0,0,0,0,6,0,150,290,63,0,259,223,0,0,40,0,195,110,21,73,1,0,245,0,231,0,16,0,0,0,0,0,0,0,0,27,27,24,39,0,0,1,198,1,235,0,0,0,30,11,0,14,0,0,43,0,0,0,0,0,0,0,0,219,5,0,0,0,3,0,0,0,1775,0,0,0,284,0,0,183,35
"2019-01-09","Odisha","21","Gajapati","353","Mohana","3101","Total",19,17416,1394,0,0,0,0,252,211,0,0,0,239,133,0,0,0,257,272,0,0,0,0,0,239,271,288,287,160,239,271,288,287,271,288,287,0,252,0,0,88,0,1,26,1,0,1,0,0,0,0,0,0,2,0,128,124,3999,3798,149,0,0,0,0,0,0,0,0,1,3,6,1,38,0,0,0,74,0,136,136,0,1,1,2,196,0,0,0,2,0,0,0,41,292,56,457,1,11,114,29,21,0,12,0,0,87,93,0,4,0,37,2,0,38,0,8,2,4,4,0,0,0,2,17,0,0,0,3,13,2,0,0,0,0,287,0,0,0,0,0,0,371,0,0,0,1,0,0,0,25,4554,4,2,0,601,0,0,3782,0,0,0,0,0,0,0,0,8,0,17,0,0,2044,11,25,135,0,1,0,5,1,146,2,28,13,4939,0,0,0,0,0,0,0,0,0,0,31,114,0,180,28,146,44,180,0,96,0,0,0,0,12,17,104,177,187,0,190,31,0,0,0,0,211,211,109,155,23,23,169,64,167,0,0,0,27,0,0,0,308,0,0,0,0,0,0,0,0,0,281,8,52,0,0,0,125,38,0,169,0,1,146,0,0,49,0,0,0,0,128,4821,4,4,0,0,4,0,0,0,165,0,0,0,335,32,312,157,34
"2020-01-12","Himachal Pradesh","2","Una","26","Haroli","151","Rural",3,5761,0,0,61,0,0,233,70,0,0,0,233,0,0,0,0,293,312,0,0,0,0,0,233,293,274,312,22,233,293,274,312,293,274,312,0,233,0,0,0,0,0,0,0,0,0,0,0,0,0,0,0,0,0,118,115,18,21,15,0,0,0,0,0,0,0,0,0,0,0,0,2,0,0,0,0,74,116,116,0,0,0,0,0,0,0,0,0,0,0,0,4,19,0,0,0,0,24,0,1,0,0,0,0,10,6,0,0,0,0,0,0,2,0,0,0,28,14,0,3,0,2,98,0,12,0,0,3,0,0,0,0,1,107,0,0,0,0,0,0,4,0,0,0,0,0,0,0,16,25,0,0,0,299,0,0,9689,0,0,0,0,0,0,0,0,9,0,19,0,0,157,14,2,116,0,0,0,0,0,0,6,0,1,673,0,0,0,0,0,0,0,0,0,0,184,176,0,13,0,146,5,13,0,26,0,0,0,0,1,0,292,121,3,0,185,154,0,0,149,0,129,133,65,183,0,0,212,0,201,0,0,0,0,0,0,0,9,0,0,21,21,36,36,0,0,0,183,0,0,0,0,0,275,73,0,107,0,0,29,0,0,35,0,0,0,0,0,0,28,14,0,0,0,0,0,0,0,0,0,0,215,0,0,202,15
"2019-01-08","Gujarat","24","Ahmadabad","438","Viramgam","3779","Urban",0,7391,135,0,0,0,0,14,9,0,0,0,9,0,0,0,0,19,14,0,0,0,0,0,9,19,12,14,8,9,19,12,14,18,11,0,0,14,0,0,0,0,0,0,0,0,0,0,0,0,0,0,0,0,0,5,9,4,5,6,0,0,0,0,0,0,0,0,1,0,13,1,14,0,0,0,136,0,4,4,0,0,0,0,0,0,2,0,0,0,0,0,0,624,123,0,0,0,362,108,0,0,0,0,0,41,26,0,0,2,0,2,0,88,0,2,2,12,0,5,0,0,0,0,0,0,0,0,0,0,0,0,0,0,0,0,0,0,0,0,0,0,0,0,0,0,0,0,0,0,0,0,0,0,100,0,0,550,0,0,0,0,0,0,0,0,0,0,0,0,0,382,0,0,0,0,0,0,0,0,67,20,28,0,3004,0,0,0,0,0,0,0,0,0,0,67,67,0,67,16,67,0,67,0,7,0,0,0,1,3,1,47,126,0,0,47,47,4,0,26,0,38,29,21,20,3,3,47,0,34,0,0,0,0,0,0,5,10,0,0,0,0,0,0,0,0,0,36,10,0,0,0,0,0,0,0,0,0,0,0,0,0,25,0,0,0,0,34,2,12,0,4,1,2,0,0,0,2228,5,0,0,83,3,713,67,0
"2019-01-10","Andhra Pradesh","28","Chittoor","503","Chinnagottigallu","5385","Urban",0,0,0,0,0,0,0,0,0,0,0,0,0,0,0,0,0,0,0,0,0,0,0,0,0,0,0,0,0,0,0,0,0,0,0,0,0,0,0,0,0,0,0,0,0,0,0,0,0,0,0,0,0,0,0,0,0,0,0,0,0,0,0,0,0,0,0,0,0,0,0,0,0,0,0,0,0,0,0,0,0,0,0,0,0,0,0,0,0,0,0,0,0,0,0,0,0,0,0,0,0,0,0,0,0,0,0,0,0,0,0,0,0,0,0,0,0,0,0,0,0,0,0,0,0,0,0,0,0,0,0,0,0,0,0,0,0,0,0,0,0,0,0,0,0,0,0,0,0,0,0,0,0,0,0,0,0,0,0,0,0,0,0,0,0,0,0,0,0,0,0,0,0,0,0,0,0,0,0,0,0,0,0,0,0,0,0,0,0,0,0,0,0,0,0,0,0,0,0,0,0,0,0,0,0,0,0,0,0,0,0,0,0,0,0,0,0,0,0,0,0,0,0,0,0,0,0,0,0,0,0,0,0,0,0,0,0,0,0,0,0,0,0,0,0,0,0,0,0,0,0,0,0,0,0,0,0,0,0,0,0,0,0,0,0,0,0,0,0,0,0,0,0,0,0,0,0,0,0,0,0,0,0,0,0,0
"2020-01-07","Bihar","10","Siwan","222","Basantpur","1234","Private",0,0,0,0,0,0,0,0,0,0,0,0,0,0,0,0,0,0,0,0,0,0,0,0,0,0,0,0,0,0,0,0,0,0,0,0,0,0,0,0,0,0,0,0,0,0,0,0,0,0,0,0,0,0,0,0,0,0,0,0,0,0,0,0,0,0,0,0,0,0,0,0,0,0,0,0,0,0,0,0,0,0,0,0,0,0,0,0,0,0,0,0,0,0,0,0,0,0,0,0,0,0,0,0,0,0,0,0,0,0,0,0,0,0,0,0,0,0,0,0,0,0,0,0,0,0,0,0,0,0,0,0,0,0,0,0,0,0,0,0,0,0,0,0,0,0,0,0,0,0,0,0,0,0,0,0,0,0,0,0,0,0,0,0,0,0,0,0,0,0,0,0,0,0,0,0,0,0,0,0,0,0,0,0,0,0,0,0,0,0,0,0,0,0,0,0,0,0,0,0,0,0,0,0,0,0,0,0,0,0,0,0,0,0,0,0,0,0,0,0,0,0,0,0,0,0,0,0,0,0,0,0,0,0,0,0,0,0,0,0,0,0,0,0,0,0,0,0,0,0,0,0,0,0,0,0,0,0,0,0,0,0,0,0,0,0,0,0,0,0,0,0,0,0,0,0,0,0,0,0,0,0,0,0,0,0
"2020-01-05","Karnataka","29","Kolar","542","Mulbagal","5594","Public",6,30682,115,0,44,369,8,409,235,0,0,4,420,165,4,7,4,425,304,16,8,10,0,10,510,425,318,293,212,420,425,314,303,426,314,305,2,409,12,3,181,0,2,59,6,0,0,0,0,20,1,0,0,0,1,184,219,2,0,23,0,0,0,0,0,0,0,54,0,2,0,1,150,0,0,2,67,66,200,218,0,0,0,0,15,8,6,0,0,0,0,0,12,556,15,894,0,0,253,7,3,1,0,0,0,109,104,0,0,0,0,0,3,258,0,0,0,60,31,3,0,0,1,60,0,3,1,4,8,3,0,0,6,2,235,0,0,0,0,0,0,0,3,2,0,0,0,0,0,26,166,0,0,406,574,2,4,5049,0,0,0,0,0,0,0,0,16,0,0,0,18,633,0,2,175,0,0,0,1,0,193,28,0,10,9662,0,182,0,15,0,0,0,0,0,0,273,273,0,212,28,155,2,213,0,58,0,0,0,6,43,5,303,334,341,0,368,441,0,0,307,0,306,263,81,430,8,5,341,0,328,0,0,1,1,0,0,0,21,0,0,31,36,38,48,0,0,0,320,7,0,0,0,5,439,391,92,398,51,0,48,0,0,0,0,0,0,279,0,2,60,27,0,0,1,0,0,0,1306,23,0,0,370,6,80,166,1
"2020-01-09","Maharashtra","27","Sindhudurg","495","Vengurla","4279","Total",2,7511,45,0,0,0,0,65,7,0,0,0,49,6,0,0,0,56,66,0,0,0,0,0,55,56,58,66,6,49,56,58,66,56,58,66,0,84,71,94,3,0,0,1,0,0,0,0,0,0,0,0,0,0,0,33,32,90,126,71,0,0,0,0,0,0,0,0,0,0,0,6,0,0,0,0,27,0,55,55,0,1,0,0,0,0,0,0,39,1,0,0,1,58,5,753,0,0,88,9,0,0,0,0,0,2,1,0,0,0,0,0,0,66,0,1,2,0,0,0,0,0,4,9,0,34,0,3,10,10,0,5,0,0,22,0,0,3,3,0,0,0,0,0,0,0,0,0,0,0,2347,0,0,0,296,0,1,3015,0,0,0,0,0,0,0,0,1,0,0,0,0,422,0,0,45,0,0,0,0,0,3,25,0,10,3254,0,4,0,0,0,0,0,0,0,0,48,48,0,3,0,34,0,3,0,2,0,0,0,1,0,0,66,53,14,0,58,54,0,0,39,0,41,41,7,80,0,0,76,0,62,0,0,1,16,0,0,0,19,0,0,0,0,0,0,0,0,2,54,2,0,0,0,1,9,546,0,1277,2,0,89,2,0,67,0,0,0,0,128,0,0,0,0,0,0,0,0,0,713,0,0,0,62,1,53,27,0
"2021-01-05","Jharkhand","20","Ranchi","339","Mandar","2693","Total",1,1579,0,0,9,133,0,133,103,0,0,7,141,30,0,0,0,145,163,20,0,0,0,20,141,140,135,156,66,141,140,135,156,145,135,160,0,146,42,23,22,0,0,4,0,0,2,0,0,0,0,0,0,0,0,54,79,63,55,112,0,0,0,0,0,0,0,0,0,0,0,0,0,0,0,0,0,6,141,155,0,2,0,0,0,0,1,0,0,0,0,0,0,0,0,30,0,0,0,0,0,0,0,0,0,27,20,0,0,0,0,0,0,0,0,0,2,0,0,0,0,0,0,0,0,0,0,0,0,0,0,0,0,0,25,0,0,0,0,0,0,1,0,6,0,0,0,0,0,22,55,4,8,141,61,0,2,50,0,0,0,0,0,0,0,0,0,0,12,0,0,165,5,7,131,0,0,0,0,0,35,6,0,6,0,0,0,0,0,0,0,0,0,1,0,50,59,0,42,7,68,8,44,0,0,0,0,0,0,0,0,101,123,123,0,70,89,0,0,104,3,132,98,26,98,4,0,100,0,99,0,0,0,1,0,0,0,0,0,1,0,9,4,6,0,0,2,93,11,34,0,0,0,11,36,0,46,3,0,9,0,0,221,0,0,0,0,0,12,0,0,0,0,0,0,0,0,0,1,0,0,159,0,0,33,12
"2020-01-04","Chhattisgarh","22","Mahasamund","385","Saraipali","3340","Total",10,7099,0,0,43,0,0,246,209,0,0,0,243,79,0,0,0,219,197,0,0,0,0,0,243,304,273,285,210,243,299,272,282,299,272,285,0,243,51,72,30,0,0,28,1,0,0,0,0,0,0,0,0,0,0,127,119,35,38,76,0,0,34,0,0,0,0,0,1,1,13,2,26,0,0,0,13,39,161,161,0,1,0,0,1,1,4,1,5,0,0,0,6,125,10,70,0,0,95,7,6,0,2,0,0,95,98,0,0,0,0,0,0,12,0,0,9,0,0,11,0,0,0,60,0,0,0,0,6,0,0,0,2,0,209,0,0,0,0,0,0,0,21,68,0,0,0,2,0,479,10620,0,0,0,667,0,2,5565,0,0,0,0,0,0,0,0,0,0,0,0,4,574,0,0,157,0,0,0,1,0,198,33,0,15,469,0,37,0,7,0,0,0,0,0,0,202,161,0,168,36,95,0,192,0,2,0,0,0,0,13,13,229,266,98,0,282,122,0,0,224,0,283,269,15,147,9,9,255,92,276,0,0,0,8,0,0,0,0,0,0,24,39,18,30,0,0,5,280,7,22,0,0,0,36,103,0,189,2,0,67,0,0,201,0,0,0,0,0,523,0,0,0,0,7,0,0,0,130,55,0,0,282,64,114,195,15
"2020-01-06","Uttar Pradesh","9","Firozabad","143","Jasrana","773","Private",0,0,0,0,0,0,0,0,0,0,0,0,0,0,0,0,0,0,0,0,0,0,0,0,0,0,0,0,0,0,0,0,0,0,0,0,0,0,0,0,0,0,0,0,0,0,0,0,0,0,0,0,0,0,0,0,0,0,0,0,0,0,0,0,0,0,0,0,0,0,0,0,0,0,0,0,0,0,0,0,0,0,0,0,0,0,0,0,0,0,0,0,0,0,0,0,0,0,0,0,0,0,0,0,0,0,0,0,0,0,0,0,0,0,0,0,0,0,0,0,0,0,0,0,0,0,0,0,0,0,0,0,0,0,0,0,0,0,0,0,0,0,0,0,0,0,0,0,0,0,0,0,0,0,0,0,0,0,0,0,0,0,0,0,0,0,0,0,0,0,0,0,0,0,0,0,0,0,0,0,0,0,0,0,0,0,0,0,0,0,0,0,0,0,0,0,0,0,0,0,0,0,0,0,0,0,0,0,0,0,0,0,0,0,0,0,0,0,0,0,0,0,0,0,0,0,0,0,0,0,0,0,0,0,0,0,0,0,0,0,0,0,0,0,0,0,0,0,0,0,0,0,0,0,0,0,0,0,0,0,0,0,0,0,0,0,0,0,0,0,0,0,0,0,0,0,0,0,0,0,0,0,0,0,0,0
"2019-01-03","Bihar","10","Sitamarhi","221","Runisaidpur","1073","Rural",0,5228,512,0,73,0,0,446,543,0,0,0,372,174,0,0,0,453,514,0,0,0,0,0,372,461,2584,514,182,372,461,481,523,457,477,513,0,0,0,0,174,0,0,0,0,0,0,0,0,0,0,0,0,0,0,210,236,94,144,114,0,0,0,0,0,0,0,0,0,0,0,0,0,0,0,1,49,41,174,297,0,0,0,0,4,2,12,8,0,0,0,0,0,258,28,309,0,0,19,31,0,0,0,0,5,148,161,0,0,0,0,0,2,26,0,0,2,0,0,0,0,0,0,0,0,0,0,0,0,0,0,0,0,0,289,0,0,0,0,0,0,0,21,19,0,0,0,0,0,0,283,0,0,0,45,0,0,843,0,0,0,0,0,0,0,0,16,1,8,0,0,277,130,5,149,0,0,0,0,0,174,7,36,3,255,0,0,0,0,0,0,0,0,0,0,309,309,0,309,10,174,130,309,0,101,0,0,0,0,2,2,77,202,0,0,638,634,0,0,31,0,385,237,172,52,5,5,614,0,539,0,0,1,0,0,0,36,484,0,0,0,0,0,0,0,0,2,445,0,174,0,0,0,0,19,0,13,0,0,0,0,0,0,0,0,0,0,0,0,0,0,0,0,0,0,0,0,2,0,0,0,796,0,0,309,0
"2020-01-01","Bihar","10","Samastipur","217","Bibhutpur","1299","Public",0,8200,2718,0,0,647,0,652,590,0,0,0,652,488,0,0,0,906,814,3,0,0,0,3,750,904,858,813,511,768,901,850,823,895,844,817,0,65,5,0,0,0,0,51,0,0,0,0,0,0,0,0,0,0,0,284,368,293,620,629,0,0,0,0,0,0,0,0,0,0,0,0,0,0,0,0,0,0,392,399,0,0,0,0,1,0,1,0,0,0,0,0,0,360,256,558,0,0,85,232,0,0,0,0,0,266,248,0,0,0,0,0,0,0,0,0,0,0,0,488,0,0,0,0,0,0,0,0,0,0,0,0,0,0,378,0,0,0,0,0,0,0,0,28,0,0,0,0,0,90,1126,0,0,778,32,0,0,1121,0,0,0,0,0,0,0,0,0,0,0,0,62,439,25,1,380,0,0,0,0,0,489,35,264,9,0,0,0,0,0,0,0,0,0,0,0,60,88,0,514,42,612,26,514,1,0,0,0,0,2,3,0,28,0,62,0,271,484,0,0,44,0,442,336,316,90,0,0,588,0,537,0,0,0,0,0,0,267,205,0,0,0,0,0,0,0,0,0,609,8,462,0,0,0,633,32,0,18,0,0,0,0,0,0,0,0,0,0,133,0,0,0,0,0,2,0,0,0,0,0,0,0,770,0,0,409,17
"2019-01-12","Chhattisgarh","22","Mungeli","647","Pathariya","3293","Rural",38,11413,0,0,0,0,0,515,500,0,0,0,452,116,0,0,0,450,455,0,0,0,0,50,452,450,469,455,335,452,450,469,455,450,469,455,0,515,70,71,221,0,0,83,0,0,0,0,0,0,0,0,0,0,0,251,264,371,398,450,0,0,0,0,0,0,0,0,10,0,6,2,42,0,0,0,117,0,173,173,0,0,0,0,4,0,1,1,0,0,0,0,0,221,1,132,0,0,42,4,0,0,0,0,0,139,154,0,0,0,0,1,0,81,0,0,0,0,0,6,0,0,0,3,0,0,0,0,0,0,0,0,0,0,173,0,0,0,0,0,0,0,0,98,0,0,0,0,0,3,20,0,0,0,588,0,0,1143,0,0,0,0,0,0,0,0,7,0,35,0,0,3178,3,1,173,0,0,0,0,0,293,71,20,54,2306,0,4,0,0,0,0,0,0,0,0,287,293,0,293,19,140,7,293,21,13,0,0,0,0,28,0,190,783,119,0,555,581,0,0,518,0,337,392,218,701,8,8,539,0,532,0,0,0,14,0,0,0,94,0,0,0,0,0,0,0,0,0,527,34,121,0,0,0,0,530,5,719,3,0,207,1,0,275,0,0,0,0,205,1822,0,0,0,0,3,0,0,0,245,4,0,0,555,9,181,293,4
"2020-01-04","Madhya Pradesh","23","Khargone","414","Segaon","3548","Urban",0,0,0,0,0,0,0,0,0,0,0,0,0,0,0,0,0,0,0,0,0,0,0,0,0,0,0,0,0,0,0,0,0,0,0,0,0,0,0,0,0,0,0,0,0,0,0,0,0,0,0,0,0,0,0,0,0,0,0,0,0,0,0,0,0,0,0,0,0,0,0,0,0,0,0,0,0,0,0,0,0,0,0,0,0,0,0,0,0,0,0,0,0,0,0,0,0,0,0,0,0,0,0,0,0,0,0,0,0,0,0,0,0,0,0,0,0,0,0,0,0,0,0,0,0,0,0,0,0,0,0,0,0,0,0,0,0,0,0,0,0,0,0,0,0,0,0,0,0,0,0,0,0,0,0,0,0,0,0,0,0,0,0,0,0,0,0,0,0,0,0,0,0,0,0,0,0,0,0,0,0,0,0,0,0,0,0,0,0,0,0,0,0,0,0,0,0,0,0,0,0,0,0,0,0,0,0,0,0,0,0,0,0,0,0,0,0,0,0,0,0,0,0,0,0,0,0,0,0,0,0,0,0,0,0,0,0,0,0,0,0,0,0,0,0,0,0,0,0,0,0,0,0,0,0,0,0,0,0,0,0,0,0,0,0,0,0,0,0,0,0,0,0,0,0,0,0,0,0,0,0,0,0,0,0,0
"2019-01-02","Rajasthan","8","Sawai Madhopur","113","Khandar","532","Public",2,30569,250,0,36,0,216,0,165,0,0,0,339,136,0,0,0,290,321,0,2,333,0,0,0,299,316,336,136,337,371,316,336,287,294,320,1,184,117,77,95,0,2,38,2,0,0,0,0,20,0,9,0,0,0,95,117,125,101,142,0,0,0,0,0,0,0,0,0,0,0,0,0,0,0,0,17,35,189,198,0,4,3,3,26,8,13,18,0,0,0,0,10,398,155,430,0,0,170,267,28,0,10,0,0,73,100,0,0,0,0,0,0,57,0,0,0,10,0,0,0,0,0,1,0,0,0,0,0,0,0,0,0,0,14,0,0,0,0,0,0,0,1,21,0,0,0,0,0,65,797,0,0,0,287,0,0,1919,0,0,0,0,0,0,0,0,4,0,39,0,25,1172,0,2,100,0,2,0,1,1,171,36,0,15,6037,63,0,0,28,0,0,0,0,0,0,30,64,0,176,20,13,1,179,2,1,0,0,0,0,51,0,192,166,29,0,247,165,0,0,188,0,195,149,154,310,6,0,155,0,74,0,0,3,22,0,0,0,256,0,0,21,21,20,20,2,0,0,258,16,0,0,0,0,60,207,0,107,0,0,153,0,0,0,0,0,0,0,0,0,0,0,0,0,0,0,0,0,406,0,0,0,349,76,745,72,0
"2019-01-07","Telangana","36","Jayashankar Bhupalapally","687","Mulugu","4683","Urban",0,0,0,0,0,0,0,0,0,0,0,0,0,0,0,0,0,0,0,0,0,0,0,0,0,0,0,0,0,0,0,0,0,0,0,0,0,0,0,0,0,0,0,0,0,0,0,0,0,0,0,0,0,0,0,0,0,0,0,0,0,0,0,0,0,0,0,0,0,0,0,0,0,0,0,0,0,0,0,0,0,0,0,0,0,0,0,0,0,0,0,0,0,0,0,0,0,0,0,0,0,0,0,0,0,0,0,0,0,0,0,0,0,0,0,0,0,0,0,0,0,0,0,0,0,0,0,0,0,0,0,0,0,0,0,0,0,0,0,0,0,0,0,0,0,0,0,0,0,0,0,0,0,0,0,0,0,0,0,0,0,0,0,0,0,0,0,0,0,0,0,0,0,0,0,0,0,0,0,0,0,0,0,0,0,0,0,0,0,0,0,0,0,0,0,0,0,0,0,0,0,0,0,0,0,0,0,0,0,0,0,0,0,0,0,0,0,0,0,0,0,0,0,0,0,0,0,0,0,0,0,0,0,0,0,0,0,0,0,0,0,0,0,0,0,0,0,0,0,0,0,0,0,0,0,0,0,0,0,0,0,0,0,0,0,0,0,0,0,0,0,0,0,0,0,0,0,0,0,0,0,0,0,0,0,0
"2020-01-09","Bihar","10","Purnia","214","Amour","1138","Urban",0,280,0,0,0,0,0,62,23,0,0,0,28,0,0,0,0,27,28,0,0,0,0,0,28,27,32,28,0,28,27,32,28,27,32,28,0,0,0,0,0,0,0,0,0,0,0,0,0,0,0,0,0,0,0,24,38,0,0,20,0,0,0,0,0,0,0,0,0,0,0,0,0,0,0,0,0,0,13,13,0,0,0,0,0,0,0,0,0,0,0,0,0,0,0,0,0,0,0,0,0,0,0,0,0,12,14,0,0,0,0,0,0,0,0,0,0,0,0,0,0,0,0,0,0,0,0,0,0,0,0,0,0,0,10,0,0,0,0,0,0,0,0,0,0,0,0,0,0,0,0,0,0,0,0,0,0,10,0,0,0,0,0,0,0,0,0,0,0,0,0,0,26,0,13,0,0,0,0,0,0,0,0,0,0,0,0,0,0,0,0,0,0,0,0,26,26,0,26,0,7,4,26,0,0,0,0,0,0,0,0,0,0,0,0,73,73,0,0,73,0,28,19,45,0,0,0,12,0,0,0,0,0,0,0,0,0,0,0,0,0,0,0,0,0,0,0,73,0,0,0,0,0,0,0,0,0,0,0,0,0,0,0,0,0,0,0,0,0,0,0,0,0,0,0,0,0,0,0,0,0,73,0,0,26,26
"2019-01-08","Chhattisgarh","22","Janjgir-Champa","379","Navagarh","3280","Total",0,7273,326,0,0,0,62,507,578,0,0,0,468,251,0,0,0,305,286,0,0,61,0,0,468,470,445,466,256,468,470,445,466,419,351,0,0,507,47,40,0,0,0,0,10,0,0,0,0,0,0,0,0,0,0,235,271,386,367,348,0,0,0,0,0,0,0,0,0,0,0,4,0,0,0,0,16,0,325,332,0,4,0,1,2,0,0,0,0,0,0,0,21,317,19,0,0,0,211,0,0,0,0,0,0,135,123,0,0,0,0,0,7,174,0,0,3,0,0,10,1,0,1,23,0,1,0,0,5,0,0,0,2,0,164,0,0,0,0,0,0,0,0,13,0,0,0,0,0,25713,2,0,0,0,60,0,1,202,0,0,0,0,0,0,0,0,4,0,0,0,0,812,1,2,323,0,0,0,1,0,256,85,0,26,1136,0,0,0,0,0,0,0,0,0,0,221,221,0,253,30,135,2,257,0,12,0,0,0,0,32,0,70,310,15,0,600,600,0,0,342,0,600,768,0,544,19,17,563,0,525,0,0,0,655,0,0,0,0,0,0,0,0,0,0,0,0,3,573,3,0,0,0,0,314,141,0,174,0,0,203,0,0,0,0,0,0,0,0,1232,0,0,0,0,2,0,0,0,196,0,0,0,600,14,57,154,1
"2019-01-03","Rajasthan","8","Banswara","88","Bagidora","653","Total",6,36009,902,0,133,0,0,311,428,0,0,0,367,503,0,0,0,382,373,0,4,0,0,0,341,406,440,391,483,367,406,449,397,407,440,401,1,326,334,318,394,0,14,110,32,0,4,0,0,25,2,0,0,0,64,143,168,321,247,382,0,0,0,0,0,0,0,6,10,12,3,0,89,0,0,0,27,95,303,312,0,5,0,0,24,7,30,22,192,0,0,0,103,1221,222,1870,0,0,549,224,211,19,39,0,0,237,203,0,0,0,0,0,0,32,0,23,1,0,0,12,0,0,1,6,0,0,0,1,3,0,0,0,0,0,42,0,0,0,0,0,0,0,4,77,0,0,0,2,0,168,2712,0,0,0,1117,0,0,11374,0,0,0,0,0,0,0,0,16,0,132,0,33,1442,1,0,257,0,0,0,6,0,442,98,5,66,11200,0,0,10,68,0,0,0,0,0,0,372,118,0,435,33,70,0,442,0,53,0,0,0,0,182,5,362,269,78,1,284,269,0,0,287,0,228,272,170,380,0,7,259,0,164,0,0,4,4,0,20,26,141,0,0,103,135,64,96,0,0,0,295,26,29,0,0,6,89,191,3,289,14,0,128,0,0,243,1,1,0,0,38,100,0,0,0,0,5,0,0,0,1164,0,0,0,398,39,448,39,0
"2019-01-02","Bihar","10","Purbi Champaran","213","Others","9999","Private",0,0,0,0,0,0,0,0,0,0,0,0,0,0,0,0,0,0,0,0,0,0,0,0,0,0,0,0,0,0,0,0,0,0,0,0,0,0,0,0,0,0,0,0,0,0,0,0,0,0,0,0,0,0,0,0,0,0,0,0,0,0,0,0,0,0,0,0,0,0,0,0,0,0,0,0,0,0,0,0,0,0,0,0,0,0,0,0,0,0,0,0,0,0,0,0,0,0,0,0,0,0,0,0,0,201,230,0,0,0,0,0,0,0,0,0,0,0,0,0,0,0,0,0,0,0,0,0,0,0,0,0,0,0,0,0,0,0,0,0,0,0,0,0,0,0,0,0,0,0,0,0,0,0,0,0,0,0,0,0,0,0,0,0,0,0,0,0,0,0,0,0,0,0,0,0,0,0,0,0,430,0,667,0,0,0,0,0,0,0,0,0,0,0,0,0,0,0,0,0,0,0,0,1,0,0,0,0,0,0,0,0,0,0,0,0,0,0,0,0,0,0,0,0,0,0,0,0,0,0,0,0,0,0,0,0,0,0,0,0,0,0,0,0,0,0,0,0,0,354,0,0,0,0,0,0,0,0,0,0,0,0,0,0,0,0,0,0,0,0,0,0,0,0,0,0,0,0,0,0,0,0,0,0,0,0
"2019-01-01","Maharashtra","27","Bhandara","471","Lakhani","4041","Urban",0,0,0,0,0,0,0,0,0,0,0,0,0,0,0,0,0,0,0,0,0,0,0,0,0,0,0,0,0,0,0,0,0,0,0,0,0,0,0,0,0,0,0,0,0,0,0,0,0,0,0,0,0,0,0,0,0,0,0,0,0,0,0,0,0,0,0,0,0,0,0,0,0,0,0,0,0,0,0,0,0,0,0,0,0,0,0,0,0,0,0,0,0,0,0,0,0,0,0,0,0,0,0,0,0,0,0,0,0,0,0,0,0,0,0,0,0,0,0,0,0,0,0,0,0,0,0,0,0,0,0,0,0,0,0,0,0,0,0,0,0,0,0,0,0,0,0,0,0,0,0,0,0,0,0,0,0,0,0,0,0,0,0,0,0,0,0,0,0,0,0,0,0,0,0,0,0,0,0,0,0,0,0,0,0,0,0,0,0,0,0,0,0,0,0,0,0,0,0,0,0,0,0,0,0,0,0,0,0,0,0,0,0,0,0,0,0,0,0,0,0,0,0,0,0,0,0,0,0,0,0,0,0,0,0,0,0,0,0,0,0,0,0,0,0,0,0,0,0,0,0,0,0,0,0,0,0,0,0,0,0,0,0,0,0,0,0,0,0,0,0,0,0,0,0,0,0,0,0,0,0,0,0,0,0,0
"2021-01-05","Odisha","21","Nuapada","368","Boden","3157","Total",17,6654,0,0,2,0,0,135,78,0,0,0,131,42,0,0,0,121,133,0,0,0,0,0,137,113,126,135,42,115,121,134,133,113,125,127,0,135,0,0,77,0,0,40,0,0,0,0,0,0,0,0,0,0,0,63,72,35,30,82,0,0,0,0,0,0,0,0,0,0,0,1,0,0,0,0,6,2,57,57,0,0,0,0,0,0,0,0,0,0,1,0,1,69,0,12,0,0,3,0,0,0,0,0,0,36,53,0,1,0,0,0,0,35,0,0,0,0,0,0,0,0,0,0,0,0,0,0,0,0,0,0,0,0,133,0,0,0,0,2,0,35,6,9,0,0,0,0,0,21,682,0,0,0,0,0,2,0,0,0,0,0,0,0,0,0,3,0,0,0,0,797,0,18,57,0,0,0,0,0,78,1,0,7,328,0,67,0,0,0,0,0,0,0,0,108,88,0,89,11,132,6,89,0,8,0,3,0,0,12,3,41,0,0,0,131,125,0,0,83,13,128,90,36,112,7,7,142,0,142,0,0,0,14,0,3,0,37,0,0,2,2,2,2,0,0,0,164,10,78,0,0,0,13,128,0,259,4,0,37,0,0,1,0,0,0,0,0,1428,0,0,0,0,7,0,0,0,83,0,0,0,182,0,0,102,18
"2019-01-10","Assam","18","Nagaon","297","Simonabasti Bphc","2031","Urban",0,0,0,0,0,0,0,0,0,0,0,0,0,0,0,0,0,0,0,0,0,0,0,0,0,0,0,0,0,0,0,0,0,0,0,0,0,0,0,0,0,0,0,0,0,0,0,0,0,0,0,0,0,0,0,0,0,0,0,0,0,0,0,0,0,0,0,0,0,0,0,0,0,0,0,0,0,0,0,0,0,0,0,0,0,0,0,0,0,0,0,0,0,0,0,0,0,0,0,0,0,0,0,0,0,0,0,0,0,0,0,0,0,0,0,0,0,0,0,0,0,0,0,0,0,0,0,0,0,0,0,0,0,0,0,0,0,0,0,0,0,0,0,0,0,0,0,0,0,0,0,0,0,0,0,0,0,0,0,0,0,0,0,0,0,0,0,0,0,0,0,0,0,0,0,0,0,0,0,0,0,0,0,0,0,0,0,0,0,0,0,0,0,0,0,0,0,0,0,0,0,0,0,0,0,0,0,0,0,0,0,0,0,0,0,0,0,0,0,0,0,0,0,0,0,0,0,0,0,0,0,0,0,0,0,0,0,0,0,0,0,0,0,0,0,0,0,0,0,0,0,0,0,0,0,0,0,0,0,0,0,0,0,0,0,0,0,0,0,0,0,0,0,0,0,0,0,0,0,0,0,0,0,0,0,0
"2021-01-05","Bihar","10","Darbhanga","195","Gora Bauram","1196","Rural",1,5746,25,0,0,330,0,330,105,0,0,0,322,64,0,0,0,312,321,31,0,0,0,31,322,312,327,321,75,322,312,327,321,312,327,321,0,331,98,38,64,0,0,1,0,0,0,0,0,0,0,0,0,0,0,151,147,67,72,240,0,0,0,0,0,0,0,0,0,0,0,0,0,0,0,0,0,0,149,149,0,0,0,0,3,35,7,1,0,0,0,0,0,70,24,75,0,0,18,10,0,0,0,0,0,73,73,0,0,0,0,0,0,0,0,0,0,0,0,0,0,0,0,0,0,0,0,0,0,0,0,0,0,0,143,0,0,0,0,0,0,0,0,72,0,0,0,0,0,178,0,0,0,322,551,0,0,493,0,0,0,0,0,0,0,0,0,0,73,0,0,295,73,8,142,0,0,0,0,0,65,4,0,7,35,0,0,0,0,0,0,0,0,0,0,147,147,0,726,12,71,69,146,0,0,0,3,0,0,11,6,16,10,0,0,128,125,0,0,37,0,114,132,129,123,0,0,230,0,347,0,6,0,0,0,0,0,55,0,0,0,0,0,0,0,0,0,141,0,64,0,0,0,0,0,0,0,0,0,0,0,0,0,0,0,0,0,0,0,0,0,0,0,2,0,0,0,0,0,0,0,241,0,0,82,82
"2021-01-04","Bihar","10","Bhagalpur","192","Others","9999","Urban",2,12323,4342,0,0,762,0,782,945,0,0,0,1069,665,0,0,0,946,1114,58,0,0,0,42,1057,1021,1222,1172,778,1079,1015,1221,1174,1022,1226,1171,0,386,117,32,607,0,2,0,0,0,0,2,0,0,0,0,0,0,0,336,386,112,217,656,0,0,0,0,0,0,0,0,0,0,0,0,0,0,0,1,238,0,650,662,0,3,0,0,57,26,33,17,12,0,0,0,0,223,92,919,0,0,6,110,0,0,0,0,7,344,352,0,0,0,0,0,0,26,0,40,1,0,0,0,0,0,2,2,0,0,0,1,0,0,0,0,0,2,583,0,0,0,0,0,0,4,16,472,0,0,0,0,0,863,185,0,0,928,579,0,0,4408,0,0,0,0,0,0,0,0,23,0,128,0,153,1167,50,30,549,0,0,0,1,0,631,67,229,11,4440,0,2,0,26,0,0,0,0,0,0,451,443,0,679,55,335,30,680,0,13,44,2,0,13,106,1,469,316,265,0,1500,1963,1,0,485,2,640,685,410,854,3,12,564,163,479,0,0,0,2,0,0,70,320,0,0,0,0,0,0,0,0,0,676,25,435,0,0,0,482,49,0,84,1,0,9,0,0,0,0,0,0,0,88,328,0,0,0,0,19,0,0,0,0,0,0,0,1282,8,20,285,20
"2019-01-01","Haryana","6","Hisar","63","Hisar Urban","394","Rural",11,65848,798,0,0,0,0,70,565,0,0,0,32,548,0,0,0,50,59,0,0,0,0,0,40,53,49,61,563,32,53,49,61,52,48,60,0,70,73,40,553,0,14,26,19,0,4,0,0,21,21,11,0,0,21,30,39,13,0,28,0,0,75,0,0,9,22,65,11,96,469,0,800,0,0,3,1106,0,40,42,0,0,0,0,0,0,0,0,0,0,0,0,0,10172,922,5378,0,0,10991,1301,0,0,0,0,0,274,292,312,0,3,0,2,11,1420,12,46,19,726,490,71,0,0,0,4,0,0,0,0,0,0,0,0,0,0,2,0,0,0,0,0,0,0,62,0,0,0,0,0,0,48,640,2,0,0,84,44,0,3433,0,0,0,0,0,0,75,5,103,3,4,0,355,9295,0,0,6,0,0,0,0,0,580,13,30,20,139135,1,146,1,242,0,0,0,0,0,0,0,0,0,377,188,0,0,566,5,332,0,1,0,10,98,139,25,899,596,1,7,12,0,0,7,0,14,9,6,12,54,27,13,35,13,2,0,0,22,1,0,532,90,0,61,0,0,0,0,0,0,19,8,492,252,29,42,0,3928,0,0,0,0,0,3252,0,64,2984,0,0,0,0,1990,172,726,490,45,64,20,50,0,0,13182,255,0,1293,12,3,231,359,0
"2019-01-05","Jharkhand","20","Giridih","329","Deori","2534","Total",0,1289,0,0,28,341,0,341,417,0,0,0,350,123,0,0,0,309,317,0,0,0,0,0,348,321,332,346,152,348,321,332,346,321,332,346,0,1480,3590,4201,123,0,0,0,0,0,1,0,0,2,0,1,0,0,0,162,179,54,58,155,0,0,0,0,0,0,0,1,0,0,88,0,81,0,0,0,2,48,159,173,0,0,0,2,0,0,0,0,2,0,0,0,11,103,4,41,0,2,3,4,89,0,5,0,0,102,113,0,0,5,0,0,0,4,0,0,5,0,0,0,0,0,0,0,0,0,0,0,0,0,0,0,0,0,102,0,0,0,0,0,0,5,21,0,0,0,0,0,0,387,2113,0,0,341,596,0,0,3129,0,0,0,0,0,0,0,0,7,0,2,0,0,380,18,4,157,0,0,0,0,0,195,18,8,2,44,0,8,0,0,0,0,0,0,0,0,217,217,0,215,16,195,22,215,0,12,0,0,0,0,14,8,385,419,0,0,324,324,0,0,218,22,246,250,56,182,2,2,253,4,252,0,0,0,11,0,0,27,104,0,0,9,16,48,38,0,0,5,186,0,195,0,0,0,66,39,0,27,0,0,39,0,0,141,0,0,0,0,0,55,0,0,0,0,3,0,0,0,788,0,0,0,324,0,0,217,22
"2019-01-09","Jharkhand","20","West Singhbhum","343","Chaibasa Sadar","2739","Urban",0,960,0,0,0,9,0,9,4,0,0,0,10,0,0,0,0,4,5,0,0,0,0,0,8,4,2,5,0,10,4,2,5,4,2,5,0,10,10,0,0,0,0,0,0,0,0,0,0,0,0,0,0,0,0,5,4,0,0,0,0,0,0,0,0,0,0,0,0,0,0,0,0,0,0,0,12,0,0,0,0,0,0,0,0,0,0,0,0,0,0,0,0,0,0,0,0,0,0,0,0,0,0,0,0,0,0,0,0,0,0,0,0,2,0,0,0,0,0,0,0,0,0,0,0,0,0,0,0,0,0,0,0,0,0,0,0,0,0,0,0,0,0,0,0,0,0,0,0,0,0,0,0,10,0,0,0,6,0,0,0,0,0,0,0,0,0,0,0,0,0,0,0,0,0,0,0,0,0,0,0,0,0,0,12,0,0,0,0,0,0,0,0,0,0,0,0,0,0,0,0,0,0,0,0,0,0,0,0,0,0,0,12,0,0,12,12,0,0,0,0,6,7,3,0,0,0,7,0,12,0,0,0,0,0,0,0,0,0,0,0,0,0,0,0,0,0,12,0,0,0,0,0,0,14,0,41,0,0,0,0,0,0,0,0,0,0,0,0,0,0,0,0,0,0,0,0,0,0,0,0,12,0,0,0,0
"2019-01-08","Madhya Pradesh","23","Vidisha","437","Gyaraspur","3577","Urban",0,0,0,0,0,0,0,0,0,0,0,0,0,0,0,0,0,0,0,0,0,0,0,0,0,0,0,0,0,0,0,0,0,0,0,0,0,0,0,0,0,0,0,0,0,0,0,0,0,0,0,0,0,0,0,0,0,0,0,0,0,0,0,0,0,0,0,0,0,0,0,0,0,0,0,0,0,0,0,0,0,0,0,0,0,0,0,0,0,0,0,0,0,0,0,0,0,0,0,0,0,0,0,0,0,0,0,0,0,0,0,0,0,0,0,0,0,0,0,0,0,0,0,0,0,0,0,0,0,0,0,0,0,0,0,0,0,0,0,0,0,0,0,0,0,0,0,0,0,0,0,0,0,0,0,0,0,0,0,0,0,0,0,0,0,0,0,0,0,0,0,0,0,0,0,0,0,0,0,0,0,0,0,0,0,0,0,0,0,0,0,0,0,0,0,0,0,0,0,0,0,0,0,0,0,0,0,0,0,0,0,0,0,0,0,0,0,0,0,0,0,0,0,0,0,0,0,0,0,0,0,0,0,0,0,0,0,0,0,0,0,0,0,0,0,0,0,0,0,0,0,0,0,0,0,0,0,0,0,0,0,0,0,0,0,0,0,0,0,0,0,0,0,0,0,0,0,0,0,0,0,0,0,0,0,0
"2020-01-01","Andaman And Nicobar Islands","35","North And Middle Andaman","632","Diglipur","5919","Rural",2,10490,638,0,0,0,0,27,21,0,0,0,31,22,0,0,0,31,31,0,0,0,3,0,28,31,32,31,24,31,31,32,31,31,32,31,0,27,0,0,21,0,0,2,0,0,0,0,0,0,0,0,0,0,0,15,12,25,77,27,0,0,0,0,0,0,6,1,0,0,0,0,0,0,0,0,13,0,16,16,0,0,0,0,1,2,4,3,9,4,5,3,0,158,13,586,0,0,104,14,3,1,2,0,0,12,12,0,0,0,0,0,0,69,0,5,1,0,0,0,0,0,0,4,0,4,0,3,0,0,0,0,0,1,50,0,0,0,0,0,0,0,1,0,0,0,0,2,0,0,1635,0,0,0,197,0,1,1583,0,0,0,0,0,0,0,0,0,0,14,0,0,1140,0,3,14,0,0,0,0,0,22,3,8,3,9598,0,1,0,7,0,0,0,0,0,0,29,27,0,24,6,19,3,24,0,5,1,0,0,2,1,0,136,21,29,0,31,27,0,0,36,0,22,23,7,51,0,0,24,5,35,1,0,0,5,0,5,0,11,0,0,0,0,0,0,0,0,0,25,15,21,0,0,34,368,1278,4,1556,0,0,354,0,0,1,0,0,0,0,379,17,0,0,0,0,1,0,0,0,24,0,0,0,29,0,20,17,3
"2021-01-04","Rajasthan","8","Ganganagar","100","Suratgarh","465","Urban",0,18328,372,0,0,0,0,85,82,0,0,0,93,58,0,0,0,85,115,0,0,6,0,0,93,70,114,89,61,93,70,114,87,70,116,89,0,69,0,0,148,0,0,15,0,0,0,0,0,0,0,0,0,0,0,39,46,14,13,50,0,0,15,0,0,0,0,0,1,0,0,2,199,0,0,0,260,0,23,23,0,1,0,1,5,1,5,1,4,1,1,0,0,207,38,966,0,0,96,47,8,0,0,0,0,70,78,0,0,0,0,0,0,286,0,15,0,158,3,7,0,0,1,0,0,7,0,0,6,0,0,5,0,0,0,0,0,0,0,0,0,0,57,40,0,0,0,0,0,0,0,0,0,0,264,1,0,2500,0,0,0,0,0,0,0,0,7,0,0,0,158,1205,0,0,23,0,0,0,0,0,150,13,0,2,5815,10,16,0,3,0,0,0,0,0,0,0,0,0,89,17,0,0,148,0,18,0,3,0,0,26,5,100,86,98,0,68,68,5,0,94,0,79,70,21,98,0,0,68,0,68,0,0,0,0,0,14,5,67,0,0,0,0,0,0,0,0,0,94,32,68,0,0,0,112,19,0,11,0,0,485,0,0,202,0,0,0,0,301,0,158,3,0,0,3,0,0,0,175,55,0,0,100,2,269,0,0
"2019-01-10","Telangana","36","Nizamabad","516","Nizamabad","6233","Total",22,86682,2488,0,121,1083,6,1083,773,0,0,0,1005,624,0,0,0,1062,1040,51,10,14,17,44,964,1043,962,1007,749,997,1077,971,1020,998,340,30,31,28,13,6,13,0,10,13,9,0,0,0,0,0,0,23,0,0,55,538,545,648,441,771,0,0,122,0,0,0,0,0,14,0,310,195,496,0,0,10,804,345,767,768,0,1,0,0,1,0,3,0,4,29,43,0,87,2631,359,0,29,0,1241,329,0,9,189,0,0,368,399,0,0,1,0,3,19,752,0,0,9,16,16,0,2,0,1,113,0,1,0,0,1,0,0,0,0,0,507,0,0,0,0,2,0,0,0,0,0,0,0,1,0,0,32447,22,9,936,1025,0,37,2541,0,0,0,0,0,0,82,0,23,0,0,0,35,1597,0,0,704,0,0,0,0,0,773,156,0,7,5055,0,126,0,0,0,0,0,0,0,0,891,886,0,771,87,2,0,765,0,110,0,0,0,0,0,0,304,409,0,0,960,1001,0,0,894,0,884,1055,103,770,15,0,881,0,949,0,0,0,0,0,0,58,16,0,0,0,0,10,10,0,0,9,813,94,30,13,13,0,842,3797,66,1810,227,0,1496,742,0,591,0,0,0,0,0,534,1,1,35,29,4,0,0,0,3159,392,0,0,946,6,28,842,0
"2021-01-05","Uttar Pradesh","9","Jaunpur","152","Others","9999","Urban",0,83,0,0,0,156,0,156,115,0,0,0,142,0,0,0,0,127,143,0,0,0,0,0,140,127,124,143,13,142,127,124,143,127,124,143,0,156,142,0,0,0,0,0,0,0,0,0,0,0,0,0,0,0,0,75,81,68,51,91,0,0,0,0,0,0,0,0,0,0,0,0,0,0,0,0,0,0,132,132,0,0,0,0,2,0,2,0,0,0,0,0,0,0,0,0,0,0,0,0,0,0,0,0,0,1256,960,0,0,0,0,0,0,0,0,0,0,0,0,0,0,0,0,0,0,0,0,0,0,0,0,0,0,0,103,0,0,0,0,0,0,0,0,39,0,0,0,0,0,0,9,0,0,140,34,0,0,313,0,0,0,0,0,0,0,0,0,0,33,0,0,0,0,0,62,0,0,0,0,0,2214,1,35,0,0,0,0,0,0,0,0,0,0,0,0,0,0,0,2214,166,0,0,2214,0,0,0,0,0,0,0,0,0,0,0,0,121,119,0,0,9,0,105,99,45,229,0,0,64,0,313,0,0,0,0,0,0,0,0,0,0,0,0,0,0,0,0,0,83,0,0,0,0,0,7,5,0,4,0,0,0,0,0,0,0,0,0,0,0,0,0,0,0,0,0,0,0,0,0,0,0,0,150,0,0,0,0
"2020-01-07","Lakshadweep","31","Lakshadweep District","553","Kavaratti","5625","Urban",0,0,0,0,0,0,0,0,0,0,0,0,0,0,0,0,0,0,0,0,0,0,0,0,0,0,0,0,0,0,0,0,0,0,0,0,0,0,0,0,0,0,0,0,0,0,0,0,0,0,0,0,0,0,0,0,0,0,0,0,0,0,0,0,0,0,0,0,0,0,0,0,0,0,0,0,0,0,0,0,0,0,0,0,0,0,0,0,0,0,0,0,0,0,0,0,0,0,0,0,0,0,0,0,0,0,0,0,0,0,0,0,0,0,0,0,0,0,0,0,0,0,0,0,0,0,0,0,0,0,0,0,0,0,0,0,0,0,0,0,0,0,0,0,0,0,0,0,0,0,0,0,0,0,0,0,0,0,0,0,0,0,0,0,0,0,0,0,0,0,0,0,0,0,0,0,0,0,0,0,0,0,0,0,0,0,0,0,0,0,0,0,0,0,0,0,0,0,0,0,0,0,0,0,0,0,0,0,0,0,0,0,0,0,0,0,0,0,0,0,0,0,0,0,0,0,0,0,0,0,0,0,0,0,0,0,0,0,0,0,0,0,0,0,0,0,0,0,0,0,0,0,0,0,0,0,0,0,0,0,0,0,0,0,0,0,0,0,0,0,0,0,0,0,0,0,0,0,0,0,0,0,0,0,0,0
"2020-01-06","Andhra Pradesh","28","Srikakulam","519","Seethampeta","4770","Rural",6,7795,405,0,4,0,0,118,123,0,0,0,105,121,0,0,0,110,70,0,0,0,0,0,105,110,86,70,121,105,110,87,70,110,87,68,0,118,49,65,112,0,0,12,0,0,0,0,0,0,0,0,0,0,0,58,61,167,204,341,0,0,0,0,0,0,0,0,0,0,0,10,57,0,0,0,12,6,104,104,0,0,0,0,0,0,0,0,9,0,0,0,11,330,20,299,0,0,107,16,0,0,0,0,0,49,36,0,0,0,0,0,0,0,0,2,0,0,0,0,0,0,0,8,0,0,0,0,0,0,0,0,0,0,224,0,0,0,0,0,0,0,7,0,0,0,0,0,0,143,424,0,0,0,758,0,0,2342,0,0,0,0,0,0,0,0,5,0,0,0,0,611,0,0,104,0,0,0,0,0,85,20,0,0,2008,0,0,0,0,0,0,0,0,0,0,20,0,4,83,3,53,0,85,0,43,0,0,0,0,0,2,174,10,15,0,94,57,0,0,85,0,98,109,0,110,0,0,132,0,40,0,0,1,14,0,0,0,1,0,0,4,4,6,6,0,0,0,95,0,4,1,3,0,55,31,0,114,0,0,120,0,0,179,0,0,0,0,0,230,0,0,14,12,0,0,0,0,147,0,0,0,101,1,18,141,0
"2020-01-11","Haryana","6","Rewari","72","Others","9999","Total",8,15439,490,0,18,0,0,530,362,0,0,0,452,211,0,0,0,664,543,0,0,0,0,1,455,675,748,571,257,452,675,752,579,688,758,579,0,515,317,194,193,0,0,13,0,0,0,0,0,0,0,0,0,1,0,240,290,531,558,307,0,0,0,0,0,0,0,0,1,0,28,0,56,0,0,1,1,13,438,444,0,3,0,1,21,12,15,9,0,0,0,0,2,319,101,184,0,0,11,106,0,0,2,0,0,102,108,0,0,0,0,0,0,5,0,0,2,25,3,0,4,0,9,161,0,9,0,2,3,1,0,1,2,3,183,0,0,0,0,0,0,4,1,15,0,0,0,2,0,81,11529,0,0,0,2479,0,3,22175,0,0,0,0,0,0,5,0,9,0,8,0,0,1414,1,1,408,0,0,0,0,0,209,188,0,52,2883,0,96,1,79,0,0,0,0,1,0,78,81,0,209,14,558,0,210,0,15,0,0,0,0,93,4,259,76,69,0,188,192,2,0,195,0,380,369,73,439,6,5,562,59,553,0,0,1,6,0,0,0,92,0,0,18,18,13,13,0,0,2,351,45,153,0,0,0,564,379,0,298,1,0,161,0,0,342,0,0,0,0,50,0,25,3,0,0,1,0,0,0,930,0,0,0,431,12,59,583,2
"2019-01-09","West Bengal","19","Purba Bardhaman","306","Galsi I","2287","Private",0,0,0,0,0,0,0,0,0,0,0,0,0,0,0,0,0,0,0,0,0,0,0,0,0,0,0,0,0,0,0,0,0,0,0,0,0,0,0,0,0,0,0,0,0,0,0,0,0,0,0,0,0,0,0,0,0,0,0,0,0,0,0,0,0,0,0,0,0,0,0,0,0,0,0,0,0,0,0,0,0,0,0,0,0,0,0,0,0,0,0,0,0,0,0,0,0,0,0,0,0,0,0,0,0,0,0,0,0,0,0,0,0,0,0,0,0,0,0,0,0,0,0,0,0,0,0,0,0,0,0,0,0,0,0,0,0,0,0,0,0,0,0,0,0,0,0,0,0,0,0,0,0,0,0,0,0,0,0,0,0,0,0,0,0,0,0,0,0,0,0,0,0,0,0,0,0,0,0,0,0,0,0,0,0,0,0,0,0,0,0,0,0,0,0,0,0,0,0,0,0,0,0,0,0,0,0,0,0,0,0,0,0,0,0,0,0,0,0,0,0,0,0,0,0,0,0,0,0,0,0,0,0,0,0,0,0,0,0,0,0,0,0,0,0,0,0,0,0,0,0,0,0,0,0,0,0,0,0,0,0,0,0,0,0,0,0,0,0,0,0,0,0,0,0,0,0,0,0,0,0,0,0,0,0,0
"2019-01-01","Jharkhand","20","Deoghar","324","Karon","2552","Urban",0,0,0,0,0,0,0,0,0,0,0,0,0,0,0,0,0,0,0,0,0,0,0,0,0,0,0,0,0,0,0,0,0,0,0,0,0,0,0,0,0,0,0,0,0,0,0,0,0,0,0,0,0,0,0,0,0,0,0,0,0,0,0,0,0,0,0,0,0,0,0,0,0,0,0,0,0,0,0,0,0,0,0,0,0,0,0,0,0,0,0,0,0,0,0,0,0,0,0,0,0,0,0,0,0,0,0,0,0,0,0,0,0,0,0,0,0,0,0,0,0,0,0,0,0,0,0,0,0,0,0,0,0,0,0,0,0,0,0,0,0,0,0,0,0,0,0,0,0,0,0,0,0,0,0,0,0,0,0,0,0,0,0,0,0,0,0,0,0,0,0,0,0,0,0,0,0,0,0,0,0,0,0,0,0,0,0,0,0,0,0,0,0,0,0,0,0,0,0,0,0,0,0,0,0,0,0,0,0,0,0,0,0,0,0,0,0,0,0,0,0,0,0,0,0,0,0,0,0,0,0,0,0,0,0,0,0,0,0,0,0,0,0,0,0,0,0,0,0,0,0,0,0,0,0,0,0,0,0,0,0,0,0,0,0,0,0,0,0,0,0,0,0,0,0,0,0,0,0,0,0,0,0,0,0,0
"2019-01-08","West Bengal","19","Jalpaiguri","314","District Hq","2178","Public",80,78383,2091,224,73,92,0,90,1722,0,0,0,68,1600,0,0,0,82,68,1,0,0,0,1,68,80,51,64,1714,66,80,49,64,35,0,0,0,0,0,0,1491,2,0,114,168,0,0,1,0,22,21,0,0,0,495,45,45,48,23,46,0,0,317,0,0,52,0,116,21,120,203,154,640,0,0,1,575,377,26,26,1,2,2,2,30,12,5,4,1289,73,107,8,531,4914,1280,24321,4,1,4750,1501,28,39,5,0,0,730,761,378,0,1,0,1,6,428,16,69,81,63,16,0,6,1,5,30,1,37,0,21,17,37,0,20,3,1,0,0,0,21,111,0,0,1,618,58,1,0,0,1,0,0,0,0,0,72,144,234,17,3080,0,0,0,0,0,0,0,6,37,17,3,0,38,6298,0,0,0,0,0,0,1,2,1500,8,7,33,102526,3,688,0,21,0,0,0,0,2,0,4,4,0,1373,373,0,0,1509,8,183,4,10,8,190,779,95,309,242,1430,0,159,32,81,0,37,0,91,111,6,1211,86,86,80,822,128,0,0,1,0,0,73,280,350,0,22,22,73,170,377,0,0,57,69,215,51,58,70,222,5903,1031,0,1109,2659,95,6534,57,0,15615,0,0,0,3571,7325,1483,63,16,122,154,22,0,1,0,2964,646,2,1242,107,47,757,864,0
"2019-01-09","West Bengal","19","24 Paraganas North","303","Hingalgunj","2337","Rural",6,15655,0,0,0,252,0,240,199,5,9,11,224,65,0,0,0,174,163,0,7,0,0,5,207,226,184,169,111,204,229,190,175,206,0,0,0,0,0,0,45,0,0,24,0,0,0,0,0,0,0,0,0,0,0,125,112,151,101,256,0,0,0,0,0,0,0,0,0,0,0,0,0,0,0,0,0,0,112,112,0,0,0,0,4,1,0,0,0,0,0,0,0,248,190,0,0,0,250,157,0,0,0,0,0,23,22,0,0,0,0,0,0,0,0,0,2,0,0,0,0,0,0,0,0,0,0,0,0,0,0,0,0,0,92,0,0,0,0,0,0,0,0,0,0,0,0,0,0,48,7542,0,0,208,970,0,0,3738,0,0,0,0,0,0,0,0,0,0,0,0,0,706,0,0,111,0,0,0,0,0,40,23,0,2,1161,0,0,0,0,0,0,0,0,0,0,194,170,0,45,32,184,0,45,0,0,0,0,0,0,8,0,160,184,0,0,202,202,0,0,191,0,166,187,16,69,0,0,206,243,206,0,0,0,3,0,0,0,0,0,0,0,0,0,0,4,0,0,169,0,0,0,0,0,370,147,0,267,0,0,72,0,0,0,0,0,0,0,0,288,0,0,0,0,1,0,0,0,1038,0,0,0,180,0,0,0,0
"2019-01-08","Odisha","21","Kandhamal","359","Raikia","3126","Private",0,0,0,0,0,0,0,0,0,0,0,0,0,0,0,0,0,0,0,0,0,0,0,0,0,0,0,0,0,0,0,0,0,0,0,0,0,0,0,0,0,0,0,0,0,0,0,0,0,0,0,0,0,0,0,0,0,0,0,0,0,0,0,0,0,0,0,0,0,0,0,0,0,0,0,0,0,0,0,0,0,0,0,0,0,0,0,0,0,0,0,0,0,0,0,0,0,0,0,0,0,0,0,0,0,0,0,0,0,0,0,0,0,0,0,0,0,0,0,0,0,0,0,0,0,0,0,0,0,0,0,0,0,0,0,0,0,0,0,0,0,0,0,0,0,0,0,0,0,0,0,0,0,0,0,0,0,0,0,0,0,0,0,0,0,0,0,0,0,0,0,0,0,0,0,0,0,0,0,0,0,0,0,0,0,0,0,0,0,0,0,0,0,0,0,0,0,0,0,0,0,0,0,0,0,0,0,0,0,0,0,0,0,0,0,0,0,0,0,0,0,0,0,0,0,0,0,0,0,0,0,0,0,0,0,0,0,0,0,0,0,0,0,0,0,0,0,0,0,0,0,0,0,0,0,0,0,0,0,0,0,0,0,0,0,0,0,0,0,0,0,0,0,0,0,0,0,0,0,0,0,0,0,0,0,0
"2019-01-08","Maharashtra","27","Ratnagiri","492","Sangameshwar","4272","Public",0,20747,228,0,0,0,0,138,112,0,0,0,144,41,0,0,0,134,142,0,0,0,0,0,144,140,132,144,79,144,140,132,144,122,3,0,0,129,65,73,19,0,0,3,1,0,0,0,0,0,0,0,0,0,0,61,77,171,242,165,0,0,0,0,0,0,6,1,1,2,2,25,6,0,0,1,451,0,137,137,0,0,0,0,0,0,0,0,17,0,0,1,10,891,39,50,0,0,505,61,110,4,11,0,0,10,10,0,0,0,0,0,2,289,0,0,0,24,14,0,1,0,4,46,0,32,1,12,5,7,0,5,2,1,82,0,0,0,0,0,0,0,0,14,0,0,0,1,0,2902,3575,0,0,0,1045,0,0,10923,0,0,0,0,0,0,0,0,14,0,0,0,36,1437,0,0,128,0,0,0,0,0,20,55,0,19,4494,0,1,2,46,0,0,0,0,0,0,21,16,0,20,10,26,0,20,0,12,0,0,0,0,5,0,43,141,45,1,106,102,0,0,80,0,107,98,19,152,4,3,209,0,150,0,3,0,0,1,0,0,176,0,0,0,0,0,0,1,1,0,116,12,1,0,0,6,346,140,0,209,0,0,119,5,0,233,0,0,0,0,57,0,24,14,0,0,0,0,0,0,2280,0,0,0,130,66,346,38,0
"2020-01-12","Jharkhand","20","Bokaro","322","Chas","2595","Public",10,14480,1076,17,9,1192,0,1162,1236,0,0,0,1106,485,0,0,0,1280,1210,329,0,0,0,317,1111,1289,1187,1239,674,1114,1314,1182,1233,1375,1190,1270,0,751,176,170,500,0,0,3,3,0,0,0,0,0,0,0,0,0,0,554,608,477,475,751,0,0,8,0,0,0,0,35,2,30,48,1,131,0,0,1,334,82,643,678,0,3,1,0,34,10,9,11,8,3,4,0,14,317,16,178,0,0,75,16,4,1,0,0,0,247,288,0,0,0,0,0,2,327,0,22,12,41,7,0,0,0,0,0,0,0,0,0,0,0,0,1,0,0,248,0,0,0,0,0,0,14,26,700,0,0,0,0,0,557,843,24,0,1104,3831,7,0,10700,0,0,0,0,0,0,9,3,13,6,453,0,35,1367,5,4,360,0,0,0,0,0,539,59,121,12,4037,4,21,2,60,0,0,0,0,0,0,619,620,4,325,86,282,8,535,4,38,0,0,1,15,134,53,1203,1205,516,0,1237,991,8,0,400,8,796,636,307,649,19,19,666,16,618,0,457,2,100,0,22,5,43,0,0,8,9,82,82,2,3,28,569,30,450,9,14,0,704,179,6,177,342,0,839,0,0,652,0,0,0,253,410,165,41,7,8,12,3,41,0,0,184,83,0,39,964,2,5,535,9
"2019-01-01","Uttar Pradesh","9","Kasganj","633","Dhq","1010","Urban",0,1347,0,0,0,0,0,245,206,0,0,0,227,2,0,0,0,229,233,0,0,0,0,245,235,229,225,233,55,227,229,225,233,229,225,233,0,233,255,257,0,0,0,3,0,0,0,0,0,6,0,0,0,0,0,134,111,116,97,118,0,0,0,0,0,0,0,0,0,0,0,0,0,0,0,0,5,0,67,77,0,0,0,0,0,0,0,0,0,0,0,0,0,0,0,0,0,0,0,0,0,0,0,0,0,5,8,0,0,0,0,0,0,2,0,0,0,0,0,0,0,0,0,7,0,1,0,0,0,0,3,0,0,0,27,0,0,0,0,0,0,0,0,0,0,0,0,0,0,173,0,0,0,0,14,0,0,3051,0,0,0,0,0,0,0,0,0,0,0,0,4,82,13,0,33,0,0,0,0,0,0,0,0,0,417,0,0,0,2,0,0,0,0,0,0,0,0,0,13,0,0,0,6,0,0,0,0,0,0,0,0,298,46,48,0,368,331,0,0,0,0,175,149,126,357,27,0,290,18,265,0,0,0,0,0,0,0,0,0,0,0,20,0,130,0,0,0,255,0,0,0,0,0,39,3,0,8,0,0,60,0,0,0,0,0,0,0,0,11,0,0,0,0,0,0,0,0,7,0,0,0,475,4,19,0,0
"2019-01-08","West Bengal","19","Medinipur West","318","Ghatal Municipality","2448","Urban",0,1407,0,0,0,15,0,5,0,0,0,0,8,0,0,0,0,2,13,0,0,0,0,0,7,1,12,11,0,5,4,14,15,0,0,0,0,0,0,0,0,0,0,0,0,0,0,0,0,0,0,0,0,0,0,2,3,17,9,12,0,0,0,0,0,0,0,0,0,0,0,0,0,0,0,1,16,0,0,0,0,0,0,0,0,0,0,0,0,0,0,0,0,0,0,0,0,0,0,0,0,0,0,0,0,0,0,0,0,0,0,0,0,12,0,0,0,0,0,0,0,0,0,0,0,0,0,0,0,0,0,0,0,0,40,0,0,0,0,0,0,0,0,0,0,0,0,0,0,0,0,0,0,7,65,0,0,102,0,0,0,0,0,0,0,0,0,0,0,0,0,91,0,0,0,0,0,0,0,0,0,0,0,0,910,0,0,0,0,0,0,0,0,0,0,0,0,0,0,0,0,0,0,0,0,0,0,0,0,0,0,5,5,0,0,0,0,0,0,0,0,4,0,0,0,0,0,0,0,0,0,0,0,0,0,0,0,0,0,0,0,0,0,0,0,0,0,4,0,0,0,0,18,114,512,95,420,10,0,238,0,0,0,0,0,0,0,0,19,0,0,0,0,0,0,0,0,19,0,0,0,5,3,19,0,0
"2019-01-08","Chhattisgarh","22","Balrampur","649","Kusmi","3240","Rural",8,4479,225,0,0,0,0,225,299,0,0,0,195,60,0,0,0,226,242,0,0,0,0,7,195,230,230,243,141,195,235,234,245,208,150,24,0,190,27,37,66,0,0,8,5,0,1,1,0,0,0,0,0,1,0,99,96,108,84,91,0,0,0,0,0,0,0,0,3,0,0,2,32,0,0,0,29,0,183,202,0,1,0,2,2,0,0,0,0,0,0,0,26,271,103,0,0,5,127,43,45,7,1,0,0,106,131,0,3,3,30,22,0,12,0,0,12,0,0,0,0,0,0,0,0,0,0,0,0,0,0,0,0,0,141,0,0,0,0,0,0,0,0,33,0,0,0,0,0,2397,57,0,0,0,215,0,0,711,0,0,0,0,0,0,3,0,8,0,12,0,0,984,4,0,184,0,0,0,2,0,234,43,0,21,1472,0,0,0,0,0,1,0,0,1,0,180,180,0,235,7,100,3,234,0,38,0,0,0,0,23,25,73,123,0,0,276,276,0,0,228,0,226,222,34,320,11,12,263,0,336,0,9,0,4,0,0,0,0,0,0,0,0,0,0,0,0,12,237,22,22,0,0,0,283,93,0,88,1,0,4,0,0,40,0,0,0,0,59,1322,0,0,0,0,2,0,0,0,667,0,0,0,263,150,267,17,9
"2019-01-01","West Bengal","19","Purulia","321","Manbazar  I","2395","Total",24,15908,0,0,83,193,0,193,130,0,0,0,167,126,0,0,0,121,85,1,0,0,0,1,169,196,182,166,127,163,192,186,166,209,192,148,0,508,699,519,126,0,0,114,0,0,0,0,0,0,0,0,0,0,16,92,101,155,116,194,0,0,0,0,0,0,0,0,0,0,0,0,0,0,0,0,141,148,91,91,0,1,0,0,6,8,11,11,0,7,7,0,22,238,34,957,0,0,126,47,0,0,9,0,0,57,70,0,0,0,0,0,0,158,0,3,2,0,0,0,1,0,0,98,0,3,0,0,0,0,0,11,0,1,100,0,0,0,0,2,0,3,0,10,0,0,0,0,1,27,7691,0,0,158,1407,0,0,5523,0,0,0,0,0,0,0,0,10,0,0,0,0,0,0,0,86,0,0,0,1,1,131,45,0,15,1942,0,0,0,0,0,0,0,0,0,0,173,264,0,127,64,0,0,127,0,9,0,0,0,0,1,0,234,221,0,0,192,142,0,0,195,0,208,189,14,135,1,0,226,192,223,0,209,0,0,0,0,0,24,0,0,68,83,112,148,0,0,0,222,0,131,0,0,0,30,0,0,129,0,0,70,0,0,0,0,0,0,0,12,0,0,0,4,7,5,0,0,0,1568,0,0,0,227,0,0,298,0
"2020-01-09","Uttar Pradesh","9","Kheri","159","Others","9999","Total",62,269086,41404,1024,4106,18873,138,19195,18158,0,0,58,16136,7088,18,18,18,15520,16300,2872,170,208,68,2848,15496,16626,15755,17598,10500,15842,16750,15743,17496,15294,13899,15050,0,18861,55698,61979,9942,2,132,2216,298,0,66,44,0,658,18,26,0,288,1058,8770,9901,8357,9529,11246,0,20,0,0,0,0,0,56,76,96,1102,238,1762,0,0,2,800,6496,7446,7422,4,0,0,12,410,112,92,96,856,140,160,0,454,11408,2888,10434,412,78,4990,2460,398,174,186,0,0,7620,7929,136,0,22,12,8,2,1062,0,132,408,264,232,8,20,12,0,60,2,8,0,12,46,22,24,40,20,6,2974,0,0,28,1288,0,0,32,1446,4326,0,4,0,10,6,5616,21040,26,14,15190,9226,28,48,51796,0,0,0,0,0,0,82,4,392,14,3488,0,152,36161,2345,214,6770,0,2,0,0,18,13104,2234,0,170,94562,276,668,2,1334,0,2,0,2,4,0,9157,10165,0,14979,2080,9640,2426,15329,4,470,0,32,0,6,2368,768,14307,19897,6604,0,20347,20241,278,0,9842,316,15699,13525,6862,19336,734,132,21283,6444,21505,60,5546,16,1114,0,132,434,1934,0,56,2512,3934,3946,6174,154,0,294,13517,1078,7696,14,22,154,6430,3654,506,3184,2128,28,5890,228,228,10996,10,10,0,10484,6244,2446,234,224,22,32,168,40,26,4,4460,190,2,6744,23701,630,4516,8837,7773
"2019-01-11","Tamil Nadu","33","Pudukkottai","582","Pudukkottai Mpty","5821","Public",31,53579,3367,0,0,0,0,0,473,0,0,0,146,473,0,0,0,209,151,0,0,0,0,159,146,209,171,151,473,146,209,171,148,209,171,151,0,0,0,0,473,0,0,3,2,0,0,0,0,0,0,0,0,0,14,79,80,0,0,0,0,0,81,0,0,0,0,0,0,0,0,83,604,0,0,0,19,0,0,0,0,4,0,1,2,1,5,1,0,71,98,0,0,10907,3034,28425,0,0,10955,3529,0,0,0,0,0,237,236,0,0,0,0,0,1,105,6,25,18,164,155,0,0,0,0,0,0,0,0,0,0,0,0,0,0,0,0,0,0,0,0,0,0,0,739,46,0,0,0,0,0,0,0,0,0,146,81,105,0,1690,0,0,0,0,0,0,0,12,0,6,9,0,164,7635,0,0,0,0,0,0,1,0,473,4,4,8,42804,1,27,0,155,0,0,0,0,0,0,473,473,0,275,31,0,0,473,0,0,4,0,0,106,280,25,75,214,0,0,73,0,29,6,0,0,151,123,15,274,12,12,177,79,373,13,0,0,0,0,4,506,530,0,0,0,0,0,0,2,0,14,155,0,0,12,31,1836,791,1810,4,2931,3195,186,1657,0,0,0,1,1,0,1599,2080,0,65,15,29,45,4,0,0,0,0,502,0,0,177,2,70,0,0
"2019-01-09","Rajasthan","8","Alwar","87","Others","9999","Private",0,0,0,0,0,0,5,0,104,0,0,0,5,110,0,0,0,0,0,0,0,3,0,0,0,5,4,5,110,5,5,4,5,4,3,0,0,0,0,0,41,0,0,0,0,0,0,0,0,0,0,0,0,0,0,3,2,3,7,2,0,0,25,0,0,0,0,0,0,0,0,0,0,0,0,0,0,0,0,0,0,0,0,0,0,0,0,0,0,0,0,0,0,230,109,962,0,0,123,152,0,0,0,0,0,143,162,0,0,0,0,0,0,0,0,0,0,0,0,0,0,0,0,0,0,0,0,0,0,0,0,0,0,0,0,0,0,0,0,0,0,0,40,0,0,0,0,0,0,0,0,0,0,0,14,14,0,0,0,0,0,0,0,0,0,0,0,0,0,0,0,0,0,0,0,0,0,0,0,0,310,1,0,2,0,13,0,0,0,0,0,0,0,0,0,0,0,0,244,50,0,0,308,0,0,1,0,0,13,18,20,22,0,0,0,0,0,0,0,0,0,40,0,36,0,0,0,0,0,0,0,0,0,0,0,0,0,0,0,0,0,0,0,0,0,0,0,0,0,69,0,0,0,0,0,0,0,0,0,0,0,0,0,0,0,0,0,0,0,0,0,0,0,6,0,0,0,0,74,0,0,76,0,0,0,0
"2020-01-09","Madhya Pradesh","23","Dhar","403","Dharampuri","3539","Urban",0,0,0,0,0,0,0,0,0,0,0,0,0,0,0,0,0,0,0,0,0,0,0,0,0,0,0,0,0,0,0,0,0,0,0,0,0,0,0,0,0,0,0,0,0,0,0,0,0,0,0,0,0,0,0,0,0,0,0,0,0,0,0,0,0,0,0,0,0,0,0,0,0,0,0,0,0,0,0,0,0,0,0,0,0,0,0,0,0,0,0,0,0,0,0,0,0,0,0,0,0,0,0,0,0,0,0,0,0,0,0,0,0,0,0,0,0,0,0,0,0,0,0,0,0,0,0,0,0,0,0,0,0,0,0,0,0,0,0,0,0,0,0,0,0,0,0,0,0,0,0,0,0,0,0,0,0,0,0,0,0,0,0,0,0,0,0,0,0,0,0,0,0,0,0,0,0,0,0,0,0,0,0,0,0,0,0,0,0,0,0,0,0,0,0,0,0,0,0,0,0,0,0,0,0,0,0,0,0,0,0,0,0,0,0,0,0,0,0,0,0,0,0,0,0,0,0,0,0,0,0,0,0,0,0,0,0,0,0,0,0,0,0,0,0,0,0,0,0,0,0,0,0,0,0,0,0,0,0,0,0,0,0,0,0,0,0,0,0,0,0,0,0,0,0,0,0,0,0,0,0,0,0,0,0,0
"2019-01-10","Nagaland","13","Kohima","245","Tseminyu","1843","Private",0,0,0,0,0,0,0,0,0,0,0,0,0,0,0,0,0,0,0,0,0,0,0,0,0,0,0,0,0,0,0,0,0,0,0,0,0,0,0,0,0,0,0,0,0,0,0,0,0,0,0,0,0,0,0,0,0,0,0,0,0,0,0,0,0,0,0,0,0,0,0,0,0,0,0,0,0,0,0,0,0,0,0,0,0,0,0,0,0,0,0,0,0,0,0,0,0,0,0,0,0,0,0,0,0,0,0,0,0,0,0,0,0,0,0,0,0,0,0,0,0,0,0,0,0,0,0,0,0,0,0,0,0,0,0,0,0,0,0,0,0,0,0,0,0,0,0,0,0,0,0,0,0,0,0,0,0,0,0,0,0,0,0,0,0,0,0,0,0,0,0,0,0,0,0,0,0,0,0,0,0,0,0,0,0,0,0,0,0,0,0,0,0,0,0,0,0,0,0,0,0,0,0,0,0,0,0,0,0,0,0,0,0,0,0,0,0,0,0,0,0,0,0,0,0,0,0,0,0,0,0,0,0,0,0,0,0,0,0,0,0,0,0,0,0,0,0,0,0,0,0,0,0,0,0,0,0,0,0,0,0,0,0,0,0,0,0,0,0,0,0,0,0,0,0,0,0,0,0,0,0,0,0,0,0,0
"2019-01-12","Bihar","10","Patna","212","Sampatchak","1401","Total",0,6530,794,0,0,222,0,219,271,0,0,0,201,201,0,0,0,221,215,0,0,0,0,0,201,221,226,215,201,201,221,226,215,221,226,215,0,219,0,0,47,0,0,0,0,0,0,0,0,0,0,0,0,0,0,105,114,53,90,76,0,0,0,0,0,0,0,0,0,0,0,0,0,0,0,0,0,0,125,125,0,0,0,0,28,4,5,2,0,0,0,0,0,272,80,447,0,0,55,95,0,0,0,0,0,80,95,0,0,0,0,0,0,0,0,0,0,0,0,0,0,0,0,0,0,0,0,0,0,0,0,0,0,0,97,0,0,0,0,0,0,0,3,1,0,0,0,0,0,0,2352,0,0,201,107,0,0,687,0,0,0,0,0,0,0,0,0,0,5,0,0,118,0,0,125,0,0,0,2,0,175,21,80,7,422,0,10,0,0,0,0,0,0,1,0,175,175,0,170,47,95,0,175,0,3,0,0,0,17,7,6,57,155,0,0,245,245,5,0,2,0,117,115,123,20,12,12,226,12,38,0,0,1,0,0,0,0,0,0,0,0,0,0,0,0,0,0,233,12,175,0,0,0,491,0,0,0,0,0,0,0,0,0,0,0,0,0,0,0,0,0,0,0,0,0,0,0,0,0,0,0,245,0,0,175,0
"2020-01-06","Uttar Pradesh","9","Gorakhpur","148","Gola","954","Private",0,0,0,0,0,0,0,0,0,0,0,0,0,0,0,0,0,0,0,0,0,0,0,0,0,0,0,0,0,0,0,0,0,0,0,0,0,0,0,0,0,0,0,0,0,0,0,0,0,0,0,0,0,0,0,0,0,0,0,0,0,0,0,0,0,0,0,0,0,0,0,0,0,0,0,0,0,0,0,0,0,0,0,0,0,0,0,0,0,0,0,0,0,0,0,0,0,0,0,0,0,0,0,0,0,0,0,0,0,0,0,0,0,0,0,0,0,0,0,0,0,0,0,0,0,0,0,0,0,0,0,0,0,0,0,0,0,0,0,0,0,0,0,0,0,0,0,0,0,0,0,0,0,0,0,0,0,0,0,0,0,0,0,0,0,0,0,0,0,0,0,0,0,0,0,0,0,0,0,0,0,0,0,0,0,0,0,0,0,0,0,0,0,0,0,0,0,0,0,0,0,0,0,0,0,0,0,0,0,0,0,0,0,0,0,0,0,0,0,0,0,0,0,0,0,0,0,0,0,0,0,0,0,0,0,0,0,0,0,0,0,0,0,0,0,0,0,0,0,0,0,0,0,0,0,0,0,0,0,0,0,0,0,0,0,0,0,0,0,0,0,0,0,0,0,0,0,0,0,0,0,0,0,0,0,0
"2020-01-09","Bihar","10","Madhepura","205","Kumarkhand","1163","Total",0,10396,2310,0,0,0,0,830,678,0,0,0,599,714,0,0,0,574,703,0,0,0,0,4,599,574,603,704,691,599,574,603,704,574,603,704,0,320,123,56,649,0,0,0,0,0,0,0,0,0,0,0,0,0,0,401,429,131,252,310,0,0,0,0,0,0,0,0,0,0,0,0,0,0,0,0,0,0,292,292,0,0,0,0,29,1,10,10,0,0,0,0,0,752,4,576,0,0,11,16,0,0,0,0,0,390,382,0,0,0,0,0,0,0,0,0,9,0,0,0,0,0,0,0,0,0,0,0,0,0,0,0,0,0,292,0,0,0,0,0,0,0,166,76,0,0,0,0,0,667,18250,0,0,0,779,0,0,1383,0,0,0,0,0,0,0,0,0,9,85,0,0,206,58,0,267,0,0,0,0,0,726,0,83,0,0,0,0,0,0,0,0,0,0,0,0,125,125,0,772,137,113,0,772,0,0,0,0,0,0,22,68,321,166,138,0,478,487,52,0,288,0,414,421,388,354,0,0,748,0,354,0,0,0,0,0,0,83,127,0,0,0,0,0,0,0,0,9,675,0,726,0,0,0,0,0,0,9,0,0,0,0,0,0,0,0,0,0,0,0,0,0,0,0,15,0,0,0,0,0,0,0,802,0,0,39,19
"2020-01-12","Maharashtra","27","Kolhapur","480","Bhudargad","4291","Rural",1,7454,1572,0,0,0,0,210,163,0,0,0,210,60,0,0,0,172,196,0,0,0,0,0,203,172,192,196,155,210,172,192,196,172,192,196,0,192,0,208,57,0,0,0,0,0,0,0,0,0,0,0,0,0,0,99,111,579,640,214,0,0,0,0,0,0,0,0,3,0,36,4,60,0,0,0,172,0,112,112,0,1,0,0,3,0,0,1,0,0,0,0,15,319,38,551,1,0,160,50,7,1,10,0,0,14,18,0,0,0,0,0,9,189,0,3,0,5,3,3,2,0,0,48,0,23,0,9,12,2,0,2,1,0,58,0,0,0,0,0,0,0,2,0,0,0,0,0,0,0,8469,0,0,0,1271,0,0,3280,0,0,0,0,0,0,0,0,1,0,2,0,0,2431,0,0,112,0,0,0,1,0,33,71,60,6,5970,0,0,0,2,0,0,0,0,0,0,39,39,0,32,1,28,0,32,1,1,0,2,0,0,9,1,92,183,101,0,200,197,0,0,110,0,125,124,53,196,28,28,221,0,244,0,0,0,0,0,2,41,33,0,0,0,0,0,0,0,0,0,182,10,3,0,0,0,7,49,0,191,13,0,13,0,0,322,0,0,0,0,381,0,5,3,0,0,1,0,0,0,1797,0,0,0,199,19,70,49,0
"2019-01-09","Karnataka","29","Gadag","537","Gadag","5470","Rural",22,62240,2100,48,212,0,0,340,582,0,0,0,287,515,0,0,0,317,338,0,0,0,0,0,287,341,345,367,515,287,341,345,367,341,0,0,0,340,1923,2034,469,0,0,124,15,0,0,0,0,0,0,54,0,5,0,153,187,1849,1569,1649,0,0,87,0,0,0,0,6,1,2,0,0,5,0,0,6,775,304,134,134,2,5,4,5,19,1,2,3,7,0,0,4,25,2857,630,14350,0,0,2435,749,4,3,13,0,0,254,269,135,0,0,0,0,3,750,0,7,19,110,26,0,2,0,5,80,1,14,2,4,12,7,0,4,2,1,80,0,0,10,20,0,0,0,79,15,0,0,0,1,0,10832,0,23,11,0,1242,34,3,8325,0,0,0,0,0,0,0,0,12,2,6,0,31,4811,0,0,119,0,0,0,1,0,532,63,27,10,40548,24,0,0,57,0,0,0,0,1,0,236,247,0,523,9,175,0,523,0,61,0,0,2,67,211,33,534,1151,415,0,379,373,0,0,358,0,211,175,158,109,36,8,423,411,412,0,0,1,67,0,0,375,151,0,10,132,106,181,167,0,0,19,302,440,1,0,0,11,2345,1058,52,818,2261,18,2149,8,0,0,0,0,0,956,1536,0,97,19,0,0,10,0,0,0,6526,313,0,351,307,56,333,227,13
"2020-01-06","Tamil Nadu","33","Krishnagiri","577","Shoolagiri","6641","Total",9,17781,2801,0,0,0,0,199,67,0,0,0,201,67,0,0,0,195,202,0,0,0,0,0,201,195,218,202,67,201,195,218,202,195,218,202,0,0,0,0,67,0,0,141,0,0,0,0,0,0,0,0,0,0,0,86,113,0,0,5,0,0,0,0,0,0,0,0,0,0,0,0,0,0,0,0,42,0,105,123,0,0,0,0,6,0,9,0,0,0,1,0,0,682,33,382,0,0,19,39,0,0,0,0,0,32,35,0,0,0,0,0,0,169,0,0,3,37,18,0,5,0,0,3,0,4,0,0,21,2,0,0,3,0,91,0,0,1,0,0,0,0,1,240,0,0,0,0,0,0,6505,0,0,0,170,1,0,52,0,0,0,0,0,0,0,0,0,0,0,0,0,1413,0,0,22,0,0,0,0,0,68,18,39,4,6073,0,0,0,0,0,0,0,0,0,0,40,40,0,67,13,0,0,67,0,0,0,0,0,4,39,0,214,350,0,0,234,214,0,0,214,0,181,193,50,922,4,0,214,365,824,0,0,4,0,0,0,0,43,0,0,0,0,0,0,0,0,0,214,4,0,0,0,0,43,1152,0,1154,0,0,122,0,0,0,0,0,0,0,84,0,37,18,0,0,1,0,0,0,120,0,0,0,214,0,13,0,0
"2019-01-10","Andhra Pradesh","28","East Godavari","505","Pithapuram","4911","Urban",0,9788,0,0,0,0,0,0,49,0,0,0,0,49,0,0,0,0,0,0,0,0,0,0,0,0,0,0,49,0,0,0,0,0,0,0,0,0,0,0,49,0,0,0,0,0,0,0,0,0,0,0,0,0,0,0,0,0,0,0,0,0,0,0,0,0,0,1,0,0,1,7,4,0,0,2,179,0,0,0,0,0,0,0,0,0,0,0,12,0,0,0,8,102,61,755,0,12,126,69,217,0,62,0,0,25,24,0,0,0,0,0,2,196,0,0,0,0,0,0,0,0,0,0,0,1,0,0,0,0,0,0,0,0,0,0,0,8,8,0,0,0,0,0,0,0,0,0,0,0,0,0,0,0,0,0,0,0,0,0,0,0,0,0,1,0,5,0,0,0,0,126,0,0,0,0,0,0,0,0,49,0,74,0,8256,0,0,0,0,0,0,0,0,0,0,0,0,0,44,5,0,0,0,0,3,0,0,0,2,0,0,0,118,0,0,0,0,0,0,0,0,0,0,0,0,0,0,0,0,0,0,0,0,0,0,0,7,0,0,0,0,0,0,0,0,4,0,0,8,0,0,0,0,586,35,0,72,0,612,0,0,0,323,0,0,0,0,90,0,0,0,0,0,0,0,0,0,260,7,0,0,0,0,850,49,0
"2019-01-12","Delhi","7","New Delhi","79","Delhi Govt","452","Urban",0,52935,4819,0,60,0,0,283,41,0,0,0,346,4,0,0,0,333,296,0,0,0,0,4,352,335,339,303,4,346,335,339,303,322,306,251,0,0,0,0,0,0,0,79,0,0,0,0,0,0,0,1,0,0,0,126,153,62,14,202,0,0,0,0,0,0,0,0,0,0,0,0,0,0,0,0,32,91,145,146,0,0,0,0,30,11,21,11,0,0,0,0,0,5,1,106,0,0,5,0,0,0,0,0,0,11,6,0,0,2,0,2,1,76,0,0,1,109,3,0,0,0,0,0,0,0,0,0,0,0,0,0,0,0,25,0,0,0,0,0,0,3,0,120,0,0,0,0,0,20,2,0,0,0,346,0,1,13924,0,0,0,0,0,0,0,0,41,0,101,0,0,1364,16,1,132,0,0,0,0,0,0,37,0,11,8027,0,0,0,0,0,0,0,0,0,0,75,75,0,17,1,209,9,17,0,48,0,0,0,0,0,0,375,400,59,0,82,60,0,0,247,0,199,167,23,261,4,1,76,78,114,4,0,0,25,0,0,0,0,0,0,60,58,91,87,0,0,0,306,14,0,0,0,4,440,256,0,276,0,0,323,0,0,0,0,0,0,0,0,8,109,3,0,0,0,0,0,0,12,0,0,0,492,4,63,169,14
"2021-01-04","Odisha","21","Sundargarh","373","Gurundia","2828","Private",0,0,0,0,0,0,0,0,0,0,0,0,0,0,0,0,0,0,0,0,0,0,0,0,0,0,0,0,0,0,0,0,0,0,0,0,0,0,0,0,0,0,0,0,0,0,0,0,0,0,0,0,0,0,0,0,0,0,0,0,0,0,0,0,0,0,0,0,0,0,0,0,0,0,0,0,0,0,0,0,0,0,0,0,0,0,0,0,0,0,0,0,0,0,0,0,0,0,0,0,0,0,0,0,0,0,0,0,0,0,0,0,0,0,0,0,0,0,0,0,0,0,0,0,0,0,0,0,0,0,0,0,0,0,0,0,0,0,0,0,0,0,0,0,0,0,0,0,0,0,0,0,0,0,0,0,0,0,0,0,0,0,0,0,0,0,0,0,0,0,0,0,0,0,0,0,0,0,0,0,0,0,0,0,0,0,0,0,0,0,0,0,0,0,0,0,0,0,0,0,0,0,0,0,0,0,0,0,0,0,0,0,0,0,0,0,0,0,0,0,0,0,0,0,0,0,0,0,0,0,0,0,0,0,0,0,0,0,0,0,0,0,0,0,0,0,0,0,0,0,0,0,0,0,0,0,0,0,0,0,0,0,0,0,0,0,0,0,0,0,0,0,0,0,0,0,0,0,0,0,0,0,0,0,0,0
"2020-01-08","Tamil Nadu","33","Tuticorin","594","Kayathar","6628","Urban",0,0,0,0,0,0,0,0,0,0,0,0,0,0,0,0,0,0,0,0,0,0,0,0,0,0,0,0,0,0,0,0,0,0,0,0,0,0,0,0,0,0,0,0,0,0,0,0,0,0,0,0,0,0,0,0,0,0,0,0,0,0,0,0,0,0,0,0,0,0,0,0,0,0,0,0,0,0,0,0,0,0,0,0,0,0,0,0,0,0,0,0,0,0,0,0,0,0,0,0,0,0,0,0,0,0,0,0,0,0,0,0,0,0,0,0,0,0,0,0,0,0,0,0,0,0,0,0,0,0,0,0,0,0,0,0,0,0,0,0,0,0,0,0,0,0,0,0,0,0,0,0,0,0,0,0,0,0,0,0,0,0,0,0,0,0,0,0,0,0,0,0,0,0,0,0,0,0,0,0,0,0,0,0,0,0,0,0,0,0,0,0,0,0,0,0,0,0,0,0,0,0,0,0,0,0,0,0,0,0,0,0,0,0,0,0,0,0,0,0,0,0,0,0,0,0,0,0,0,0,0,0,0,0,0,0,0,0,0,0,0,0,0,0,0,0,0,0,0,0,0,0,0,0,0,0,0,0,0,0,0,0,0,0,0,0,0,0,0,0,0,0,0,0,0,0,0,0,0,0,0,0,0,0,0,0
"2019-01-10","Maharashtra","27","Akola","467","Balapur","3990","Public",2,23636,87,0,0,0,0,262,129,0,0,0,303,45,0,0,0,286,259,0,0,0,0,0,292,286,271,259,85,292,286,271,259,286,207,180,0,262,215,258,46,0,0,0,0,0,0,0,0,0,0,0,0,0,0,128,134,243,214,277,0,0,0,0,0,0,0,0,0,0,0,2,3,0,0,1,302,0,131,131,0,0,0,0,0,0,0,0,0,0,0,0,23,389,31,376,1,0,159,31,10,0,29,0,0,22,19,0,0,0,0,0,0,275,0,0,0,13,13,0,2,0,5,5,0,8,0,0,11,5,0,5,2,0,75,0,0,0,0,0,0,3,0,0,0,0,0,0,0,90,8913,0,0,0,180,0,0,300,0,0,0,0,0,0,0,0,3,0,13,0,0,515,0,0,110,0,0,0,1,0,49,22,0,12,3519,0,0,0,0,0,0,0,0,0,0,13,13,0,41,2,117,0,41,0,4,0,1,0,7,15,1,108,243,84,0,235,263,14,0,261,0,172,193,65,233,7,7,292,0,270,0,0,0,37,0,0,0,7,0,0,0,0,0,0,0,0,0,207,17,20,0,0,0,17,15,0,53,9,0,254,0,0,133,0,0,0,0,104,485,13,13,0,0,1,0,0,0,4493,0,0,0,237,6,94,13,0
"2020-01-11","Bihar","10","Sitamarhi","221","Majorganj","1065","Urban",0,0,0,0,0,0,0,0,0,0,0,0,0,0,0,0,0,0,0,0,0,0,0,0,0,0,0,0,0,0,0,0,0,0,0,0,0,0,0,0,0,0,0,0,0,0,0,0,0,0,0,0,0,0,0,0,0,0,0,0,0,0,0,0,0,0,0,0,0,0,0,0,0,0,0,0,0,0,0,0,0,0,0,0,0,0,0,0,0,0,0,0,0,0,0,0,0,0,0,0,0,0,0,0,0,0,0,0,0,0,0,0,0,0,0,0,0,0,0,0,0,0,0,0,0,0,0,0,0,0,0,0,0,0,0,0,0,0,0,0,0,0,0,0,0,0,0,0,0,0,0,0,0,0,0,0,0,0,0,0,0,0,0,0,0,0,0,0,0,0,0,0,0,0,0,0,0,0,0,0,0,0,0,0,0,0,0,0,0,0,0,0,0,0,0,0,0,0,0,0,0,0,0,0,0,0,0,0,0,0,0,0,0,0,0,0,0,0,0,0,0,0,0,0,0,0,0,0,0,0,0,0,0,0,0,0,0,0,0,0,0,0,0,0,0,0,0,0,0,0,0,0,0,0,0,0,0,0,0,0,0,0,0,0,0,0,0,0,0,0,0,0,0,0,0,0,0,0,0,0,0,0,0,0,0,0
"2019-01-12","Karnataka","29","Belagavi","527","Ramadurga","5442","Total",23,20382,1735,0,55,0,32,415,276,43,21,0,427,208,0,0,0,98,99,0,28,50,25,30,426,503,445,427,285,425,501,448,424,402,311,279,0,306,76,0,180,3,0,79,0,0,0,0,0,0,0,0,0,0,0,190,186,1419,1353,1216,2,0,22,0,0,0,0,3,2,0,18,4,68,0,0,6,527,70,179,191,0,0,0,0,12,0,2,0,14,0,2,2,50,740,103,1996,0,0,272,93,25,1,38,0,0,120,113,0,0,0,0,0,1,390,2,2,6,26,17,0,1,0,5,73,0,14,2,4,10,8,0,3,3,0,82,0,0,5,5,0,0,1,5,1,0,0,0,0,0,0,0,0,0,0,233,2,1,698,0,0,0,0,0,0,0,0,3,0,2,0,1,1978,0,0,147,0,0,0,1,0,241,28,46,21,1926,35,12,0,21,0,0,0,0,0,0,284,289,0,232,32,219,0,232,0,25,0,0,0,8,17,10,178,356,251,1,483,506,0,0,457,0,244,241,217,265,11,1,523,39,239,0,0,0,14,0,0,51,219,0,10,43,31,56,41,2,1,1,357,27,5,0,0,12,1248,364,33,469,1,4,518,13,0,105,0,0,0,0,128,0,26,17,0,1,4,0,0,0,3605,48,0,0,485,34,332,390,146
"2019-01-10","West Bengal","19","Hooghly","312","Serampore  Municipality","2350","Urban",0,5896,0,0,0,98,0,98,0,0,0,0,95,0,0,0,0,88,111,0,0,0,0,0,99,88,101,111,0,95,88,101,111,88,105,0,0,98,175,65,0,0,0,28,34,0,0,2,0,0,0,0,0,0,6,51,47,68,53,87,0,0,0,0,0,0,0,0,0,0,0,0,0,0,0,0,5,0,29,29,0,0,0,0,0,0,0,0,0,0,0,0,0,0,0,0,0,0,0,0,0,0,0,0,0,0,0,0,0,0,0,0,0,4,0,0,0,0,0,0,2,0,3,8,0,7,0,1,1,3,0,0,1,0,122,0,0,0,0,0,0,0,0,0,0,0,0,0,0,0,0,0,0,99,39,0,0,120,0,0,0,0,0,0,0,0,0,0,0,0,1,421,0,0,0,0,0,0,0,0,0,0,0,0,4551,0,0,0,0,0,0,0,0,0,0,0,44,0,0,0,0,0,0,0,0,0,0,0,0,0,0,35,18,18,0,146,146,0,0,0,0,77,67,2,5,0,0,0,18,18,0,0,0,0,0,0,0,0,0,0,0,0,0,0,0,0,0,61,5,0,0,0,0,0,0,0,0,0,0,0,0,0,0,0,0,0,0,0,71,0,0,0,0,0,0,0,0,273,0,0,0,79,0,236,44,0
"2020-01-05","Bihar","10","Sitamarhi","221","Runisaidpur","1073","Public",0,557,150,0,0,103,0,770,794,0,0,0,825,186,0,0,0,1042,750,0,0,0,0,0,825,1042,750,750,186,825,1042,750,750,1042,750,750,0,232,0,0,186,0,0,0,0,0,0,0,0,0,0,0,0,0,0,328,442,180,221,283,0,0,0,0,0,0,0,0,0,0,0,0,0,0,0,0,9,0,264,297,0,0,0,0,14,1,4,3,0,0,0,0,0,119,51,0,0,0,55,44,0,0,0,1,5,214,243,0,0,0,0,0,0,54,0,0,3,0,0,0,0,0,0,0,0,0,0,0,0,0,0,0,0,0,77,0,0,0,0,0,0,0,0,27,0,0,0,0,0,0,794,0,0,312,64,0,0,738,0,0,0,0,0,0,0,0,14,0,8,0,0,193,248,23,231,0,0,0,0,0,188,3,0,0,232,0,0,0,0,0,0,0,0,0,0,459,459,0,457,34,186,248,457,0,34,0,0,0,0,0,0,23,311,0,0,708,706,13,0,33,0,838,424,363,18,3,3,478,0,21,0,0,1,0,0,0,0,610,0,0,0,0,0,0,0,0,3,819,3,188,0,0,0,0,0,0,0,0,0,0,0,0,0,0,0,0,0,346,0,0,0,0,0,2,0,0,0,0,0,0,0,1304,0,0,459,197
"2019-01-04","Haryana","6","Kaithal","66","Rajound","6447","Rural",9,11035,0,0,31,163,0,163,79,0,0,0,214,42,0,0,0,136,184,1,0,0,0,1,214,136,178,184,79,214,136,178,184,136,178,184,0,172,226,248,42,0,0,5,0,0,0,0,0,0,0,0,0,0,0,71,92,3,2,53,0,0,0,0,0,0,0,0,0,0,0,0,0,0,0,0,93,43,84,85,0,0,0,0,4,0,0,0,0,0,0,0,0,85,17,0,0,0,16,14,0,0,0,0,0,22,20,0,0,0,0,0,0,115,0,0,2,0,0,0,3,0,4,56,0,7,1,0,4,0,0,2,1,3,90,0,0,0,0,3,0,13,0,4,0,0,0,0,0,65,81,0,0,214,351,0,0,4991,0,0,0,0,0,0,0,0,3,0,0,0,0,594,0,0,84,0,0,0,0,0,42,51,10,12,5271,0,5,0,0,0,0,0,0,0,0,55,56,0,32,14,69,6,42,0,5,0,0,0,0,8,6,143,165,0,0,178,194,0,0,186,0,175,151,63,176,11,8,163,85,189,1,0,1,2,0,0,0,0,0,0,23,31,22,43,0,0,1,215,9,28,0,0,0,93,20,0,26,0,0,12,0,0,0,0,0,0,0,0,0,0,0,0,0,0,0,0,0,396,0,0,0,242,8,43,96,0
"2019-01-07","Punjab","3","Fatehgarh Sahib","30","Esi Hospital Fatehgarh","221","Public",0,0,0,0,0,0,0,25,13,0,0,0,15,0,0,0,0,19,15,0,0,0,0,0,15,19,18,15,0,15,19,18,15,0,0,0,0,0,0,0,0,0,0,0,0,0,0,0,0,0,0,0,0,0,0,13,12,15,0,9,0,0,0,0,0,0,0,0,0,0,0,0,0,0,0,0,0,0,4,4,0,0,0,0,0,0,0,0,0,0,0,0,0,0,0,0,0,0,0,0,0,0,0,0,0,0,0,0,0,0,0,0,0,0,0,0,0,0,0,0,0,0,0,0,0,0,0,0,0,0,0,0,0,0,0,0,0,0,0,0,0,0,0,0,0,0,0,0,0,0,0,0,0,0,0,0,0,6500,0,0,0,0,0,0,0,0,0,0,0,0,0,0,0,0,4,0,0,0,0,0,0,0,0,0,0,0,0,0,0,0,0,0,0,0,0,0,0,0,0,0,0,0,0,0,0,0,0,0,0,0,0,0,0,0,0,15,0,0,0,0,0,17,10,0,6,0,0,12,0,10,0,0,0,0,0,0,0,0,0,0,0,0,0,0,0,0,0,10,0,0,0,0,0,0,0,0,0,0,0,0,0,0,0,0,0,0,0,0,0,0,0,0,0,0,0,0,0,0,0,0,0,17,0,0,13,0
"2019-01-04","Odisha","21","Sonepur","372","Dunguripali","3133","Urban",0,0,0,0,0,0,0,0,0,0,0,0,0,0,0,0,0,0,0,0,0,0,0,0,0,0,0,0,0,0,0,0,0,0,0,0,0,0,0,0,0,0,0,0,0,0,0,0,0,0,0,0,0,0,0,0,0,0,0,0,0,0,0,0,0,0,0,0,0,0,0,0,0,0,0,0,0,0,0,0,0,0,0,0,0,0,0,0,0,0,0,0,0,0,0,0,0,0,0,0,0,0,0,0,0,0,0,0,0,0,0,0,0,0,0,0,0,0,0,0,0,0,0,0,0,0,0,0,0,0,0,0,0,0,0,0,0,0,0,0,0,0,0,0,0,0,0,0,0,0,0,0,0,0,0,0,0,0,0,0,0,0,0,0,0,0,0,0,0,0,0,0,0,0,0,0,0,0,0,0,0,0,0,0,0,0,0,0,0,0,0,0,0,0,0,0,0,0,0,0,0,0,0,0,0,0,0,0,0,0,0,0,0,0,0,0,0,0,0,0,0,0,0,0,0,0,0,0,0,0,0,0,0,0,0,0,0,0,0,0,0,0,0,0,0,0,0,0,0,0,0,0,0,0,0,0,0,0,0,0,0,0,0,0,0,0,0,0,0,0,0,0,0,0,0,0,0,0,0,0,0,0,0,0,0,0
"2019-01-12","Arunachal Pradesh","12","Changlang","229","Khimiyang","1669","Private",0,0,0,0,0,0,0,0,0,0,0,0,0,0,0,0,0,0,0,0,0,0,0,0,0,0,0,0,0,0,0,0,0,0,0,0,0,0,0,0,0,0,0,0,0,0,0,0,0,0,0,0,0,0,0,0,0,0,0,0,0,0,0,0,0,0,0,0,0,0,0,0,0,0,0,0,0,0,0,0,0,0,0,0,0,0,0,0,0,0,0,0,0,0,0,0,0,0,0,0,0,0,0,0,0,0,0,0,0,0,0,0,0,0,0,0,0,0,0,0,0,0,0,0,0,0,0,0,0,0,0,0,0,0,0,0,0,0,0,0,0,0,0,0,0,0,0,0,0,0,0,0,0,0,0,0,0,0,0,0,0,0,0,0,0,0,0,0,0,0,0,0,0,0,0,0,0,0,0,0,0,0,0,0,0,0,0,0,0,0,0,0,0,0,0,0,0,0,0,0,0,0,0,0,0,0,0,0,0,0,0,0,0,0,0,0,0,0,0,0,0,0,0,0,0,0,0,0,0,0,0,0,0,0,0,0,0,0,0,0,0,0,0,0,0,0,0,0,0,0,0,0,0,0,0,0,0,0,0,0,0,0,0,0,0,0,0,0,0,0,0,0,0,0,0,0,0,0,0,0,0,0,0,0,0,0
"2020-01-01","Rajasthan","8","Alwar","87","Tijara","496","Urban",1,17523,497,0,0,0,0,157,274,0,0,0,145,114,0,0,0,158,183,0,0,0,0,0,145,166,168,178,238,145,166,168,178,153,145,181,0,154,140,248,186,0,0,2,0,0,0,0,0,6,0,0,0,0,0,68,89,119,52,155,0,0,0,0,0,0,0,16,7,0,6,0,186,0,0,1,146,0,46,47,0,0,0,0,23,0,5,1,26,0,1,0,6,465,103,720,0,0,42,102,36,0,0,0,0,217,208,0,0,0,0,0,0,89,0,4,3,0,0,12,0,0,0,1,0,0,0,0,1,0,0,0,0,0,0,0,0,0,0,0,0,0,97,23,0,0,0,0,0,13,169,0,0,0,119,0,9,1988,0,0,0,0,0,0,0,0,5,3,10,0,1,449,0,0,33,0,0,0,3,0,427,11,0,13,3989,178,6,0,3,0,0,0,0,0,0,31,29,0,372,67,0,0,425,3,4,0,0,0,0,78,20,172,408,193,0,100,78,0,0,72,0,321,212,73,122,10,3,54,0,20,0,0,0,0,0,0,0,31,0,0,0,0,0,0,0,0,3,286,66,89,1,1,0,204,221,0,308,0,0,382,0,0,215,0,0,0,0,866,0,0,0,3,7,4,0,0,0,272,78,0,0,394,32,94,29,33
"2019-01-03","Bihar","10","Kishanganj","203","Terhagachh","1121","Public",0,3051,1204,0,13,0,0,255,256,0,0,0,311,108,0,0,0,331,373,0,0,0,0,9,311,331,388,369,131,311,331,388,369,331,388,369,0,255,0,0,108,0,4,11,8,0,0,0,0,0,0,2,0,0,0,119,136,14,30,73,0,0,0,0,0,0,0,0,0,0,0,0,0,0,0,0,10,19,177,205,0,0,0,0,34,1,11,0,0,0,0,0,6,178,6,176,0,0,8,4,0,0,0,0,2,98,109,0,0,0,0,0,0,4,0,0,1,0,0,0,0,0,0,0,0,0,0,0,0,0,0,0,0,0,129,0,0,0,0,0,0,0,11,60,0,0,0,0,0,348,1778,0,0,0,91,0,0,524,0,0,0,0,0,0,0,0,0,0,13,0,0,52,63,36,150,0,0,0,0,0,110,8,66,0,120,0,0,0,0,0,0,0,0,0,0,130,150,0,207,22,88,91,207,0,4,0,0,0,0,3,7,121,52,52,0,286,261,0,0,217,0,211,143,123,30,0,0,219,0,72,0,0,0,9,0,0,66,101,0,0,13,13,19,19,0,0,1,217,2,110,0,0,0,30,6,0,4,0,0,0,0,0,0,0,0,0,0,0,10,0,0,0,0,3,0,0,0,0,0,0,0,334,0,0,159,44
"2019-01-06","Bihar","10","Jehanabad","199","Makhdumpur","1540","Private",0,0,0,0,0,0,0,0,0,0,0,0,0,0,0,0,0,0,0,0,0,0,0,0,0,0,0,0,0,0,0,0,0,0,0,0,0,0,0,0,0,0,0,0,0,0,0,0,0,0,0,0,0,0,0,0,0,0,0,0,0,0,0,0,0,0,0,0,0,0,0,0,0,0,0,0,0,0,0,0,0,0,0,0,0,0,0,0,0,0,0,0,0,0,0,0,0,0,0,0,0,0,0,0,0,0,0,0,0,0,0,0,0,0,0,0,0,0,0,0,0,0,0,0,0,0,0,0,0,0,0,0,0,0,0,0,0,0,0,0,0,0,0,0,0,0,0,0,0,0,0,0,0,0,0,0,0,0,0,0,0,0,0,0,0,0,0,0,0,0,0,0,0,0,0,0,0,0,0,0,0,0,0,0,0,0,0,0,0,0,0,0,0,0,0,0,0,0,0,0,0,0,0,0,0,0,0,0,0,0,0,0,0,0,0,0,0,0,0,0,0,0,0,0,0,0,0,0,0,0,0,0,0,0,0,0,0,0,0,0,0,0,0,0,0,0,0,0,0,0,0,0,0,0,0,0,0,0,0,0,0,0,0,0,0,0,0,0,0,0,0,0,0,0,0,0,0,0,0,0,0,0,0,0,0,0
"2019-01-05","Assam","18","Hailakandi","289","Lala Bphc","2108","Total",7,5347,273,0,0,297,0,297,272,0,0,0,369,81,0,0,0,396,399,0,0,0,0,0,366,398,419,410,81,369,400,416,405,400,417,405,0,48,9,31,71,0,1,115,3,0,0,0,0,4,0,0,0,0,0,135,161,166,118,212,0,0,0,0,0,0,0,0,0,0,0,2,24,0,0,0,0,0,216,216,0,7,0,1,49,24,33,12,0,0,0,0,10,113,0,5,0,0,5,0,0,0,0,0,0,77,83,0,0,1,0,1,0,0,0,0,0,0,0,8,0,0,0,34,0,0,0,5,0,0,0,0,2,0,201,0,0,0,0,0,0,0,0,37,0,0,0,1,0,46,2304,0,0,362,797,0,0,3612,0,0,0,0,0,0,0,0,16,0,29,0,0,1418,27,31,204,0,0,0,4,0,106,11,0,3,2846,0,0,0,0,0,0,0,0,0,0,215,224,0,160,15,276,60,160,0,91,0,0,0,0,51,7,324,306,33,0,488,429,1,0,367,52,343,245,69,92,0,0,238,0,283,0,0,1,0,0,0,0,0,0,0,0,0,0,0,0,0,0,418,3,96,0,0,0,27,32,1,35,0,0,16,0,0,0,0,0,0,0,0,395,0,0,0,0,4,0,0,0,2043,0,0,0,490,86,219,157,62
"2020-01-04","Rajasthan","8","Alwar","87","Behror","493","Total",11,25546,715,0,44,0,0,73,166,0,0,0,45,165,0,0,0,72,56,0,0,0,0,0,45,72,60,56,166,45,72,60,56,72,60,56,0,70,13,1,168,0,0,15,0,0,3,0,0,0,0,0,0,0,0,32,41,19,12,14,0,0,0,0,0,0,0,0,1,2,0,1,42,0,0,0,34,60,19,125,0,2,0,1,13,4,8,2,4,0,0,0,16,392,98,1004,0,0,32,99,32,0,0,0,0,83,86,0,0,0,0,0,1,103,0,9,0,0,0,23,3,0,6,21,0,8,0,2,15,2,0,5,4,1,0,0,0,0,0,0,0,0,22,27,0,0,0,1,0,17,1816,0,0,0,656,18,0,6135,0,0,0,0,0,0,0,0,7,0,79,0,169,383,0,0,6,0,0,0,1,1,175,25,0,30,5836,0,3,0,6,0,0,0,0,0,0,20,4,0,168,18,27,0,177,0,11,0,3,0,1,119,12,284,353,244,0,288,135,0,0,155,0,139,86,47,149,2,2,111,113,83,0,17,0,0,0,1,13,303,0,0,44,0,59,0,0,0,0,195,21,3,0,5,2,128,545,1,711,6,0,194,2,0,46,0,0,0,0,462,10,0,0,10,8,4,0,0,0,590,11,0,0,306,6,145,0,0
"2020-01-08","Tamil Nadu","33","Tenkasi","733","Others","9999","Public",28,302494,56028,0,186,0,0,3034,864,0,0,0,2972,864,0,0,0,2888,2912,0,0,0,0,172,2524,2914,2904,2936,864,2968,2914,2904,2936,2880,2870,2902,0,5198,9720,8582,864,0,0,852,40,0,0,0,0,0,0,0,0,0,474,1414,1596,80,10,332,0,0,80,0,0,0,0,166,40,92,696,100,1810,0,0,0,700,252,1368,1392,3,1,2,0,50,6,14,40,904,66,110,0,142,4414,498,26786,0,0,3744,512,684,8,4,0,0,420,444,1,0,0,0,0,2,1554,0,6,160,866,582,54,12,0,6,412,3,184,2,100,300,26,10,84,46,6,958,0,0,210,220,2,0,84,1306,130,0,0,0,0,0,2298,6182,0,0,0,392,102,0,8642,0,0,0,0,0,0,80,0,70,0,64,0,290,15140,0,0,56,0,0,0,0,0,864,26,0,28,145848,0,140,0,544,0,0,0,0,0,0,864,864,8,864,116,0,0,864,0,354,0,0,0,194,536,30,1372,1480,1484,0,2848,2484,46,4,2392,0,2534,2402,790,5538,230,38,2704,1846,3418,30,5,74,0,0,2,638,664,0,0,142,100,224,180,0,0,116,2920,352,0,1,6,1438,4044,17040,718,26684,1898,0,2022,202,83,6212,0,0,0,2080,1664,0,846,562,16,28,0,0,0,0,2588,440,0,42,3034,4,168,0,0
"2020-01-09","Nagaland","13","Mon","247","Wakching","1749","Total",0,181,0,0,0,0,0,33,25,0,0,0,26,0,0,0,0,18,25,0,0,0,0,12,24,22,23,27,10,26,22,23,27,19,16,22,0,21,10,6,0,0,0,0,0,0,0,0,0,0,0,0,0,0,0,13,20,2,2,8,0,0,0,0,0,0,0,0,0,0,0,0,0,0,0,0,40,0,6,6,0,0,0,0,0,0,0,0,0,0,0,0,0,3,0,0,0,0,0,0,0,0,0,0,0,12,6,0,0,0,0,0,0,27,0,0,0,0,0,0,0,0,0,0,0,0,0,0,0,0,0,0,0,0,8,0,0,0,0,0,0,0,0,0,0,0,0,0,0,0,0,0,0,0,0,0,0,0,0,0,0,0,0,0,0,0,0,0,2,0,0,4,9,6,6,0,0,0,0,0,3,0,0,1,0,0,0,0,0,0,0,0,0,0,0,14,14,0,18,0,3,15,18,0,0,0,0,0,0,0,0,0,3,7,0,19,12,0,0,0,0,20,4,6,0,0,0,0,0,0,0,0,3,0,0,0,0,0,0,0,0,0,0,0,0,0,0,3,0,3,0,0,0,2,0,0,0,0,0,0,0,0,0,0,0,0,0,0,5,0,0,0,0,0,0,0,0,0,0,0,0,21,0,0,10,15
"2020-01-05","Rajasthan","8","Jalore","104","Ahore","586","Public",3,10648,1065,0,0,0,0,226,201,0,0,0,192,58,0,0,0,226,167,0,0,0,0,8,172,281,229,210,57,186,284,222,208,270,230,213,0,213,38,1,41,0,6,72,0,0,0,0,0,0,0,0,0,0,0,110,116,12,15,17,0,0,0,0,0,0,0,0,0,0,0,0,0,0,0,0,0,0,96,155,1,7,0,0,15,3,15,12,15,0,0,0,2,93,48,276,0,0,65,65,0,3,0,0,0,38,42,0,0,0,0,0,0,2,0,0,3,12,3,4,0,0,0,2,0,0,0,0,0,0,0,0,0,0,7,0,0,0,0,0,0,0,5,14,0,0,0,0,0,18,49,0,0,0,305,0,0,3462,0,0,0,0,0,0,0,0,0,0,11,0,19,760,3,14,77,0,0,0,1,0,67,28,0,6,1249,0,0,0,2,0,0,0,0,1,0,58,22,0,61,4,11,5,62,0,4,0,0,0,0,8,1,214,72,41,0,315,156,0,0,170,0,303,184,152,302,28,0,202,0,137,0,1,1,0,0,0,0,22,0,0,0,0,0,0,0,0,0,334,44,0,0,0,2,279,360,0,637,4,0,114,0,0,0,0,0,0,3,129,0,10,3,0,0,3,0,0,0,79,0,0,0,470,9,39,15,5
"2019-01-07","Bihar","10","Bhagalpur","192","Gauradih","1342","Public",0,6968,1590,0,0,455,0,435,132,0,0,0,326,37,0,0,0,335,326,53,0,0,0,2,325,335,316,323,48,323,335,316,323,0,0,0,0,0,0,0,37,0,0,0,0,0,0,0,0,0,0,0,0,0,0,212,225,116,118,118,0,0,0,0,0,0,0,0,0,0,0,0,0,0,0,0,105,0,159,159,0,1,0,1,191,3,41,22,0,0,0,0,0,121,0,125,0,0,0,0,0,0,0,0,0,36,35,0,0,0,0,0,0,8,0,7,0,0,0,0,0,0,0,0,0,0,0,0,0,0,0,0,0,0,159,0,0,0,0,0,0,0,0,5,0,0,0,0,0,0,1161,0,0,324,165,0,13,1643,0,0,0,0,0,0,0,0,0,0,18,0,0,377,33,0,159,0,0,0,5,0,37,62,54,1,620,0,0,0,35,0,0,0,0,0,0,196,196,0,68,1,79,21,68,7,0,7,0,0,20,16,0,348,112,0,0,326,231,0,0,256,0,234,199,144,286,6,6,300,0,385,0,0,1,0,0,0,88,88,0,0,0,0,0,0,0,0,0,314,8,37,0,0,0,0,0,0,0,0,0,0,0,0,0,0,0,0,0,0,0,0,0,0,0,0,0,0,0,0,0,0,0,378,12,20,135,29
"2019-01-01","Odisha","21","Bhadrak","348","Dist Level Facility","2914","Public",53,38934,0,0,24,149,0,149,1418,0,0,0,62,1415,0,0,0,100,80,0,0,0,0,0,57,100,118,73,1417,62,100,118,73,100,118,76,0,149,0,0,455,0,26,316,316,0,0,0,0,196,4,1,0,0,68,77,72,14,13,31,0,0,9,0,0,3,0,27,8,143,233,37,794,0,0,0,532,65,29,29,0,0,0,2,14,14,6,12,371,33,27,0,2893,2458,837,11641,7,24,2133,673,69,9,139,0,0,213,242,0,1,0,0,0,1,671,0,34,2,191,199,0,2,0,0,5,0,5,0,2,6,11,0,1,3,0,36,0,0,1006,1017,9,0,3,233,10,0,0,0,0,0,0,357,16,12,0,134,97,0,110,0,0,0,0,0,0,3,2,15,0,9,0,326,1691,0,0,21,0,0,0,2,0,460,3,0,0,24699,0,124,0,106,0,0,0,0,0,0,50,56,0,387,36,46,1,455,0,19,0,21,1,4,0,89,86,426,391,0,49,49,21,0,38,0,74,58,2,39,1,3,53,0,53,0,0,1,1,0,0,0,2173,0,0,24,24,65,65,0,0,5,67,86,418,35,49,27,871,785,16,926,13,43,0,31,62,5567,0,0,0,0,1241,367,191,199,18,34,6,1,0,0,599,59,0,1017,69,104,372,52,0
"2020-01-12","Maharashtra","27","Sangli","493","Khanapur","4299","Rural",3,6953,0,0,0,0,0,181,152,0,0,0,151,9,0,0,0,161,164,0,0,0,0,0,151,161,162,164,143,151,161,162,164,161,162,164,0,157,63,34,9,0,0,17,0,0,0,0,0,0,0,0,0,0,0,83,98,166,219,180,0,0,0,0,0,0,0,0,0,0,0,1,1,0,0,0,202,0,68,68,0,0,0,0,3,0,0,0,0,0,0,0,2,24,1,22,0,0,6,0,2,0,0,0,0,8,8,0,0,0,0,0,0,247,0,0,0,3,2,0,0,0,2,20,0,15,0,3,25,0,0,0,0,0,68,0,0,0,0,0,0,0,0,7,0,0,0,0,0,0,3207,0,0,0,156,0,0,681,0,0,0,0,0,0,0,0,0,0,0,0,0,547,0,0,68,0,0,0,0,0,16,0,0,0,1150,0,0,0,0,0,0,0,0,0,0,15,15,0,16,2,15,0,16,0,7,0,0,0,0,0,0,109,243,0,0,213,213,0,0,172,0,172,144,32,146,3,3,203,0,191,0,0,1,0,0,0,0,12,0,0,0,0,0,0,0,0,0,203,1,0,0,0,5,33,692,7,350,9,0,24,4,0,3,0,0,0,0,226,0,3,2,0,0,0,0,0,0,166,0,0,0,203,0,2,13,0
"2019-01-06","Lakshadweep","31","Lakshadweep District","553","Minicoy","5629","Rural",0,3242,1109,0,0,0,0,6,1,0,0,0,7,1,0,0,0,6,3,0,0,0,0,0,7,6,10,3,1,7,6,10,3,0,0,0,0,0,0,0,0,0,0,20,1,0,0,0,0,0,0,0,0,0,0,0,0,6,9,12,0,0,0,0,0,0,0,0,0,0,0,0,1,0,0,0,4,0,4,4,0,0,0,0,0,0,0,0,2,0,0,0,1,19,2,46,0,0,21,4,1,0,0,0,0,1,0,0,0,0,0,0,0,7,0,0,0,0,0,0,0,0,0,2,0,1,0,0,0,0,0,0,0,0,0,0,0,0,0,0,0,0,0,0,0,0,0,0,0,0,0,0,0,0,4,0,0,250,0,0,0,0,0,0,0,0,0,0,6,0,3,325,0,0,4,0,0,0,0,0,1,0,0,0,620,0,0,0,6,0,0,0,0,0,0,0,0,0,1,0,0,0,1,0,0,0,0,0,0,0,0,12,11,6,0,8,8,0,3,0,0,4,7,0,5,0,0,10,20,0,5,0,0,0,0,0,0,20,0,0,0,0,0,0,0,0,1,10,4,1,0,0,0,240,47,0,61,0,0,48,0,0,0,0,0,0,4,83,0,0,0,0,0,0,0,0,0,0,0,0,0,10,0,3,1,1
"2020-01-08","Maharashtra","27","Washim","499","Risod","4000","Urban",0,1880,0,0,10,42,0,42,42,0,0,0,52,13,0,0,0,43,49,0,0,0,0,0,42,43,49,42,23,52,43,49,42,43,49,42,0,26,12,23,13,0,0,0,0,0,0,0,0,0,0,0,0,0,0,18,24,26,32,23,0,0,0,0,0,0,0,0,0,0,21,11,9,0,0,0,17,0,26,26,0,0,0,0,0,0,0,0,0,0,1,0,4,62,7,42,0,0,39,7,1,0,1,0,0,5,8,0,0,0,0,0,0,222,0,0,0,0,0,0,1,0,0,0,0,0,0,0,0,0,0,0,0,0,0,0,0,0,0,0,0,0,0,20,0,0,0,0,0,189,0,0,0,19,20,0,0,150,0,0,0,0,0,0,1,0,0,0,0,0,0,38,0,0,0,0,0,0,0,0,13,9,0,0,685,0,31,0,0,0,0,0,0,0,0,12,12,0,13,4,0,0,13,0,0,0,0,0,0,4,0,0,12,49,0,49,49,0,0,41,0,32,30,17,49,0,0,49,49,49,0,0,0,0,0,0,0,9,0,0,0,10,0,0,0,0,0,41,4,0,0,0,0,0,8,0,16,0,0,0,0,0,98,0,0,0,0,30,0,0,0,0,0,0,0,0,0,185,0,0,0,49,0,0,12,0
"2021-01-05","Rajasthan","8","Jodhpur","107","Jodhpur","570","Private",35,0,0,0,0,0,30,130,1279,0,0,0,12,1071,0,0,0,31,19,0,0,0,0,0,8,31,28,19,1279,12,31,28,19,31,28,19,0,0,0,0,1279,0,0,0,0,0,0,0,0,0,0,0,0,0,0,67,63,0,0,0,0,0,0,0,0,0,0,0,0,0,0,0,0,0,0,0,0,0,0,0,0,0,0,0,0,0,0,0,0,0,0,0,0,78,0,0,0,0,0,0,0,0,0,0,0,638,715,0,0,0,0,0,0,0,0,0,48,0,0,0,0,0,0,0,0,0,0,0,0,0,0,0,0,0,0,0,0,0,0,0,0,0,0,0,0,0,0,0,0,0,0,0,0,0,0,0,0,0,0,0,0,0,0,0,0,0,0,0,0,0,0,0,0,0,0,0,0,0,0,0,1304,0,4,0,0,29,0,0,0,0,0,0,0,0,0,0,0,0,1044,48,0,0,996,0,0,0,0,0,0,0,28,0,0,0,0,1488,0,0,0,43,0,501,467,141,380,140,78,0,0,0,0,0,0,0,0,0,0,0,0,0,0,0,0,0,0,0,43,746,0,1282,0,0,0,0,0,0,0,0,0,0,0,0,0,0,0,0,0,0,0,0,0,0,0,48,0,0,0,0,0,0,0,1815,0,0,0,0
"2019-01-11","Jharkhand","20","East Singhbum","327","Musabani","2609","Urban",0,0,0,0,0,0,0,0,0,0,0,0,0,0,0,0,0,0,0,0,0,0,0,0,0,0,0,0,0,0,0,0,0,0,0,0,0,0,0,0,0,0,0,0,0,0,0,0,0,0,0,0,0,0,0,0,0,0,0,0,0,0,0,0,0,0,0,0,0,0,0,0,0,0,0,0,0,0,0,0,0,0,0,0,0,0,0,0,0,0,0,0,0,0,0,0,0,0,0,0,0,0,0,0,0,0,0,0,0,0,0,0,0,0,0,0,0,0,0,0,0,0,0,0,0,0,0,0,0,0,0,0,0,0,0,0,0,0,0,0,0,0,0,0,0,0,0,0,0,0,0,0,0,0,0,0,0,0,0,0,0,0,0,0,0,0,0,0,0,0,0,0,0,0,0,0,0,0,0,0,0,0,0,0,0,0,0,0,0,0,0,0,0,0,0,0,0,0,0,0,0,0,0,0,0,0,0,0,0,0,0,0,0,0,0,0,0,0,0,0,0,0,0,0,0,0,0,0,0,0,0,0,0,0,0,0,0,0,0,0,0,0,0,0,0,0,0,0,0,0,0,0,0,0,0,0,0,0,0,0,0,0,0,0,0,0,0,0,0,0,0,0,0,0,0,0,0,0,0,0,0,0,0,0,0,0
"2019-01-11","Assam","18","Darrang","283","Mangaldai Urban","2148","Private",0,1785,0,0,0,3,0,3,57,0,0,0,0,57,0,0,0,1,1,0,0,0,0,0,0,1,0,1,57,0,1,0,1,0,0,0,0,3,0,0,4,0,0,4,0,0,0,0,0,0,0,0,0,0,0,0,0,0,0,1,0,0,11,0,0,0,0,0,0,0,0,0,0,0,0,0,0,0,0,0,0,0,0,0,0,0,0,0,12,0,0,0,5,213,28,0,0,0,105,23,0,0,5,0,0,33,35,0,0,0,0,0,0,0,5,38,0,0,0,0,0,0,0,0,0,0,0,0,0,0,0,0,0,0,0,0,0,0,3,0,0,0,0,0,0,0,0,0,0,0,0,0,0,0,0,0,0,0,0,0,0,0,0,0,0,0,0,0,0,0,0,173,0,0,0,0,0,0,0,0,69,0,0,0,1106,0,0,0,0,0,0,0,0,0,0,0,0,0,62,5,0,0,63,0,0,0,0,0,0,0,4,0,12,0,0,0,0,0,0,0,0,0,0,0,0,0,0,0,0,0,0,0,0,0,0,0,57,0,0,26,0,0,0,0,0,0,0,0,0,0,1,3,0,0,3,0,5,0,0,0,0,0,0,0,0,0,0,404,18,0,0,11,17,1,0,0,0,0,57,0,0,0,7,48,0,0
"2020-01-12","Maharashtra","27","Kolhapur","480","Kagal","4290","Private",0,0,0,0,0,0,0,0,0,0,0,0,0,0,0,0,0,0,0,0,0,0,0,0,0,0,0,0,0,0,0,0,0,0,0,0,0,0,0,0,0,0,0,0,0,0,0,0,0,0,0,0,0,0,0,0,0,0,0,0,0,0,0,0,0,0,0,0,0,0,0,0,0,0,0,0,0,0,0,0,0,0,0,0,0,0,0,0,0,0,0,0,0,0,0,0,0,0,0,0,0,0,0,0,0,0,0,0,0,0,0,0,0,0,0,0,0,0,0,0,0,0,0,0,0,0,0,0,0,0,0,0,0,0,0,0,0,0,0,0,0,0,0,0,0,0,0,0,0,0,0,0,0,0,0,0,0,0,0,0,0,0,0,0,0,0,0,0,0,0,0,0,0,0,0,0,0,0,0,0,0,0,0,0,0,0,0,0,0,0,0,0,0,0,0,0,0,0,0,0,0,0,0,0,0,0,0,0,0,0,0,0,0,0,0,0,0,0,0,0,0,0,0,0,0,0,0,0,0,0,0,0,0,0,0,0,0,0,0,0,0,0,0,0,0,0,0,0,0,0,0,0,0,0,0,0,0,0,0,0,0,0,0,0,0,0,0,0,0,0,0,0,0,0,0,0,0,0,0,0,0,0,0,0,0,0
"2020-01-01","Andhra Pradesh","28","Anantapur","502","Nallamada","5344","Rural",0,15360,1450,0,40,0,0,129,51,0,0,0,114,40,0,0,0,149,139,0,0,5,0,0,114,149,155,138,49,114,149,155,138,149,154,139,0,138,103,140,4,0,0,0,0,0,0,0,0,0,0,0,0,0,0,55,66,141,147,125,0,0,0,0,0,0,0,2,0,1,18,0,41,0,0,0,92,45,155,155,0,0,0,0,0,0,0,0,0,0,0,0,45,207,20,151,0,0,102,22,0,0,0,0,0,9,10,0,0,0,0,0,0,121,0,0,0,0,0,0,0,0,0,17,0,0,0,0,8,0,0,0,0,0,125,0,0,0,0,0,0,0,0,0,0,0,0,0,0,0,0,0,0,0,189,0,0,2121,0,0,0,0,0,0,0,0,0,0,0,0,0,407,0,0,150,0,0,0,0,0,4,10,0,0,2577,0,0,0,16,0,0,0,0,0,0,115,115,0,19,17,105,0,19,0,10,0,0,0,0,0,0,74,125,88,0,156,133,10,0,72,0,147,167,12,223,4,1,164,0,332,0,0,0,0,0,0,0,63,0,0,0,40,0,45,0,0,0,129,149,2,0,0,0,108,360,2,533,0,0,183,0,0,62,0,0,0,0,135,193,0,0,0,0,0,0,0,0,891,0,0,0,165,11,127,112,0
"2020-01-12","Tamil Nadu","33","Thiruvarur","590","Thiruvarur","5806","Public",36,316148,43755,0,25,1228,42,1224,1214,0,0,0,1476,1211,0,0,0,1311,1192,31,31,42,138,212,1244,1305,1341,1212,1214,1275,1299,1248,1195,1308,1265,1206,14,88,13,11,1214,0,5,594,21,0,0,0,0,16,3,0,0,0,1197,541,634,4169,4358,3526,0,0,484,0,0,1,35,24,21,4,389,137,1303,0,0,32,2580,26,788,799,1,2,1,0,96,19,39,19,30,7,12,0,113,3850,639,11912,1,0,3278,728,62,0,3,0,0,599,654,47,0,0,0,0,1,3056,45,74,86,477,277,99,13,1,17,91,0,73,0,6,39,9,0,0,6,1,455,0,0,1199,924,0,0,0,1466,355,0,0,0,2,0,46,1594,0,0,886,1031,224,0,10010,0,0,0,0,0,0,88,5,12,2,144,0,487,26339,0,0,3,0,0,0,1,0,1255,79,15,126,388356,0,63,0,456,0,0,0,0,0,0,450,450,30,1028,184,360,0,1253,5,71,7,2,0,385,887,48,1406,1513,1310,10,1131,1634,696,46,900,0,1659,1265,616,2530,64,33,1760,2851,3650,120,0,14,12,0,64,730,2527,0,6,23,16,20,17,0,3,86,1783,728,263,25,59,622,3919,21475,132,20003,3406,13,3898,5,0,19029,0,0,0,1989,2000,0,222,130,92,143,1,0,8,1,14685,780,0,86,1796,32,446,0,0
"2019-01-07","Rajasthan","8","Dholpur","98","Baseri","515","Rural",15,28495,312,0,244,0,0,467,447,0,0,0,338,322,0,0,0,410,380,0,11,0,0,0,322,411,398,377,443,315,411,398,377,382,365,342,0,398,119,75,440,0,12,91,0,0,14,0,0,5,0,0,0,0,0,235,236,178,191,207,0,0,0,0,0,0,0,0,0,0,0,0,0,0,0,0,43,218,213,228,0,0,0,0,43,11,24,12,0,0,0,0,42,758,397,1002,0,0,619,263,0,0,0,0,0,201,254,0,0,0,0,0,0,137,0,0,0,15,0,5,0,0,0,0,0,0,0,0,0,0,0,0,0,0,31,0,0,0,0,0,0,0,0,8,0,0,0,0,0,85,12097,0,0,0,723,0,0,6889,0,0,0,0,0,0,0,0,20,0,24,0,0,1830,3,10,174,0,0,0,2,0,444,13,0,18,14061,7,0,0,0,0,0,0,0,0,0,222,285,0,443,49,198,1,443,0,324,0,4,0,0,108,18,117,670,228,0,139,437,8,0,386,0,324,253,268,1044,19,18,461,0,461,0,5,1,2,0,0,0,105,0,0,109,219,133,194,0,0,0,413,18,0,0,0,0,131,194,4,180,0,0,373,0,0,0,0,1,0,0,327,0,15,0,0,0,3,0,0,0,429,0,0,0,592,52,884,0,0
"2020-01-09","Bihar","10","Purnia","214","Banmankhi","1128","Total",0,6759,860,0,0,0,0,954,1494,0,0,0,723,408,0,0,0,757,766,0,0,0,0,0,723,757,684,766,959,723,757,684,766,757,684,766,0,0,0,0,0,0,0,0,0,0,0,0,0,0,0,0,0,0,0,459,495,183,364,423,0,0,0,0,0,0,0,0,0,0,0,0,80,0,0,0,0,0,410,411,0,1,0,0,44,18,31,23,0,0,0,0,0,152,33,225,0,0,154,33,0,0,0,0,0,660,717,0,0,0,0,0,0,0,0,0,0,0,0,0,0,0,0,0,0,0,0,0,0,0,0,0,0,0,181,0,0,0,0,0,0,0,47,44,0,0,0,2,0,29,10,0,0,0,120,0,2,1213,0,0,0,0,0,0,0,0,13,0,51,0,0,116,85,6,410,0,0,0,1,0,1281,33,0,10,0,0,0,0,0,0,0,0,0,0,0,268,268,0,1348,205,698,46,1377,0,28,0,0,0,0,2,7,163,0,0,0,819,759,0,0,300,0,565,522,431,455,49,0,820,0,821,0,0,0,0,0,0,0,0,0,0,0,0,0,0,0,0,0,828,0,1274,0,0,0,0,0,0,0,0,0,0,0,0,375,0,0,0,0,0,0,0,0,0,0,10,0,0,0,0,0,0,0,1017,0,0,0,0
"2019-01-11","Gujarat","24","Banas Kantha","441","Amirgadh","3736","Rural",7,14700,176,0,0,0,43,211,266,5,0,0,265,306,0,0,0,242,265,0,46,70,0,60,205,247,249,265,331,259,247,249,265,84,99,78,0,108,8,0,276,0,0,143,2,0,0,0,0,0,0,0,0,0,1,125,128,598,473,802,0,0,0,0,0,0,0,0,3,0,23,2,243,0,0,0,124,0,169,169,1,2,0,1,0,0,0,0,2,0,0,0,0,624,100,33,0,0,312,64,20,0,0,0,0,95,156,0,0,0,0,0,0,0,0,0,0,0,0,0,1,0,1,24,0,0,1,0,0,0,0,0,0,0,54,0,0,0,0,0,0,23,0,36,0,0,0,1,0,234,4143,0,0,0,413,0,0,1705,0,0,0,0,0,0,0,0,2,0,8,0,0,560,0,0,165,0,0,0,1,0,250,36,0,5,2765,0,49,0,0,0,0,0,0,0,0,242,242,0,249,18,294,0,249,0,1,0,0,0,0,3,0,269,173,0,0,312,312,3,0,310,0,194,176,129,331,52,39,280,0,394,0,0,0,15,0,0,0,152,0,0,0,0,0,0,0,0,0,306,40,179,0,0,0,65,378,0,110,0,0,24,0,0,285,0,0,0,0,0,0,0,0,0,0,1,0,0,0,2293,0,0,0,322,0,0,242,0
"2020-01-05","Assam","18","Tinsukia","302","Others","9999","Total",40,339660,1922,40,0,3966,0,3948,2864,0,0,0,4232,1126,40,52,28,3822,3658,36,5,84,28,30,4200,3878,3872,3682,1306,4202,3954,3944,3778,3722,3822,3612,18,3252,1024,2110,1386,0,14,326,38,0,0,0,0,12,0,0,0,29,66,1916,2048,1460,686,3238,0,0,52,0,0,0,0,8,11,22,32,9,92,0,0,6,54,56,1814,1876,1,6,2,2,82,40,56,50,228,8,14,0,196,7034,1146,9170,6,0,3322,1036,160,140,0,0,0,1228,1234,0,0,0,0,2,1,162,2,666,96,34,4,20,4,0,6,72,0,14,0,0,36,6,2,8,6,6,1452,0,0,7,13,0,0,22,150,976,0,0,0,12,0,1844,56576,18,0,3940,10930,22,16,16622,0,0,0,0,0,0,0,7,164,0,426,0,514,11530,60,48,1934,0,0,0,6,2,2414,60,1,86,50478,0,302,2,260,0,0,2,0,0,0,2714,2450,21,2416,582,2596,114,2454,0,1242,0,122,0,104,724,186,2606,1840,288,0,4230,3936,146,0,1906,60,4764,3854,620,3242,92,38,2454,58,1806,0,34,50,92,0,24,82,62,0,11,0,0,0,0,0,0,42,4398,606,294,7,17,70,834,718,186,1964,166,0,1130,30,0,701,4,4,0,0,4206,3276,34,4,58,48,58,20,0,0,2416,548,0,227,5480,26,138,2876,250
"2020-01-06","Tamil Nadu","33","Thanjavur","586","Others","9999","Total",21,202356,23293,0,82,865,2,864,351,0,0,0,843,350,0,0,0,820,814,220,0,0,0,287,708,819,828,807,356,846,819,829,807,821,833,812,3,0,0,4,322,0,0,302,3,0,0,0,0,0,0,21,0,0,156,394,444,62,44,179,0,0,17,0,0,0,0,7,3,3,265,45,1352,0,0,1,637,96,501,465,1,1,0,0,26,3,13,1,7,2,7,0,64,2048,224,6283,0,0,1100,307,0,0,1,0,0,171,169,0,0,0,0,0,1,1305,0,23,10,176,145,0,2,0,1,121,0,12,1,0,8,5,0,0,1,0,320,0,0,76,116,0,0,0,459,27,0,0,0,1,0,0,3400,0,0,843,617,55,0,4200,0,0,0,0,0,0,0,0,11,0,11,0,64,9590,0,0,0,0,0,0,1,0,342,28,3,14,125705,0,0,0,224,0,0,0,0,1,0,282,282,0,335,74,0,0,340,0,15,4,0,0,64,196,9,770,923,211,0,897,416,410,10,548,0,899,835,111,2515,7,6,801,1291,1602,14,0,20,0,0,4,215,1057,0,10,59,17,70,22,0,0,10,934,50,11,2,9,6,815,6185,85,9971,385,144,1616,7,0,7441,0,0,0,1362,1435,30,301,229,20,32,2,0,0,0,7256,126,0,0,942,1,148,0,0
"2019-01-04","Rajasthan","8","Sawai Madhopur","113","Gangapur City","526","Public",44,43640,306,0,28,0,97,353,344,0,0,0,443,284,0,0,0,510,547,0,1,52,0,0,371,513,529,554,294,441,513,529,554,511,527,553,0,400,140,19,293,0,2,160,0,0,0,7,1,59,0,0,0,0,0,212,238,94,78,196,0,0,0,0,0,0,0,0,0,0,0,0,61,0,0,0,59,46,259,263,0,0,1,3,21,11,27,2,118,1,5,0,195,1692,748,3850,10,0,1110,986,753,0,35,0,0,140,156,0,0,0,0,0,2,101,0,0,1,70,2,0,0,0,0,0,0,1,0,1,0,2,0,2,0,0,0,0,0,96,123,0,0,12,8,7,0,0,0,0,0,29,79,0,0,0,868,0,26,6812,0,0,0,0,0,0,0,2,32,0,53,0,25,1881,1,0,152,0,0,0,2,1,297,170,0,28,14315,22,790,0,0,0,0,0,0,1,0,15,49,1,284,18,2,0,295,0,30,0,5,0,2,16,13,145,400,331,0,347,193,0,0,127,0,398,309,240,658,35,14,284,96,180,0,70,2,0,0,0,47,261,0,3,28,24,46,39,0,0,1,458,85,5,6,9,0,665,1413,10,1406,5,0,800,0,0,61,0,0,0,780,1933,51,69,2,10,15,2,0,0,0,721,11,0,0,639,42,299,30,5
"2020-01-05","Jammu And Kashmir","1","Ganderbal","626","Kangan","46","Urban",0,0,0,0,0,0,0,0,0,0,0,0,0,0,0,0,0,0,0,0,0,0,0,0,0,0,0,0,0,0,0,0,0,0,0,0,0,0,0,0,0,0,0,0,0,0,0,0,0,0,0,0,0,0,0,0,0,0,0,0,0,0,0,0,0,0,0,0,0,0,0,0,0,0,0,0,0,0,0,0,0,0,0,0,0,0,0,0,0,0,0,0,0,0,0,0,0,0,0,0,0,0,0,0,0,0,0,0,0,0,0,0,0,0,0,0,0,0,0,0,0,0,0,0,0,0,0,0,0,0,0,0,0,0,0,0,0,0,0,0,0,0,0,0,0,0,0,0,0,0,0,0,0,0,0,0,0,0,0,0,0,0,0,0,0,0,0,0,0,0,0,0,0,0,0,0,0,0,0,0,0,0,0,0,0,0,0,0,0,0,0,0,0,0,0,0,0,0,0,0,0,0,0,0,0,0,0,0,0,0,0,0,0,0,0,0,0,0,0,0,0,0,0,0,0,0,0,0,0,0,0,0,0,0,0,0,0,0,0,0,0,0,0,0,0,0,0,0,0,0,0,0,0,0,0,0,0,0,0,0,0,0,0,0,0,0,0,0,0,0,0,0,0,0,0,0,0,0,0,0,0,0,0,0,0,0
"2020-01-11","Madhya Pradesh","23","Sagar","425","Khurai","3444","Total",9,10691,1624,0,0,0,0,467,285,0,0,0,407,267,0,0,0,467,443,0,0,0,0,0,407,467,467,443,267,407,467,467,443,467,467,443,0,467,146,66,267,0,0,20,9,0,0,0,0,1,1,0,0,0,0,234,234,359,342,336,0,0,0,0,0,0,0,12,6,2,3,3,6,0,0,0,0,0,235,232,0,2,1,3,5,2,2,3,0,2,1,0,8,528,31,6421,0,0,106,23,0,0,3,0,0,144,176,0,0,0,0,0,0,0,0,9,29,30,7,0,5,0,1,19,0,0,0,0,5,0,0,0,2,0,94,0,0,0,0,0,0,0,4,161,0,0,0,3,0,708,3070,14,16,0,3097,4,6,12011,0,0,0,0,0,0,3,0,11,1,436,0,0,551,21,0,209,0,0,0,2,0,304,73,0,42,112,38,9,0,0,1,0,0,0,1,0,153,139,0,306,49,286,18,320,0,20,0,0,0,0,57,5,447,2,79,0,471,462,2,0,424,0,322,306,175,237,10,0,449,0,439,0,0,0,23,0,0,0,120,0,0,0,0,0,0,0,0,15,430,11,46,0,0,5,202,153,10,151,25,0,293,0,0,105,0,0,0,0,0,1038,30,7,0,0,5,0,0,0,1023,23,0,0,497,0,0,272,21
"2019-01-06","Madhya Pradesh","23","Barwani","393","Rajpur","3558","Public",4,11956,0,0,96,0,0,482,456,0,0,0,505,399,0,0,0,470,463,0,0,0,0,470,479,484,477,475,395,679,484,488,475,475,472,482,0,499,1186,1047,396,0,0,158,80,0,0,0,0,1,0,0,0,2,0,220,262,170,161,284,0,0,0,0,0,0,0,11,1,0,21,1,18,0,0,0,164,105,490,490,0,7,1,2,42,3,19,14,0,0,0,0,98,1036,110,1805,0,0,496,277,0,0,0,0,0,215,233,0,0,1,0,0,0,17,0,4,2,19,11,16,10,0,0,27,0,1,0,3,7,1,0,1,5,0,248,0,0,0,0,0,0,0,0,0,0,0,0,0,1,50,29266,58,35,0,1691,0,0,19553,0,0,0,0,0,0,0,0,44,0,0,0,0,2376,53,0,490,0,0,0,18,2,396,4,0,8,4186,25,1,0,0,0,0,1,0,0,0,447,449,0,448,16,320,34,448,0,67,0,0,0,0,45,0,418,245,297,0,574,65,3,0,319,0,480,288,298,642,15,0,471,0,553,0,0,0,289,0,0,0,426,0,0,96,96,105,105,0,0,1,535,40,33,4,3,1,56,72,0,124,7,0,66,0,0,60,0,0,0,0,35,281,19,11,7,2,1,0,0,0,1176,0,0,0,673,18,277,53,53
"2019-01-12","Gujarat","24","Ahmadabad","438","Detroj Rampura","3778","Urban",0,0,0,0,0,0,0,0,0,0,0,0,0,0,0,0,0,0,0,0,0,0,0,0,0,0,0,0,0,0,0,0,0,0,0,0,0,0,0,0,0,0,0,0,0,0,0,0,0,0,0,0,0,0,0,0,0,0,0,0,0,0,0,0,0,0,0,0,0,0,0,0,0,0,0,0,0,0,0,0,0,0,0,0,0,0,0,0,0,0,0,0,0,0,0,0,0,0,0,0,0,0,0,0,0,0,0,0,0,0,0,0,0,0,0,0,0,0,0,0,0,0,0,0,0,0,0,0,0,0,0,0,0,0,0,0,0,0,0,0,0,0,0,0,0,0,0,0,0,0,0,0,0,0,0,0,0,0,0,0,0,0,0,0,0,0,0,0,0,0,0,0,0,0,0,0,0,0,0,0,0,0,0,0,0,0,0,0,0,0,0,0,0,0,0,0,0,0,0,0,0,0,0,0,0,0,0,0,0,0,0,0,0,0,0,0,0,0,0,0,0,0,0,0,0,0,0,0,0,0,0,0,0,0,0,0,0,0,0,0,0,0,0,0,0,0,0,0,0,0,0,0,0,0,0,0,0,0,0,0,0,0,0,0,0,0,0,0,0,0,0,0,0,0,0,0,0,0,0,0,0,0,0,0,0,0
"2019-01-07","Punjab","3","Amritsar","27","Ajnala Urban","255","Private",0,0,0,0,0,0,0,0,0,0,0,0,0,0,0,0,0,0,0,0,0,0,0,0,0,0,0,0,0,0,0,0,0,0,0,0,0,0,0,0,0,0,0,0,0,0,0,0,0,0,0,0,0,0,0,0,0,0,0,0,0,0,0,0,0,0,0,0,0,0,0,0,0,0,0,0,0,0,0,0,0,0,0,0,0,0,0,0,0,0,0,0,0,0,0,0,0,0,0,0,0,0,0,0,0,11,10,0,0,0,0,0,0,0,0,0,0,0,0,0,0,0,0,0,0,0,0,0,0,0,0,0,0,0,0,0,0,0,0,0,0,0,0,0,0,0,0,0,0,0,0,0,0,0,0,0,0,0,0,0,0,0,0,0,0,0,0,0,0,0,0,0,0,0,0,0,0,0,0,0,21,0,0,0,0,0,0,0,0,0,0,0,0,0,0,0,0,0,21,0,0,0,21,0,0,0,0,0,0,0,0,0,0,0,0,0,0,0,0,0,0,0,0,0,0,0,0,0,0,0,0,0,0,0,0,0,0,0,0,0,0,0,0,0,0,0,0,0,0,0,0,0,0,0,0,0,0,0,0,0,0,0,0,0,0,0,0,0,0,0,0,0,0,0,0,0,0,0,6,0,0,0,0,0,0,0
"2019-01-10","Kerala","32","Pathanamthitta","564","Gh Adoor","5683","Urban",0,0,0,0,0,0,0,0,0,0,0,0,0,0,0,0,0,0,0,0,0,0,0,0,0,0,0,0,0,0,0,0,0,0,0,0,0,0,0,0,0,0,0,0,0,0,0,0,0,0,0,0,0,0,0,0,0,0,0,0,0,0,0,0,0,0,0,0,0,0,0,0,0,0,0,0,0,0,0,0,0,0,0,0,0,0,0,0,0,0,0,0,0,0,0,0,0,0,0,0,0,0,0,0,0,0,0,0,0,0,0,0,0,0,0,0,0,0,0,0,0,0,0,0,0,0,0,0,0,0,0,0,0,0,0,0,0,0,0,0,0,0,0,0,0,0,0,0,0,0,0,0,0,0,0,0,0,0,0,0,0,0,0,0,0,0,0,0,0,0,0,0,0,0,0,0,0,0,0,0,0,0,0,0,0,0,0,0,0,0,0,0,0,0,0,0,0,0,0,0,0,0,0,0,0,0,0,0,0,0,0,0,0,0,0,0,0,0,0,0,0,0,0,0,0,0,0,0,0,0,0,0,0,0,0,0,0,0,0,0,0,0,0,0,0,0,0,0,0,0,0,0,0,0,0,0,0,0,0,0,0,0,0,0,0,0,0,0,0,0,0,0,0,0,0,0,0,0,0,0,0,0,0,0,0,0
"2020-01-08","Jharkhand","20","Koderma","334","Jainagar","2529","Total",12,3290,235,0,0,0,0,198,233,0,0,0,185,50,0,0,0,217,244,0,0,40,22,29,171,217,200,247,110,185,217,200,247,217,202,248,0,137,14,26,116,0,0,21,1,0,14,0,0,0,0,0,0,0,0,82,105,86,132,120,0,0,0,0,0,0,0,0,0,0,0,0,32,0,0,1,48,1,139,183,0,0,0,2,2,0,0,0,0,0,0,0,0,5,1,0,0,0,0,0,0,0,0,0,0,77,79,0,0,0,0,0,0,4,0,0,2,2,0,0,0,0,0,0,0,0,0,0,0,0,1,0,0,0,32,0,0,0,0,4,0,10,0,493,0,0,0,0,0,30,0,0,0,0,1008,0,4,4466,0,0,0,0,0,0,0,0,2,0,345,0,0,251,0,0,96,0,0,0,0,0,162,78,0,16,7,0,0,0,0,0,0,0,0,0,0,180,180,0,156,1,195,0,156,0,0,0,0,0,0,24,1,176,189,0,0,243,237,0,0,156,0,269,238,21,217,1,0,252,0,267,0,32,0,0,0,0,0,0,0,0,0,0,1,1,0,0,0,206,1,162,0,0,0,0,0,0,0,0,0,63,0,0,7,0,0,0,0,0,68,2,0,0,0,7,0,0,0,7,0,0,0,279,0,0,132,1
"2021-01-05","Maharashtra","27","Latur","481","Ausa","4232","Private",0,0,0,0,0,0,0,0,0,0,0,0,0,0,0,0,0,0,0,0,0,0,0,0,0,0,0,0,0,0,0,0,0,0,0,0,0,0,0,0,0,0,0,0,0,0,0,0,0,0,0,0,0,0,0,0,0,0,0,0,0,0,0,0,0,0,0,0,0,0,0,0,0,0,0,0,0,0,0,0,0,0,0,0,0,0,0,0,0,0,0,0,0,0,0,0,0,0,0,0,0,0,0,0,0,0,0,0,0,0,0,0,0,0,0,0,0,0,0,0,0,0,0,0,0,0,0,0,0,0,0,0,0,0,0,0,0,0,0,0,0,0,0,0,0,0,0,0,0,0,0,0,0,0,0,0,0,0,0,0,0,0,0,0,0,0,0,0,0,0,0,0,0,0,0,0,0,0,0,0,0,0,0,0,0,0,0,0,0,0,0,0,0,0,0,0,0,0,0,0,0,0,0,0,0,0,0,0,0,0,0,0,0,0,0,0,0,0,0,0,0,0,0,0,0,0,0,0,0,0,0,0,0,0,0,0,0,0,0,0,0,0,0,0,0,0,0,0,0,0,0,0,0,0,0,0,0,0,0,0,0,0,0,0,0,0,0,0,0,0,0,0,0,0,0,0,0,0,0,0,0,0,0,0,0,0
"2019-01-09","Himachal Pradesh","2","Shimla","23","Kumarsain","179","Rural",0,8823,0,0,3,0,0,47,5,0,0,0,26,4,0,0,0,51,47,0,0,0,0,0,26,51,41,47,4,26,51,41,47,51,41,47,0,47,4,21,4,0,0,3,0,0,0,0,0,0,0,0,0,0,0,18,29,0,0,0,0,0,0,0,0,0,0,1,0,2,0,2,7,0,0,0,20,2,29,29,0,0,0,0,0,0,0,0,5,0,0,0,0,25,9,191,0,0,7,12,5,0,5,0,0,5,2,0,0,0,0,0,0,17,0,0,0,3,0,0,0,0,0,3,0,0,0,3,0,0,0,1,0,0,52,0,0,0,0,0,0,0,0,0,0,0,0,0,0,6,223,0,0,0,273,0,0,4342,0,0,0,0,0,0,0,0,1,0,5,0,0,1797,3,0,29,0,0,0,0,0,4,3,0,0,905,0,1,0,1,0,0,0,0,0,0,14,21,0,6,1,21,0,6,0,1,0,0,0,0,0,0,77,51,23,1,31,36,0,0,25,0,0,0,0,10,0,0,36,13,23,0,0,1,0,1,0,0,13,0,0,3,3,2,2,0,0,0,42,1,3,0,0,0,329,123,0,210,1,0,38,0,0,258,0,0,0,0,354,0,3,0,0,0,0,0,0,0,21,0,0,0,49,14,76,21,1
"2021-01-05","Chhattisgarh","22","Janjgir-Champa","379","Baloda","3279","Rural",0,3870,0,0,0,0,0,198,188,0,0,0,158,23,0,0,0,215,183,0,0,0,0,0,158,217,185,183,57,158,217,185,183,217,185,183,0,198,3,2,0,0,0,0,0,0,0,0,0,0,0,0,0,0,0,96,102,62,73,73,0,0,0,0,0,0,0,0,2,0,0,2,36,0,0,0,0,0,140,159,0,0,0,0,0,0,2,2,0,0,0,0,0,46,2,40,0,0,3,0,0,0,0,0,0,21,24,0,0,0,0,0,0,6,0,0,0,0,0,2,0,0,0,0,0,0,0,0,0,0,0,0,0,0,153,0,0,0,0,0,0,0,0,1,0,0,0,0,0,0,3425,0,0,0,41,0,0,163,0,0,0,0,0,0,0,0,0,0,4,0,0,252,0,2,99,0,0,0,0,0,45,13,0,20,375,0,1,0,28,0,0,0,0,0,0,51,51,0,45,6,45,1,45,0,7,0,0,0,0,6,1,24,57,28,0,276,185,0,0,155,0,245,181,0,155,1,1,208,0,241,0,0,5,1,0,0,0,0,0,0,0,0,0,0,0,0,0,223,1,0,0,0,0,348,100,0,53,0,0,31,0,0,147,0,0,0,0,0,68,0,0,0,0,2,0,0,0,2,0,0,0,235,4,5,62,1
"2019-01-05","Tamil Nadu","33","Tirunelveli","592","Ambasamuthiram","5878","Public",0,63794,7611,0,35,0,0,129,147,0,0,0,128,147,0,0,0,126,116,0,0,0,0,33,79,126,119,115,147,128,126,119,115,121,119,118,0,0,0,0,147,0,1,98,5,0,0,0,0,0,7,0,0,0,127,61,67,0,0,0,0,0,8,0,0,0,0,2,1,0,180,4,106,0,0,0,203,36,95,96,0,0,1,0,4,2,1,1,10,1,4,0,38,563,98,3071,0,0,182,108,27,2,3,0,0,67,80,0,0,0,0,0,0,239,0,8,20,132,75,27,0,1,1,2,0,3,0,0,1,0,0,1,0,0,61,0,0,31,33,0,0,0,161,11,0,0,0,0,0,0,359,0,0,0,22,6,0,300,0,0,0,0,0,0,5,0,22,0,2,0,102,2575,0,0,43,0,0,0,1,0,147,9,8,9,25943,4,0,0,88,0,0,0,0,0,0,146,146,0,81,15,2,0,147,0,105,4,0,0,55,68,0,83,192,35,0,119,93,15,4,93,0,109,109,27,981,21,20,127,289,720,4,0,8,0,0,6,128,328,0,1,35,35,36,36,0,0,18,126,21,2,0,0,13,150,2374,135,2821,8,151,89,6,0,134,0,0,0,227,133,0,145,85,0,0,0,0,0,0,1098,76,0,0,127,3,89,0,0
"2020-01-12","Jammu And Kashmir","1","Pulwama","11","Tral","50","Total",15,21491,0,0,0,0,0,139,74,0,0,0,128,62,0,0,0,124,171,0,0,0,0,0,128,121,130,161,74,128,121,130,161,123,129,170,0,126,126,117,62,0,0,7,0,0,0,0,0,0,0,0,0,0,0,74,65,49,57,74,0,0,0,0,0,0,0,1,0,1,0,0,0,0,0,0,31,0,122,122,0,1,0,0,16,4,2,3,0,0,0,0,0,253,19,157,0,0,151,15,0,0,0,0,0,31,32,0,0,0,0,0,0,29,0,0,0,22,0,3,0,0,1,7,0,2,0,0,7,1,0,1,0,0,94,0,0,0,0,0,0,18,0,85,0,0,0,0,0,59,0,0,0,0,214,0,0,1956,0,0,0,0,0,0,0,0,3,0,34,0,0,400,1,0,120,0,0,0,0,0,64,0,0,1,3552,0,0,0,0,0,0,0,0,0,0,33,0,0,63,0,36,0,62,0,8,0,0,0,3,3,0,52,170,125,0,91,5,0,0,46,0,125,95,20,90,1,2,88,15,91,0,0,0,0,0,0,41,36,0,0,0,0,0,0,0,0,2,136,37,31,0,0,0,491,33,0,66,0,0,843,0,0,2,0,0,0,0,857,0,22,0,0,0,2,0,0,0,0,33,0,0,148,0,5,0,1
"2019-01-05","Tamil Nadu","33","Salem","584","Salem","5740","Public",2,28448,7708,0,0,0,0,146,20,0,0,0,140,20,0,0,0,140,143,0,0,0,0,0,140,140,146,143,20,140,140,146,143,140,146,143,0,0,0,0,20,0,0,77,0,0,0,0,0,0,0,0,0,0,163,68,78,22,13,48,0,0,0,0,0,0,0,0,0,0,0,0,0,0,0,0,283,0,59,59,0,0,0,0,2,0,0,0,7,1,1,0,13,310,3,1002,0,0,70,7,4,0,0,0,0,9,11,0,0,0,0,0,2,294,0,9,2,57,20,0,2,0,0,8,0,4,0,1,0,0,0,0,0,0,52,0,0,12,12,0,0,0,44,14,0,0,0,0,0,0,409,0,0,0,49,0,0,1350,0,0,0,0,0,0,0,0,1,0,4,0,17,1759,0,0,0,0,0,0,1,0,20,4,0,7,16939,0,0,0,5,0,0,0,0,0,0,20,20,0,19,0,0,0,20,0,48,8,0,0,11,10,1,48,168,18,0,130,0,0,0,150,0,104,104,46,437,4,2,150,177,352,2,0,3,0,0,3,17,115,0,0,0,0,0,0,0,0,0,150,13,0,0,0,0,1628,2043,0,2127,0,0,316,0,0,0,0,0,0,0,32,0,57,20,0,0,0,0,0,0,1776,1,0,0,150,2,25,0,0
"2020-01-05","Karnataka","29","Bidar","529","Basavakalyan","5454","Public",0,18499,1088,0,11,0,1,506,564,24,23,18,491,270,0,0,0,504,392,0,0,13,7,17,472,602,463,460,291,488,609,466,479,558,435,429,0,460,44,0,250,0,0,46,10,0,0,0,0,4,0,1,0,1,28,232,257,18,22,43,0,0,1,0,0,0,0,2,0,2,3,2,55,0,0,2,89,19,221,235,0,0,1,0,15,6,9,3,5,0,0,0,118,392,30,553,0,0,217,55,18,6,13,0,0,147,142,0,0,0,0,0,4,71,1,0,12,19,6,0,1,0,3,66,0,6,1,0,13,1,0,1,3,2,53,0,0,0,0,1,0,0,1,44,0,0,0,0,0,10,36,5,13,0,251,0,0,2407,0,0,0,0,0,0,0,0,10,0,0,0,42,362,0,0,182,0,0,0,0,0,286,8,0,5,2812,0,0,0,0,0,0,0,0,0,0,431,285,0,110,23,29,0,275,0,61,0,0,0,1,71,5,156,285,205,0,649,528,6,0,257,0,513,381,212,458,10,0,323,72,224,0,0,0,0,0,0,0,0,0,0,6,17,13,22,0,0,10,409,2,68,0,0,2,180,703,5,1040,39,0,836,4,0,98,0,0,0,0,254,5,18,5,0,0,1,0,0,0,863,14,0,0,581,5,69,275,0
"2019-01-05","Assam","18","Dima Hasao","299","Langting Bphc","2093","Private",0,0,0,0,0,0,0,0,0,0,0,0,0,0,0,0,0,0,0,0,0,0,0,0,0,0,0,0,0,0,0,0,0,0,0,0,0,0,0,0,0,0,0,0,0,0,0,0,0,0,0,0,0,0,0,0,0,0,0,0,0,0,0,0,0,0,0,0,0,0,0,0,0,0,0,0,0,0,0,0,0,0,0,0,0,0,0,0,0,0,0,0,0,0,0,0,0,0,0,0,0,0,0,0,0,0,0,0,0,0,0,0,0,0,0,0,0,0,0,0,0,0,0,0,0,0,0,0,0,0,0,0,0,0,0,0,0,0,0,0,0,0,0,0,0,0,0,0,0,0,0,0,0,0,0,0,0,0,0,0,0,0,0,0,0,0,0,0,0,0,0,0,0,0,0,0,0,0,0,0,0,0,0,0,0,0,0,0,0,0,0,0,0,0,0,0,0,0,0,0,0,0,0,0,0,0,0,0,0,0,0,0,0,0,0,0,0,0,0,0,0,0,0,0,0,0,0,0,0,0,0,0,0,0,0,0,0,0,0,0,0,0,0,0,0,0,0,0,0,0,0,0,0,0,0,0,0,0,0,0,0,0,0,0,0,0,0,0,0,0,0,0,0,0,0,0,0,0,0,0,0,0,0,0,0,0
"2020-01-05","Gujarat","24","Kheda","450","Kheda","3874","Private",41,0,0,0,0,0,0,330,204,0,0,0,224,1196,0,0,0,64,92,0,0,0,0,0,49,64,54,92,588,40,64,54,92,64,54,92,0,134,0,0,1168,0,0,0,0,0,0,0,0,0,0,0,0,0,0,190,198,52,46,124,0,0,0,0,0,0,0,0,0,0,0,0,0,0,0,0,224,0,65,33,0,1,0,0,0,0,0,0,0,0,0,0,0,0,0,0,0,0,0,0,0,0,0,0,0,976,989,0,0,0,0,0,0,0,0,3,0,0,0,0,0,0,0,0,0,0,0,0,0,0,0,0,0,0,0,0,0,0,0,0,0,0,0,0,0,0,0,0,0,0,0,0,0,0,258,0,0,1210,0,0,0,0,0,0,0,0,0,0,0,0,0,92,0,0,25,0,0,0,0,0,2037,871,12,0,0,251,0,0,0,0,0,0,0,0,0,1052,1052,0,1592,114,1281,0,1846,0,0,0,0,0,1,28,0,0,92,0,0,117,117,0,0,70,0,60,66,6,87,5,45,265,667,122,0,0,0,0,0,0,0,0,0,0,0,0,0,0,0,0,0,70,0,1530,0,0,0,0,0,0,0,0,0,0,0,0,0,0,0,0,0,0,0,0,0,0,0,13,0,0,0,0,3,0,0,117,0,0,1364,0
"2019-01-10","Haryana","6","Panchkula","70","Others","9999","Public",3,27759,1870,0,82,0,0,230,127,0,0,0,113,111,0,0,0,239,192,0,0,0,0,0,117,239,225,192,115,113,239,225,192,173,143,135,0,230,19,30,111,0,0,0,0,0,0,0,0,0,0,0,0,0,0,111,119,265,414,302,0,0,0,0,0,0,0,42,3,0,93,7,85,1,0,0,190,113,196,197,0,0,0,1,3,0,4,2,6,2,7,0,41,297,78,0,1,0,54,48,3,0,29,0,0,60,52,0,0,0,0,0,0,285,0,6,1,144,82,5,5,0,5,46,0,12,0,3,0,1,0,1,0,0,41,0,0,0,0,0,0,0,6,55,0,0,0,0,0,0,11028,0,0,0,616,0,0,20257,0,0,0,0,0,0,9,0,22,0,20,0,4,2029,0,0,189,0,0,0,1,0,113,58,0,16,8766,3,2,73,2,0,0,0,0,0,0,160,173,0,110,6,116,0,111,0,11,0,2,0,0,97,2,322,159,124,0,252,238,0,0,222,0,148,150,82,228,14,14,181,174,210,10,0,2,1,0,0,2,5,0,0,67,82,95,113,0,0,1,159,39,47,0,0,237,1568,1153,5,1236,48,0,710,0,0,1259,0,0,0,0,240,0,144,82,3,0,1,0,0,0,2287,0,0,0,207,97,448,257,0
"2019-01-05","Punjab","3","Barnala","605","Tappa","276","Public",8,10200,2515,0,31,0,0,169,36,0,0,0,165,14,0,0,0,161,159,0,0,0,0,0,165,161,146,159,14,165,161,146,159,0,0,0,0,0,0,0,14,0,0,1,0,0,0,0,0,0,0,0,0,0,0,63,106,120,236,136,0,0,0,0,0,0,0,0,0,0,0,0,0,0,0,3,197,30,126,125,0,0,0,0,0,0,0,0,0,0,0,0,9,256,11,316,0,0,143,21,3,0,2,0,0,6,8,0,0,0,0,0,3,241,0,0,0,0,0,0,1,0,2,37,0,19,0,0,3,1,3,0,2,0,55,0,0,0,0,0,0,0,0,0,0,0,0,0,0,0,397,0,0,0,354,0,0,10473,0,0,0,0,0,0,0,0,13,0,0,0,0,806,0,0,122,0,0,0,0,0,14,34,43,4,8662,0,8,0,0,0,0,0,0,1,0,0,0,0,14,0,82,0,14,0,13,0,0,0,0,2,0,71,190,165,0,142,144,0,0,0,0,201,195,4,202,1,1,99,0,203,0,0,1,0,0,0,21,123,0,18,25,6,23,7,1,1,0,179,16,0,0,0,76,523,627,0,796,25,0,696,2,0,0,0,0,0,0,451,0,0,0,0,0,0,0,0,0,1432,0,0,0,203,0,99,14,0
"2019-01-02","Mizoram","15","Serchhip","268","Others","9999","Urban",0,0,0,0,0,0,0,0,0,0,0,0,0,0,0,0,0,0,0,0,0,0,0,0,0,0,0,0,0,0,0,0,0,0,0,0,0,0,0,0,0,0,0,0,0,0,0,0,0,0,0,0,0,0,0,0,0,0,0,0,0,0,0,0,0,0,0,0,0,0,0,0,0,0,0,0,0,0,0,0,0,0,0,0,0,0,0,0,0,0,0,0,0,0,0,0,0,0,0,0,0,0,0,0,0,0,0,0,0,0,0,0,0,0,0,0,0,0,0,0,0,0,0,0,0,0,0,0,0,0,0,0,0,0,0,0,0,0,0,0,0,0,0,0,0,0,0,0,0,0,0,0,0,0,0,0,0,0,0,0,0,0,0,0,0,0,0,0,0,0,0,0,0,0,0,0,0,0,0,0,0,0,0,0,0,0,0,0,0,0,0,0,0,0,0,0,0,0,0,0,0,0,0,0,0,0,0,0,0,0,0,0,0,0,0,0,0,0,0,0,0,0,0,0,0,0,0,0,0,0,0,0,0,0,0,0,0,0,0,0,0,0,0,0,0,0,0,0,0,0,0,0,0,0,0,0,0,0,0,0,0,0,0,0,0,0,0,0,0,0,0,0,0,0,0,0,0,0,0,0,0,0,0,0,0,0
"2019-01-02","Jharkhand","20","Gumla","331","Chainpur","2713","Urban",0,0,0,0,0,0,0,0,0,0,0,0,0,0,0,0,0,0,0,0,0,0,0,0,0,0,0,0,0,0,0,0,0,0,0,0,0,0,0,0,0,0,0,0,0,0,0,0,0,0,0,0,0,0,0,0,0,0,0,0,0,0,0,0,0,0,0,0,0,0,0,0,0,0,0,0,0,0,0,0,0,0,0,0,0,0,0,0,0,0,0,0,0,0,0,0,0,0,0,0,0,0,0,0,0,0,0,0,0,0,0,0,0,0,0,0,0,0,0,0,0,0,0,0,0,0,0,0,0,0,0,0,0,0,0,0,0,0,0,0,0,0,0,0,0,0,0,0,0,0,0,0,0,0,0,0,0,0,0,0,0,0,0,0,0,0,0,0,0,0,0,0,0,0,0,0,0,0,0,0,0,0,0,0,0,0,0,0,0,0,0,0,0,0,0,0,0,0,0,0,0,0,0,0,0,0,0,0,0,0,0,0,0,0,0,0,0,0,0,0,0,0,0,0,0,0,0,0,0,0,0,0,0,0,0,0,0,0,0,0,0,0,0,0,0,0,0,0,0,0,0,0,0,0,0,0,0,0,0,0,0,0,0,0,0,0,0,0,0,0,0,0,0,0,0,0,0,0,0,0,0,0,0,0,0,0
"2019-01-10","West Bengal","19","Birbhum","307","Others","9999","Private",0,0,0,0,0,0,0,1890,0,0,0,0,0,0,0,0,0,0,0,0,0,0,0,0,0,0,0,0,0,0,0,0,0,0,0,0,0,0,0,0,0,0,0,0,0,0,0,0,0,0,0,0,0,0,0,945,945,0,0,0,0,0,0,0,0,0,0,0,0,0,0,0,0,0,0,0,0,0,0,0,0,0,0,0,0,0,0,0,0,0,0,0,0,0,0,0,0,0,0,0,0,0,0,0,0,1163,1227,0,0,0,0,0,0,0,0,0,0,0,0,0,0,0,0,0,0,0,0,0,0,0,0,0,0,0,0,0,0,0,0,0,0,0,0,0,0,0,0,0,0,0,0,0,0,0,0,0,0,0,0,0,0,0,0,0,0,0,0,0,0,0,0,0,0,0,0,0,0,0,0,0,2390,0,414,0,0,0,0,0,0,0,0,0,0,0,0,0,0,0,2390,57,0,0,2390,0,0,0,0,0,373,0,0,0,0,0,0,0,0,0,0,0,0,0,0,0,0,0,0,0,0,0,0,0,0,0,0,0,0,0,0,0,0,0,0,0,0,0,0,0,0,0,0,0,0,0,0,0,0,0,0,0,0,0,0,0,0,0,0,0,0,0,0,0,0,0,0,0,0,0,1620,0,0,0,0,0,873,86
"2020-01-02","Tamil Nadu","33","Vellore","595","Katpadi","5713","Public",8,42909,8980,0,181,0,0,274,33,0,0,0,294,33,0,0,0,262,268,0,0,0,0,0,294,262,270,268,33,294,262,270,268,262,270,268,0,0,0,0,33,0,0,342,3,0,0,0,0,0,0,0,0,0,515,138,136,5,150,19,0,0,0,0,0,0,0,0,1,0,0,0,23,0,0,0,373,149,240,240,0,0,0,0,1,2,5,3,0,0,0,0,40,330,5,301,0,0,205,6,3,0,0,0,0,12,21,0,0,0,0,0,0,437,0,4,1,234,84,0,4,0,2,13,0,33,0,1,28,2,0,2,1,0,213,0,0,0,0,0,0,0,0,79,0,0,0,1,0,0,684,0,0,0,57,0,0,1075,0,0,0,0,0,0,0,0,3,0,6,0,0,2351,0,0,2,0,0,0,0,0,33,35,20,3,14671,0,0,0,0,0,0,0,0,0,0,33,33,0,33,5,0,0,33,0,3,0,0,0,14,8,0,229,343,189,0,341,140,0,0,178,0,251,230,122,967,8,0,369,650,1303,1,0,12,0,0,0,21,46,0,0,180,180,145,145,0,0,0,361,15,0,0,0,0,1172,2412,0,4081,0,0,1012,0,0,24,0,0,0,0,0,0,230,83,0,0,0,0,0,0,2878,0,0,0,366,0,3,0,0
"2019-01-11","Karnataka","29","Raichur","546","Sindhanoor","5463","Public",15,22142,6345,0,207,776,0,783,823,0,0,0,750,403,0,0,3,619,621,7,157,22,7,0,723,633,637,722,572,729,671,671,769,419,342,251,6,776,376,149,281,0,41,386,31,0,0,0,0,101,76,12,0,2,21,375,376,205,196,180,3,0,6,0,0,0,0,6,0,1,0,14,114,0,0,6,331,252,310,311,0,1,0,1,4,0,4,2,146,0,0,3,120,906,98,633,0,6,592,65,126,36,222,0,0,176,157,0,0,0,0,0,4,277,1,10,21,386,64,67,3,0,1,54,0,9,0,3,3,2,0,0,5,2,557,0,0,0,2,1,0,0,31,3,0,0,0,2,0,193,22,12,7,571,274,32,0,4809,0,0,0,0,0,0,19,0,20,6,7,0,96,2029,0,0,256,0,0,0,1,1,335,13,26,6,14154,136,6,1,33,0,0,0,0,0,0,624,662,0,325,40,249,0,325,0,77,0,1,0,10,76,6,561,654,504,1,971,917,0,0,776,0,398,457,377,767,31,31,906,0,570,0,0,2,61,0,0,1,37,0,3,207,193,251,239,0,0,16,693,66,29,0,0,18,382,949,57,1463,75,4,669,4,0,434,0,0,0,72,334,0,367,60,0,0,5,0,0,0,4532,27,0,0,736,84,491,483,0
"2021-01-04","Haryana","6","Bhiwani","59","Bawani Khera","397","Public",3,7311,278,0,31,0,0,144,137,0,0,0,245,38,0,0,0,147,133,0,0,0,0,8,143,193,164,190,46,146,193,164,190,192,164,189,0,100,299,328,38,0,0,4,0,0,0,0,0,0,0,0,0,0,0,72,72,4,0,35,0,0,0,0,0,0,0,0,0,0,0,0,0,0,0,0,66,20,101,103,0,0,0,0,0,0,0,0,0,0,0,0,5,131,22,16,0,0,4,19,2,0,0,0,0,20,19,0,0,131,0,0,0,66,0,0,0,0,0,0,0,0,1,19,0,3,0,4,0,0,0,0,0,0,30,0,0,0,0,0,0,0,12,7,0,0,0,0,0,18,9459,0,0,0,401,0,0,3244,0,0,0,0,0,0,0,0,1,0,26,0,0,896,0,0,100,0,0,0,0,0,40,52,18,20,3859,0,46,0,0,0,0,0,0,0,0,29,33,0,36,5,93,0,40,0,2,0,0,0,0,13,5,120,217,116,0,178,172,7,0,155,0,181,162,11,186,9,4,155,124,168,0,0,1,0,0,0,0,0,0,0,0,0,0,0,0,0,0,202,23,25,0,0,0,203,80,0,62,2,0,136,0,0,132,0,0,0,0,439,0,0,0,0,0,1,0,0,0,188,0,0,0,221,8,97,117,0
"2020-01-08","Maharashtra","27","Chandrapur","473","Rajura","4077","Rural",6,9392,0,0,0,0,0,126,31,0,0,0,111,12,0,0,0,105,95,0,0,0,0,0,111,105,106,95,16,111,105,106,95,105,106,95,0,131,101,138,20,0,0,1,0,0,0,0,0,0,0,0,0,0,0,60,66,111,123,123,0,0,0,0,0,0,0,0,0,0,0,0,0,0,0,0,11,0,61,61,0,0,0,0,0,0,0,0,0,0,0,0,0,566,20,0,0,0,15,75,0,0,0,0,0,11,9,0,6,2,0,0,0,6,0,0,0,3,2,0,1,0,3,6,0,6,0,0,6,2,0,0,0,0,0,0,0,0,0,0,0,0,0,130,0,0,0,1,0,0,1666,0,0,0,141,0,0,129,0,0,0,0,0,0,0,0,0,0,0,0,0,327,0,0,61,0,0,0,0,0,20,31,0,10,899,0,0,0,0,0,0,0,0,0,0,17,17,0,20,2,20,0,20,0,0,0,0,0,0,7,3,29,20,0,0,113,113,2,0,106,0,84,77,29,100,2,2,113,0,113,0,0,0,26,0,0,0,0,0,0,0,0,0,0,0,0,0,105,21,20,0,0,1,16,163,0,132,0,0,17,1,0,0,0,0,0,0,0,282,3,2,0,0,0,0,0,0,2774,0,0,0,113,0,0,17,0
"2019-01-02","West Bengal","19","Medinipur East","317","Kolaghat","2471","Rural",18,24411,0,0,69,355,0,355,197,0,0,0,443,37,0,0,0,351,469,1,0,0,0,1,440,421,389,410,137,444,422,389,410,413,382,397,0,353,0,61,37,0,0,15,9,0,0,3,0,0,0,0,0,0,0,174,181,262,192,351,0,0,0,0,0,0,0,0,0,0,0,4,4,0,0,0,123,166,151,151,0,1,0,0,26,0,2,18,6,1,0,0,44,109,28,389,0,0,42,25,8,0,1,0,0,25,18,0,0,0,0,0,1,147,0,0,2,0,0,0,1,0,9,83,0,10,0,1,31,13,0,13,1,1,272,0,0,0,0,0,0,17,1,144,0,0,0,2,0,10,13612,0,0,439,2573,0,3,6744,0,0,0,0,0,0,0,0,12,0,23,0,0,1398,6,0,151,0,0,0,0,0,37,100,6,5,2925,0,0,0,0,0,0,0,0,0,0,231,287,0,41,13,245,4,43,0,10,0,0,0,4,0,4,587,475,0,0,344,335,0,0,78,0,456,341,22,302,1,0,342,0,369,0,0,1,0,0,0,0,0,0,0,0,69,62,166,0,0,2,470,1,0,0,0,0,1007,541,0,709,1,0,1022,1,0,856,0,0,0,0,0,207,0,0,0,0,0,0,0,0,2060,0,0,0,473,0,0,274,6
"2019-01-06","Jharkhand","20","Dhanbad","325","Baliapur","2586","Urban",0,0,0,0,0,0,0,0,0,0,0,0,0,0,0,0,0,0,0,0,0,0,0,0,0,0,0,0,0,0,0,0,0,0,0,0,0,0,0,0,0,0,0,0,0,0,0,0,0,0,0,0,0,0,0,0,0,0,0,0,0,0,0,0,0,0,0,0,0,0,0,0,0,0,0,0,0,0,0,0,0,0,0,0,0,0,0,0,0,0,0,0,0,0,0,0,0,0,0,0,0,0,0,0,0,0,0,0,0,0,0,0,0,0,0,0,0,0,0,0,0,0,0,0,0,0,0,0,0,0,0,0,0,0,0,0,0,0,0,0,0,0,0,0,0,0,0,0,0,0,0,0,0,0,0,0,0,0,0,0,0,0,0,0,0,0,0,0,0,0,0,0,0,0,0,0,0,0,0,0,0,0,0,0,0,0,0,0,0,0,0,0,0,0,0,0,0,0,0,0,0,0,0,0,0,0,0,0,0,0,0,0,0,0,0,0,0,0,0,0,0,0,0,0,0,0,0,0,0,0,0,0,0,0,0,0,0,0,0,0,0,0,0,0,0,0,0,0,0,0,0,0,0,0,0,0,0,0,0,0,0,0,0,0,0,0,0,0,0,0,0,0,0,0,0,0,0,0,0,0,0,0,0,0,0,0
"2019-01-03","Odisha","21","Bargarh","347","Jharbandha","2756","Urban",0,0,0,0,0,0,0,0,0,0,0,0,0,0,0,0,0,0,0,0,0,0,0,0,0,0,0,0,0,0,0,0,0,0,0,0,0,0,0,0,0,0,0,0,0,0,0,0,0,0,0,0,0,0,0,0,0,0,0,0,0,0,0,0,0,0,0,0,0,0,0,0,0,0,0,0,0,0,0,0,0,0,0,0,0,0,0,0,0,0,0,0,0,0,0,0,0,0,0,0,0,0,0,0,0,0,0,0,0,0,0,0,0,0,0,0,0,0,0,0,0,0,0,0,0,0,0,0,0,0,0,0,0,0,0,0,0,0,0,0,0,0,0,0,0,0,0,0,0,0,0,0,0,0,0,0,0,0,0,0,0,0,0,0,0,0,0,0,0,0,0,0,0,0,0,0,0,0,0,0,0,0,0,0,0,0,0,0,0,0,0,0,0,0,0,0,0,0,0,0,0,0,0,0,0,0,0,0,0,0,0,0,0,0,0,0,0,0,0,0,0,0,0,0,0,0,0,0,0,0,0,0,0,0,0,0,0,0,0,0,0,0,0,0,0,0,0,0,0,0,0,0,0,0,0,0,0,0,0,0,0,0,0,0,0,0,0,0,0,0,0,0,0,0,0,0,0,0,0,0,0,0,0,0,0,0
"2020-01-12","Bihar","10","Supaul","223","Pipra","1110","Rural",0,7777,421,0,0,0,0,530,503,0,0,0,501,374,0,0,0,669,451,0,0,0,0,0,501,665,584,454,414,501,665,584,454,666,577,459,0,228,66,64,305,0,0,0,0,0,0,0,0,0,0,0,0,0,0,252,278,97,310,539,0,0,0,0,0,0,0,0,0,0,0,0,0,0,0,0,339,0,246,246,0,3,0,1,17,4,15,13,0,0,0,0,0,805,210,695,0,0,65,236,0,13,0,0,0,225,253,0,0,0,0,0,0,10,0,0,0,0,0,13,0,0,0,0,0,0,0,0,0,0,0,0,0,0,226,0,0,0,0,0,0,0,3,147,0,0,0,0,0,184,0,0,0,0,289,0,0,1022,0,0,0,0,0,0,0,0,5,2,90,0,0,579,29,0,232,0,0,0,0,0,451,8,354,4,1835,0,0,0,0,0,0,0,0,0,0,168,168,0,467,66,365,27,460,0,5,0,0,0,0,13,2,215,353,0,0,299,301,0,0,184,0,193,188,235,361,0,2,524,0,578,0,0,0,0,0,0,354,50,0,0,0,0,0,0,0,0,0,340,2,451,0,0,0,45,5,0,6,0,0,0,0,0,0,0,0,0,0,130,2,0,0,0,0,2,0,0,0,0,0,0,0,428,0,0,25,0
"2020-01-02","Kerala","32","Kozhikode","561","Others","9999","Rural",62,763306,0,0,0,0,0,5142,3680,0,0,0,5886,3594,0,0,0,4160,5628,0,0,0,125,319,5379,4320,5475,5736,3640,5886,4304,5489,5746,4232,5453,5778,72,5995,3126,672,3438,3,2,204,10,0,0,0,0,2,0,0,0,0,4,2465,2679,4250,1573,5542,0,0,236,0,0,1,16,244,26,28,48,28,860,0,0,0,1794,42,1836,1854,0,8,1,2,22,3,3,2,32,44,34,72,22,5274,1248,33590,2,0,1052,1348,4,6,2,0,0,1728,1916,0,0,2,0,2,0,2646,8,42,75,152,108,260,0,0,4,0,0,4,0,1,0,2,0,2,1,2,1349,0,0,20,16,2,0,16,168,64,0,0,0,3,0,2,1308,0,0,0,1117,34,16,9012,0,0,0,0,0,0,12,15,20,0,149,0,100,28695,1,1,1682,0,0,0,9,1,3608,292,2,168,190260,8,6,0,150,0,0,0,0,0,0,2478,2859,0,3618,504,232,2,3644,0,300,7,0,0,448,66,133,1787,3574,58,0,4203,5361,8,76,12,0,3174,2776,108,778,1,1,5424,2944,1478,254,0,28,10,0,0,558,1252,0,94,0,0,0,42,0,0,38,5019,68,1272,14,41,3786,7562,21341,18,38435,1292,2,8116,1186,0,50886,0,0,0,1896,8236,746,142,50,111,142,30,0,0,0,10656,1254,0,0,5619,2,766,2956,2
"2019-01-07","Bihar","10","Darbhanga","195","Tardih","1186","Total",0,4367,4723,0,0,116,0,109,120,0,0,0,132,78,0,0,0,125,149,4,0,0,0,4,113,125,146,153,107,132,125,145,153,69,0,0,0,25,6,9,0,0,0,0,0,0,0,0,0,0,0,0,0,0,0,54,57,67,70,87,0,0,0,0,0,0,0,0,0,0,0,0,0,0,0,0,20,0,82,110,0,0,0,0,27,4,14,10,0,0,0,0,0,144,59,149,0,0,57,59,0,0,0,0,0,67,65,0,0,0,0,0,0,0,0,0,0,0,0,0,0,0,0,0,0,0,0,0,0,0,0,0,0,0,49,0,0,0,0,0,0,0,0,9,0,0,0,0,0,60,30,0,0,97,72,0,0,1424,0,0,0,0,0,0,0,0,0,0,33,0,0,0,21,2,73,0,0,0,0,0,107,9,5,4,0,0,0,0,0,0,0,0,0,0,0,9,23,0,123,2,3,11,112,0,0,0,0,0,0,15,0,44,60,0,0,145,96,4,0,27,0,141,111,59,0,0,0,62,0,0,0,0,0,0,0,0,5,182,0,0,0,0,0,0,0,0,0,130,0,0,0,0,0,0,0,0,0,0,0,0,0,0,0,0,0,0,0,0,0,0,0,0,0,0,0,0,0,0,0,0,0,198,0,0,9,5
"2021-01-04","Uttar Pradesh","9","Meerut","169","Meerut","734","Public",69,122050,19962,69,80,0,0,8499,6911,0,0,0,8768,1145,0,0,0,7063,7202,0,0,0,0,402,8788,7151,7328,7283,3418,8770,7149,7326,7299,7089,7272,7249,0,8362,1856,1331,641,0,0,146,17,0,1,0,0,5,0,7,0,1,1,3938,4279,2451,2266,4011,2,0,47,0,0,0,2,0,0,0,5,5,132,0,0,0,782,111,3602,4230,2,20,0,9,683,92,531,158,82,3,8,0,36,1872,423,9433,0,0,1198,572,218,30,0,0,0,966,1083,0,0,1,0,1,3,778,4,67,90,618,16,95,9,0,5,54,0,14,0,3,10,0,2,5,7,0,1171,0,0,12,694,0,0,27,77,3558,0,0,0,1,0,842,4737,16,11,0,9957,29,16,133496,0,0,0,0,0,0,5,4,254,11,2290,0,270,11074,521,57,3387,0,0,0,1,0,1489,615,0,143,109397,41,123,0,147,0,4,1,0,3,1,978,902,2,1839,384,1632,385,1844,3,281,21,8,0,56,553,183,3282,5252,2056,0,5763,4810,27,0,2685,4,5487,4537,2532,5369,355,100,4501,642,4365,29,983,17,878,0,87,394,406,0,0,38,42,71,71,3,2,42,4698,257,999,8,5,3,1339,8085,0,5588,0,0,464,0,74,4768,3,0,0,937,3717,800,618,16,27,44,55,0,0,0,203,264,1,2551,10126,3,177,1597,644
"2020-01-02","Nagaland","13","Wokha","250","Sanis","1785","Total",0,268,45,0,3,3,0,3,3,0,0,0,5,1,0,0,0,5,5,0,0,0,0,0,5,5,3,5,1,5,5,3,5,5,3,5,0,3,0,0,0,0,0,0,0,0,0,0,0,0,0,0,0,0,0,0,3,0,0,0,0,0,0,0,0,0,0,0,0,0,0,0,10,0,0,0,23,3,6,6,0,0,0,0,0,0,0,0,1,0,0,0,0,0,3,6,0,0,0,3,0,0,3,0,0,0,1,0,0,0,0,0,0,24,0,0,0,0,0,0,0,0,0,0,0,0,0,0,0,0,0,0,0,0,5,0,0,0,0,0,0,0,0,0,0,0,0,0,0,0,70,0,0,5,0,0,0,46,0,0,0,0,0,0,0,0,0,0,1,0,0,21,0,0,6,0,0,0,0,0,1,0,0,0,201,0,0,0,0,0,0,0,0,0,0,1,1,0,1,0,1,0,1,0,0,0,0,0,0,0,0,6,5,0,0,6,6,0,0,2,0,3,0,0,2,0,0,0,0,0,0,0,1,0,0,0,0,6,0,0,3,3,3,3,0,0,0,3,0,1,0,0,0,50,3,0,10,0,0,0,0,0,17,0,0,0,0,0,85,0,0,0,0,0,0,0,0,41,0,0,0,3,3,12,1,1
"2019-01-09","Bihar","10","Sheikhpura","219","Sheikhpura Sadar","1374","Urban",0,6063,0,0,0,319,0,319,87,0,0,0,262,0,0,0,0,307,265,5,0,0,0,5,262,307,275,265,6,262,307,275,265,286,236,172,0,0,0,0,0,0,0,13,0,0,0,0,0,0,0,0,0,0,0,145,174,56,112,164,0,0,0,0,0,0,0,0,0,0,0,0,0,0,0,0,0,0,128,128,0,0,0,0,14,5,8,0,0,0,0,0,0,0,0,0,0,0,0,0,0,0,0,0,0,41,37,0,0,0,0,0,0,0,0,0,0,0,0,0,0,2,0,0,0,0,0,0,0,0,0,0,0,0,116,0,0,0,0,0,0,0,0,13,0,0,0,0,0,167,220,0,0,262,7,0,0,227,0,0,0,0,0,0,0,0,0,0,2,0,0,668,0,76,110,0,0,0,0,0,2,17,0,13,0,0,0,0,0,0,0,0,0,0,0,0,78,0,78,0,0,76,78,0,0,0,0,0,0,0,0,111,0,0,0,246,86,0,0,172,0,156,198,111,469,7,0,225,0,225,0,0,0,43,0,0,0,0,0,0,0,0,0,0,0,0,0,212,7,0,0,0,0,0,0,0,0,0,0,0,0,0,0,0,0,0,0,0,0,0,0,0,0,0,0,0,0,0,0,0,0,267,0,0,0,78
"2020-01-09","Maharashtra","27","Parbhani","489","Others","9999","Rural",0,7195,0,0,0,0,0,129,104,0,0,0,91,14,0,0,0,120,105,0,0,0,0,0,91,120,114,106,86,91,120,114,106,120,114,106,0,129,122,144,14,0,0,0,0,0,0,0,0,0,0,0,0,0,0,58,71,84,85,145,0,0,0,0,0,0,0,0,0,0,0,0,0,0,0,0,0,0,45,45,0,0,0,0,0,0,0,0,0,0,0,0,0,33,23,0,0,0,28,12,0,0,0,0,0,11,15,0,0,0,0,0,0,15,0,0,0,0,0,0,1,0,3,1,0,2,0,2,8,0,0,1,0,0,19,0,0,0,0,0,0,0,0,0,0,0,0,0,0,0,1709,0,0,0,0,0,0,994,0,0,0,0,0,0,0,0,0,0,0,0,0,97,0,0,44,0,0,0,0,0,26,27,0,5,53,0,0,0,0,0,0,0,0,0,0,26,26,0,26,0,158,0,26,0,0,0,0,0,0,10,0,42,85,0,0,97,97,0,0,97,0,67,66,30,94,3,3,97,13,97,0,0,0,0,0,0,0,0,0,0,0,0,0,0,0,0,0,89,0,26,0,0,0,4,4,0,3,0,0,0,0,0,0,0,0,0,0,0,0,0,0,0,0,0,0,0,0,59,0,0,0,97,0,0,26,0
"2019-01-11","Uttar Pradesh","9","Ayodhya","140","Faizabad","905","Urban",0,0,0,0,0,0,0,0,0,0,0,0,0,0,0,0,0,0,0,0,0,0,0,0,0,0,0,0,0,0,0,0,0,0,0,0,0,0,0,0,0,0,0,0,0,0,0,0,0,0,0,0,0,0,0,0,0,0,0,0,0,0,0,0,0,0,0,0,0,0,0,0,0,0,0,0,0,0,0,0,0,0,0,0,0,0,0,0,0,0,0,0,0,0,0,0,0,0,0,0,0,0,0,0,0,0,0,0,0,0,0,0,0,0,0,0,0,0,0,0,0,0,0,0,0,0,0,0,0,0,0,0,0,0,0,0,0,0,0,0,0,0,0,0,0,0,0,0,0,0,0,0,0,0,0,0,0,0,0,0,0,0,0,0,0,0,0,0,0,0,0,0,0,0,0,0,0,0,0,0,0,0,0,0,0,0,0,0,0,0,0,0,0,0,0,0,0,0,0,0,0,0,0,0,0,0,0,0,0,0,0,0,0,0,0,0,0,0,0,0,0,0,0,0,0,0,0,0,0,0,0,0,0,0,0,0,0,0,0,0,0,0,0,0,0,0,0,0,0,0,0,0,0,0,0,0,0,0,0,0,0,0,0,0,0,0,0,0,0,0,0,0,0,0,0,0,0,0,0,0,0,0,0,0,0,0
"2021-01-05","Bihar","10","Jamui","198","Others","9999","Rural",3,31453,1451,0,27,2306,14,2308,2167,0,0,15,1959,1445,0,0,8,2237,2422,104,0,26,0,106,1954,2257,2499,2464,1688,1963,2279,2489,2461,2255,2505,2428,0,100,36,2,541,0,1,0,0,0,0,0,0,1,0,0,0,0,0,1097,1189,754,919,1038,0,0,0,0,0,0,0,0,0,0,0,0,0,0,0,0,21,58,1839,2122,0,0,0,0,173,94,126,62,0,0,2,0,0,1300,250,530,0,21,223,245,0,0,0,0,0,702,857,0,0,0,1,0,0,197,0,0,45,100,51,0,0,0,0,0,0,0,0,0,0,0,0,0,0,0,812,0,0,0,0,0,0,0,5,530,0,0,0,0,0,1024,143,0,0,1934,988,1,5,3199,0,0,0,0,0,0,0,0,9,0,391,0,100,1652,293,106,1745,0,0,0,0,0,1185,12,0,18,838,0,11,0,51,0,0,0,0,0,0,351,359,1,1380,135,266,276,1453,0,11,0,0,0,0,35,7,678,498,3,0,1276,1311,43,0,1152,6,1419,1456,867,1491,43,2,1738,0,1617,0,0,0,25,0,1,0,137,0,2,22,27,52,58,0,0,43,1484,39,632,2,10,2,505,46,5,26,3,0,168,10,55,2756,0,0,0,0,1005,4,100,51,0,3,30,9,0,0,21,0,0,0,2544,39,46,208,189
"2019-01-08","Karnataka","29","Uttara Kannada","550","Siddapura","5486","Total",0,15850,199,0,59,0,0,87,97,0,0,0,95,110,0,0,0,82,118,0,0,0,0,0,95,86,90,113,112,95,86,90,113,1,0,0,0,46,52,51,66,0,0,50,8,0,0,0,0,0,3,3,0,0,19,37,47,15,1,66,0,0,3,0,0,0,6,5,1,5,1,2,1,0,0,0,142,41,79,79,0,0,0,0,6,1,2,0,41,0,0,3,39,605,86,1152,0,2,305,60,52,1,34,0,0,68,45,0,0,0,0,0,0,137,0,7,4,33,23,11,3,0,11,15,0,7,1,2,2,11,0,8,2,0,129,0,0,26,5,0,0,0,0,11,0,0,0,0,0,0,0,3,2,0,335,2,0,2789,0,0,0,0,0,0,1,0,4,0,0,0,0,409,0,0,78,0,0,0,0,0,111,7,1,12,4947,10,24,0,0,0,0,0,0,0,0,90,89,0,110,11,48,0,112,0,11,0,1,0,6,2,1,207,139,160,0,132,114,3,0,98,0,92,68,23,25,0,0,162,10,138,0,0,0,4,0,0,30,62,0,15,45,31,33,25,0,0,4,96,2,1,0,0,26,406,548,40,1082,29,2,441,10,0,1535,0,0,0,0,266,1,33,23,0,0,0,0,0,0,1601,27,0,0,110,20,64,44,0
"2020-01-10","Chhattisgarh","22","Jashpur","380","Pathalgaon","3262","Public",23,8948,938,0,218,0,0,305,350,0,0,0,291,162,0,0,0,304,265,0,0,0,0,4,291,304,271,265,270,291,304,271,265,304,271,265,0,305,53,154,211,0,0,3,0,0,0,0,0,0,0,0,0,0,0,145,160,200,188,231,0,0,0,0,0,0,0,0,0,0,0,0,30,0,0,0,69,242,289,289,0,0,0,0,12,1,23,2,0,1,1,0,8,246,35,7,0,3,164,78,6,0,15,0,0,146,136,0,24,2,0,0,1,12,0,2,0,5,3,7,0,2,0,2,0,0,0,3,0,0,0,1,0,1,212,0,0,49,49,0,0,0,1,5,0,0,0,0,0,0,18246,3,3,0,376,0,2,1802,0,0,0,0,0,0,0,0,5,0,5,0,0,764,0,1,289,0,0,0,0,0,289,108,0,40,924,0,0,0,0,0,0,0,0,0,0,288,264,0,277,16,289,1,282,0,11,0,7,0,0,41,8,65,301,0,0,280,205,0,0,224,0,320,266,3,323,0,0,297,0,323,0,0,0,5,0,0,0,8,0,0,218,218,242,242,1,1,0,323,43,6,0,0,3,293,210,2,236,14,0,173,8,0,35,2,2,0,0,150,177,5,3,0,0,8,0,0,0,698,0,0,0,323,42,166,289,1
"2019-01-07","Maharashtra","27","Washim","499","Mangrulpir","3996","Rural",0,28505,1234,0,57,215,0,235,194,0,0,0,233,83,0,0,0,224,230,0,0,0,0,0,233,227,238,219,115,233,234,245,226,0,0,0,0,235,183,189,82,0,0,0,0,0,0,0,0,0,0,0,0,0,0,112,123,23,22,98,0,0,0,0,0,0,0,0,1,0,2,6,23,0,0,1,200,67,130,138,0,0,0,1,10,0,5,0,9,0,0,0,596,989,171,976,0,0,1043,160,7,0,21,0,0,39,49,0,0,0,0,0,1,183,0,0,0,35,2,18,0,0,2,4,0,6,0,0,12,4,0,7,5,0,128,0,0,0,0,0,0,0,6,0,0,0,0,0,0,326,5176,0,0,209,531,0,0,1910,0,0,0,0,0,0,0,0,3,0,4,0,0,981,0,0,126,0,0,0,0,0,85,32,2,7,2219,0,23,0,0,0,0,0,0,0,0,62,62,0,88,13,34,0,88,0,20,0,0,0,0,4,10,103,289,117,0,214,109,0,0,163,0,248,197,96,210,4,2,208,10,208,0,0,1,20,0,0,0,9,0,0,57,57,67,67,0,0,0,234,4,41,0,0,2,249,2987,7,3291,0,0,481,7,0,600,0,0,0,0,16,0,35,2,0,0,0,0,0,0,3351,0,0,0,277,0,0,82,0
"2020-01-01","Bihar","10","Samastipur","217","Dalsinghsarai","1297","Public",0,9641,411,0,0,405,0,412,571,0,0,0,524,41,0,0,0,576,512,0,0,0,0,0,535,590,596,531,502,527,585,596,516,574,566,496,0,0,0,0,454,0,0,0,0,0,0,0,0,0,0,0,0,0,0,208,202,101,149,394,0,0,0,0,0,0,0,0,0,0,0,0,235,0,0,0,0,0,219,219,0,0,0,0,65,1,6,4,0,0,0,0,0,258,209,0,0,0,82,235,0,0,0,0,0,231,249,0,0,0,0,0,0,0,0,0,0,0,0,0,0,0,0,0,0,0,0,0,0,0,0,0,0,0,219,0,0,0,0,0,0,0,0,198,0,0,0,0,0,0,330,0,0,526,292,0,0,3055,0,0,0,0,0,0,0,0,0,0,89,0,0,901,26,0,196,0,0,0,0,0,455,25,0,4,48,0,1,0,0,0,0,0,0,0,0,144,235,0,480,32,166,12,480,0,0,0,0,0,0,139,0,382,402,0,0,418,637,0,0,0,0,235,222,198,142,30,48,264,0,264,0,0,0,0,0,0,0,0,0,0,0,0,0,0,0,0,0,334,11,455,0,0,0,0,25,0,30,0,0,0,0,0,0,0,0,0,23,0,0,0,0,0,0,1,0,0,0,0,0,0,0,457,0,0,90,18
"2019-01-01","Madhya Pradesh","23","Chhindwara","399","Pandhurna","3658","Private",0,0,0,0,0,0,0,0,0,0,0,0,0,0,0,0,0,0,0,0,0,0,0,0,0,0,0,0,0,0,0,0,0,0,0,0,0,0,0,0,0,0,0,0,0,0,0,0,0,0,0,0,0,0,0,0,0,0,0,0,0,0,0,0,0,0,0,0,0,0,0,0,0,0,0,0,0,0,0,0,0,0,0,0,0,0,0,0,0,0,0,0,0,0,0,0,0,0,0,0,0,0,0,0,0,0,0,0,0,0,0,0,0,0,0,0,0,0,0,0,0,0,0,0,0,0,0,0,0,0,0,0,0,0,0,0,0,0,0,0,0,0,0,0,0,0,0,0,0,0,0,0,0,0,0,0,0,0,0,0,0,0,0,0,0,0,0,0,0,0,0,0,0,0,0,0,0,0,0,0,0,0,0,0,0,0,0,0,0,0,0,0,0,0,0,0,0,0,0,0,0,0,0,0,0,0,0,0,0,0,0,0,0,0,0,0,0,0,0,0,0,0,0,0,0,0,0,0,0,0,0,0,0,0,0,0,0,0,0,0,0,0,0,0,0,0,0,0,0,0,0,0,0,0,0,0,0,0,0,0,0,0,0,0,0,0,0,0,0,0,0,0,0,0,0,0,0,0,0,0,0,0,0,0,0,0
"2019-01-02","Punjab","3","Fazilka","651","Usad Abohar","238","Urban",4,431,0,0,0,0,0,34,21,0,0,0,49,0,0,0,0,35,26,0,0,0,0,0,49,61,55,41,3,49,61,55,41,47,28,14,0,34,11,25,0,0,0,0,0,0,0,0,0,0,0,0,0,0,0,16,18,13,4,25,0,0,0,0,0,0,0,0,0,0,0,0,0,0,0,0,0,0,20,20,0,0,0,0,0,0,0,0,0,0,0,0,0,0,0,0,0,0,0,0,0,0,0,0,0,3,4,0,0,0,0,0,0,0,0,0,0,0,0,0,0,0,0,0,0,0,0,0,0,0,0,0,0,0,7,0,0,0,0,0,0,0,0,0,0,0,0,0,0,0,49,0,0,0,0,0,0,0,0,0,0,0,0,0,0,0,0,0,0,0,0,75,0,7,20,0,0,0,0,0,0,0,0,0,0,0,0,0,0,0,0,0,0,0,0,0,0,0,7,1,36,0,7,0,0,0,0,0,0,0,0,0,0,0,0,43,15,0,0,38,0,42,40,16,32,3,0,35,0,35,0,0,0,0,0,0,0,0,0,0,0,0,0,0,0,0,0,47,3,0,0,0,0,0,0,0,0,0,0,0,0,0,0,0,0,0,0,0,0,0,0,0,0,0,0,0,0,0,0,0,0,65,0,0,0,0
"2020-01-01","Rajasthan","8","Bhilwara","92","Bhilwara","634","Urban",12,30894,0,0,0,0,0,641,238,0,0,0,701,0,0,0,0,670,734,0,0,0,0,1,701,692,764,736,232,701,692,764,736,684,756,722,0,640,77,52,230,0,0,57,46,0,0,0,0,2,0,0,0,0,6,321,314,325,202,500,0,0,0,0,0,0,0,5,1,1,0,2,23,1,0,0,240,0,325,353,0,0,0,0,63,17,15,24,17,1,2,0,54,457,100,843,0,0,125,169,25,4,0,0,0,97,138,0,0,0,0,0,0,33,0,0,1,5,0,0,1,0,0,1,0,10,0,2,5,0,1,0,1,0,29,0,0,0,0,0,0,0,56,26,0,0,0,1,0,22,4110,0,0,0,2124,6,0,17038,0,0,0,0,0,0,0,0,32,0,20,0,5,1571,1,1,221,0,0,0,1,0,235,12,6,11,13523,576,0,0,212,0,0,0,0,0,0,497,437,0,308,69,75,0,338,3,73,0,0,0,4,181,27,676,342,356,0,559,682,1,0,399,0,658,473,134,356,0,6,423,0,253,0,0,1,0,0,0,216,16,0,0,0,0,0,0,0,0,1,610,22,0,3,10,0,177,306,0,474,3,0,181,0,0,32,0,0,0,0,1385,5,5,0,6,19,7,0,0,0,1553,0,0,0,788,0,426,40,0
"2020-01-02","The Dadra And Nagar Haveli And Daman And Diu","38","Dadra And Nagar Haveli","465","Others","9999","Rural",6,27684,3877,0,171,0,0,305,136,1,0,0,423,127,0,0,0,356,477,0,0,19,0,3,409,357,517,477,128,423,356,517,477,352,511,471,8,143,132,134,126,0,0,101,16,0,0,0,0,0,0,0,0,0,4,160,145,231,194,293,1,0,0,0,0,0,0,4,5,2,0,8,156,0,0,0,189,179,235,234,0,0,0,0,24,58,22,25,18,0,0,0,98,324,43,1802,2,1,212,40,29,5,5,0,0,63,67,0,0,1,0,1,2,338,0,0,2,17,10,175,4,1,1,44,0,1,0,0,0,0,0,1,0,1,99,0,0,6,0,17,0,488,0,687,0,0,0,0,0,204,11311,0,0,0,1279,0,3,57049,0,0,0,0,0,0,0,0,1,1,30,0,2,3581,2,0,236,0,0,0,1,0,127,4,4,0,8775,7,15,0,3,0,0,0,0,0,0,295,239,0,34,15,254,1,33,0,18,0,0,0,0,4,0,1008,509,475,1,307,279,8,0,319,0,330,263,148,225,9,4,297,46,321,0,0,0,11,0,0,49,438,0,1,146,171,147,179,0,0,2,479,40,6,5,3,15,1170,340,1,397,182,0,410,0,0,1348,0,0,0,334,326,47,17,10,17,22,0,0,0,0,2074,2,0,0,492,3,297,223,1
"2020-01-02","Bihar","10","Sitamarhi","221","Charaut","1076","Public",0,0,0,0,0,207,0,207,195,0,0,0,199,123,0,0,0,206,205,0,0,0,0,0,199,206,225,205,129,199,206,225,205,206,225,205,0,193,176,119,0,0,0,0,0,0,0,0,0,0,0,0,0,0,0,99,108,10,86,202,0,0,0,0,0,0,0,0,0,0,0,0,0,0,0,0,0,0,72,72,0,0,0,0,18,3,3,5,0,0,0,0,0,0,0,0,0,0,0,0,0,0,0,0,0,76,73,0,0,0,0,0,0,0,0,0,0,0,0,0,0,0,0,0,0,0,0,0,0,0,0,0,0,0,0,0,0,0,0,0,0,0,0,89,0,0,0,0,0,1582,5487,0,0,199,152,0,0,692,0,0,0,0,0,0,0,0,0,0,67,0,0,106,26,0,72,0,0,0,0,0,124,3,0,1,0,0,0,0,0,0,0,0,0,0,0,150,150,0,149,40,92,56,148,0,0,0,0,0,0,7,0,161,76,0,0,94,94,0,0,83,0,60,68,52,38,0,0,203,0,284,0,0,0,0,0,0,0,0,0,0,0,0,0,0,0,0,0,73,0,124,0,0,0,0,0,0,0,0,0,0,0,0,0,0,0,0,0,0,0,0,0,0,0,2,0,0,0,0,0,0,0,122,0,0,0,0
"2019-01-01","Bihar","10","Katihar","201","Amdabad","1157","Private",0,0,0,0,0,0,0,0,0,0,0,0,0,0,0,0,0,0,0,0,0,0,0,0,0,0,0,0,0,0,0,0,0,0,0,0,0,0,0,0,0,0,0,0,0,0,0,0,0,0,0,0,0,0,0,0,0,0,0,0,0,0,0,0,0,0,0,0,0,0,0,0,0,0,0,0,0,0,0,0,0,0,0,0,0,0,0,0,0,0,0,0,0,0,0,0,0,0,0,0,0,0,0,0,0,0,0,0,0,0,0,0,0,0,0,0,0,0,0,0,0,0,0,0,0,0,0,0,0,0,0,0,0,0,0,0,0,0,0,0,0,0,0,0,0,0,0,0,0,0,0,0,0,0,0,0,0,0,0,0,0,0,0,0,0,0,0,0,0,0,0,0,0,0,0,0,0,0,0,0,0,0,0,0,0,0,0,0,0,0,0,0,0,0,0,0,0,0,0,0,0,0,0,0,0,0,0,0,0,0,0,0,0,0,0,0,0,0,0,0,0,0,0,0,0,0,0,0,0,0,0,0,0,0,0,0,0,0,0,0,0,0,0,0,0,0,0,0,0,0,0,0,0,0,0,0,0,0,0,0,0,0,0,0,0,0,0,0,0,0,0,0,0,0,0,0,0,0,0,0,0,0,0,0,0,0
"2019-01-04","Odisha","21","Puri","369","Astaranga","3060","Private",0,0,0,0,0,0,0,0,0,0,0,0,0,0,0,0,0,0,0,0,0,0,0,0,0,0,0,0,0,0,0,0,0,0,0,0,0,0,0,0,0,0,0,0,0,0,0,0,0,0,0,0,0,0,0,0,0,0,0,0,0,0,0,0,0,0,0,0,0,0,0,0,0,0,0,0,0,0,0,0,0,0,0,0,0,0,0,0,0,0,0,0,0,0,0,0,0,0,0,0,0,0,0,0,0,0,0,0,0,0,0,0,0,0,0,0,0,0,0,0,0,0,0,0,0,0,0,0,0,0,0,0,0,0,0,0,0,0,0,0,0,0,0,0,0,0,0,0,0,0,0,0,0,0,0,0,0,0,0,0,0,0,0,0,0,0,0,0,0,0,0,0,0,0,0,0,0,0,0,0,0,0,0,0,0,0,0,0,0,0,0,0,0,0,0,0,0,0,0,0,0,0,0,0,0,0,0,0,0,0,0,0,0,0,0,0,0,0,0,0,0,0,0,0,0,0,0,0,0,0,0,0,0,0,0,0,0,0,0,0,0,0,0,0,0,0,0,0,0,0,0,0,0,0,0,0,0,0,0,0,0,0,0,0,0,0,0,0,0,0,0,0,0,0,0,0,0,0,0,0,0,0,0,0,0,0
"2020-01-08","Chhattisgarh","22","Rajnandgaon","388","Rajnandgaon","3305","Total",165,89485,862,0,40,0,0,3669,4597,0,0,0,2800,3784,0,0,0,2396,2485,0,17,18,0,24,2789,2377,2472,2485,4195,2766,2411,2502,2499,2128,2173,2172,0,3736,6877,6766,3679,0,1,447,10,0,12,0,0,1,0,2,0,1,1,1777,1915,1804,1507,2678,0,0,21,0,0,0,1,5,14,10,28,73,295,0,0,0,870,97,2515,2438,4,23,0,2,22,9,22,15,45,5,14,0,333,2554,301,2873,25,135,1724,266,76,7,113,0,0,2229,2258,0,50,12,174,246,13,1042,0,54,44,213,117,51,25,13,16,208,1,59,1,63,162,22,10,5,32,7,1947,0,0,58,24,3,0,71,88,722,0,2,0,12,0,1547,88413,0,0,0,4248,0,6,23169,0,0,0,0,0,0,1,0,100,1,88,0,204,10335,35,26,2441,0,0,0,8,3,4486,477,12,300,14265,0,55,3,100,0,0,0,0,3,0,3312,3144,0,3625,167,1962,50,3627,0,93,0,12,0,11,189,75,939,2340,968,0,3580,3199,1,0,2446,5,2334,2519,772,1958,44,39,3889,393,3625,2,0,4,959,0,0,249,312,0,11,40,40,97,97,305,1,41,3370,111,390,0,0,28,1357,4435,37,6285,251,498,1410,35,0,683,0,0,0,0,937,12176,211,113,4,3,92,0,0,0,4000,618,0,0,3604,235,961,3097,448
"2020-01-12","Bihar","10","Gaya","196","Others","9999","Public",9,269102,35710,0,410,11268,480,11195,12815,0,0,62,10342,5350,0,0,0,12764,11181,707,282,453,56,514,10200,13551,12783,11537,7021,10481,13518,12788,11466,13162,12227,10963,49,34888,20211,36741,4832,0,3,92,2,0,0,0,0,18,8,3,0,9,0,5074,6138,3506,4733,6466,18,4,110,0,0,0,0,4,33,8,174,68,350,0,0,14,3752,525,5592,5682,8,5,0,4,296,74,198,95,38,443,221,0,107,8534,4189,13887,0,28,4153,4452,32,0,0,0,0,3712,4135,0,0,0,0,0,16,1402,0,4,80,950,710,14,0,0,0,0,0,0,0,0,0,0,0,0,0,0,4838,0,0,50,20,25,0,6,217,1445,0,0,0,0,0,4284,61590,48,10,10028,3379,30,27,36213,0,0,0,0,0,0,0,8,109,16,1271,0,0,6339,2035,47,5488,0,2,2,1,0,5950,647,3597,206,26346,2,103,0,11,0,0,0,0,5,0,6181,6426,40,7745,860,3410,1254,7780,68,254,84,0,50,204,459,75,4956,4667,12,0,9467,10539,56,0,5504,41,5929,5626,4214,4128,149,151,8178,114,5919,4,0,9,29,0,4,1908,2609,0,82,213,152,207,160,2,0,54,8307,132,3845,32,28,4,4200,519,3,449,185,0,1222,61,178,5228,0,16,0,130,4651,252,574,356,2,4,79,62,0,0,238,357,1,0,12211,52,387,4080,3442
"2021-01-04","Maharashtra","27","Nagpur","484","Mauda","4029","Public",0,11025,320,0,0,147,0,147,52,0,0,0,139,18,0,0,0,131,158,0,0,0,0,0,139,131,118,158,18,139,131,118,158,131,118,158,0,147,16,14,18,0,0,0,0,0,0,0,0,0,0,0,0,0,0,78,69,11,6,65,0,0,0,0,0,0,0,0,0,0,2,0,4,0,0,0,54,0,100,100,0,0,0,0,0,0,0,0,4,0,0,0,0,78,15,41,0,0,30,7,0,0,1,0,0,12,6,0,0,0,0,0,0,79,0,0,2,3,4,0,0,1,6,61,0,75,1,24,23,42,62,54,0,0,170,0,0,0,0,0,0,0,0,2,0,0,0,0,0,374,10638,0,0,139,291,0,0,345,6,0,0,0,0,0,0,0,3,0,0,0,0,695,0,0,100,0,0,0,0,0,18,7,0,16,1818,0,0,0,0,0,0,0,0,0,0,114,114,0,18,1,171,0,18,0,7,0,0,0,0,4,0,203,176,205,0,203,131,0,0,196,0,201,135,66,203,0,0,201,205,203,0,0,0,1495,0,0,0,0,0,0,0,0,0,0,0,0,2,196,1,0,0,0,73,68,193,18,254,57,0,88,13,0,217,0,0,0,0,0,252,3,4,0,0,0,0,0,0,1031,0,0,0,201,0,164,18,0
"2019-01-05","Kerala","32","Kottayam","560","General Hospital Changanassery","5671","Public",0,33759,0,0,0,0,0,47,34,0,0,0,40,34,0,0,0,32,41,0,0,0,0,0,41,32,29,41,34,40,32,29,41,0,0,0,0,51,41,78,34,0,0,2,0,0,0,0,0,0,0,0,0,0,0,21,24,47,35,68,0,0,0,0,0,0,0,130,0,8,0,0,89,0,0,0,131,0,2,2,0,0,0,0,0,0,0,0,56,2,5,0,8,261,56,3400,4,0,223,30,0,1,0,0,0,19,15,53,0,0,0,0,0,103,0,0,0,13,13,0,0,0,0,0,0,0,0,0,0,0,0,0,0,0,4,0,0,0,0,0,0,0,0,0,0,0,0,0,0,0,0,0,0,0,6,0,0,180,0,0,0,0,0,0,7,0,0,0,3,0,6,1741,0,0,2,0,0,0,0,0,34,1,2,0,22728,9,0,0,112,0,0,0,0,0,0,30,30,0,34,1,0,0,34,0,0,0,0,0,6,12,0,6,52,112,0,45,4,0,0,0,0,32,23,1,0,0,0,45,0,0,0,0,1,0,0,0,59,100,1,6,0,0,0,0,0,0,0,2,9,0,0,0,130,858,36,0,13,188,0,403,0,0,10357,0,0,0,0,1140,45,13,13,0,0,0,0,0,0,101,15,0,0,3,0,20,41,0
"2020-01-01","Odisha","21","Sundargarh","373","Kutra","2813","Rural",1,4690,757,0,0,41,0,41,57,0,0,0,59,55,0,0,0,79,54,0,0,0,0,0,59,78,68,54,57,59,77,66,54,77,67,54,0,41,0,0,58,0,0,49,0,0,0,0,0,0,0,0,0,0,0,20,21,122,129,71,0,0,0,0,0,0,0,0,0,1,0,0,8,0,0,0,77,0,46,46,0,0,0,1,0,0,0,0,2,0,1,0,19,136,36,353,0,0,29,22,0,0,1,0,0,37,23,0,0,0,0,0,0,103,0,0,2,0,0,0,0,0,0,20,0,1,0,0,0,0,0,0,0,0,105,0,0,0,0,0,0,87,3,0,0,0,0,1,0,0,1083,0,0,59,375,0,0,414,0,0,0,0,0,0,0,0,6,0,2,0,0,592,0,1,46,0,0,0,1,0,59,8,0,18,1872,0,0,0,55,0,0,0,0,0,0,53,38,0,60,14,69,0,60,0,9,0,0,0,0,31,14,81,68,68,0,52,41,1,0,46,0,38,30,7,33,0,0,47,69,47,0,0,0,9,0,0,0,108,0,0,0,0,0,0,0,0,2,30,9,5,0,0,0,59,8,1,28,0,0,172,1,0,259,0,0,0,0,0,538,0,0,0,0,0,0,0,0,0,0,0,0,42,26,119,54,1
"2019-01-08","Nagaland","13","Dimapur","244","Dimapur","1796","Urban",27,27557,0,0,113,205,0,140,274,0,0,0,136,229,0,0,0,38,31,2,0,0,0,2,87,202,167,159,188,136,160,200,177,36,2,3,20,130,60,31,190,0,0,16,8,0,0,1,0,7,17,0,0,0,2,66,66,39,23,53,0,0,23,0,0,0,66,16,12,28,29,7,137,0,0,21,692,251,177,199,1,2,1,0,0,0,0,0,71,23,42,16,77,1035,197,5429,33,1,976,264,30,34,14,0,0,127,151,0,0,3,0,3,36,758,1,21,8,26,6,0,1,0,11,2,0,9,2,1,18,2,1,9,0,2,27,0,0,245,100,0,0,0,4,0,0,0,0,0,0,59,0,0,0,158,98,0,0,728,0,1,0,0,0,0,12,0,2,1,0,7,87,7047,0,0,15,0,0,0,1,1,286,26,4,28,47460,6,20,1,98,0,0,0,0,0,0,73,35,0,169,26,0,0,278,0,10,0,0,0,9,0,6,65,209,305,2,100,50,6,0,2,0,226,180,81,32,10,10,228,0,72,0,0,0,0,2,0,486,628,0,109,113,113,251,251,4,2,7,282,171,144,0,0,30,1026,208,12,255,83,96,439,29,0,3094,0,0,0,0,3598,924,26,6,0,0,9,0,0,0,447,145,0,0,898,167,1042,139,0
"2020-01-07","Uttar Pradesh","9","Gonda","147","Others","9999","Public",55,80925,9501,0,575,11044,115,11060,10828,18,13,20,9811,4912,28,22,21,10772,10530,778,36,459,130,678,9657,10786,11118,10622,5357,9846,10742,11003,10619,10401,10229,9802,21,10934,1429,1382,4251,0,2,455,80,0,8,0,0,45,0,8,0,0,25,5317,5745,5478,5369,6603,13,11,90,0,0,0,0,16,9,0,50,74,597,0,0,12,793,620,4100,4325,0,1,0,3,114,64,43,42,27,25,56,0,65,5529,549,3900,8,0,1533,1041,50,15,23,0,0,3713,4255,84,0,0,0,0,23,1442,67,74,319,560,150,18,0,0,0,2,0,0,0,0,0,0,0,0,0,0,1074,0,0,409,392,0,0,63,383,1481,0,0,0,0,0,1045,4372,2,2,9474,6128,15,13,15523,0,0,0,0,0,0,0,18,243,17,1276,0,534,16303,1478,48,3896,0,0,0,0,0,6519,433,0,121,162335,0,368,0,132,0,0,0,0,0,0,4769,4663,22,7358,810,3497,1303,7515,0,323,10,0,0,43,611,241,7666,13971,3940,0,11382,10943,45,2,5544,77,10706,9814,4427,9112,789,340,11076,659,11900,2,1063,14,189,95,0,42,32,6,0,493,468,375,645,66,0,172,7963,1957,5430,16,21,14,688,377,4,347,2,45,780,16,84,1472,0,0,0,1843,3677,517,60,70,27,51,143,1,0,0,1002,363,0,2323,15537,32,3644,5222,2485
"2019-01-04","Andhra Pradesh","28","Prakasam","517","Pamur","5146","Private",0,0,0,0,0,0,0,0,0,0,0,0,0,0,0,0,0,0,0,0,0,0,0,0,0,0,0,0,0,0,0,0,0,0,0,0,0,0,0,0,0,0,0,0,0,0,0,0,0,0,0,0,0,0,0,0,0,0,0,0,0,0,0,0,0,0,0,0,0,0,0,0,0,0,0,0,0,0,0,0,0,0,0,0,0,0,0,0,0,0,0,0,0,0,0,0,0,0,0,0,0,0,0,0,0,0,0,0,0,0,0,0,0,0,0,0,0,0,0,0,0,0,0,0,0,0,0,0,0,0,0,0,0,0,0,0,0,0,0,0,0,0,0,0,0,0,0,0,0,0,0,0,0,0,0,0,0,0,0,0,0,0,0,0,0,0,0,0,0,0,0,0,0,0,0,0,0,0,0,0,0,0,0,0,0,0,0,0,0,0,0,0,0,0,0,0,0,0,0,0,0,0,0,0,0,0,0,0,0,0,0,0,0,0,0,0,0,0,0,0,0,0,0,0,0,0,0,0,0,0,0,0,0,0,0,0,0,0,0,0,0,0,0,0,0,0,0,0,0,0,0,0,0,0,0,0,0,0,0,0,0,0,0,0,0,0,0,0,0,0,0,0,0,0,0,0,0,0,0,0,0,0,0,0,0,0
"2020-01-12","Haryana","6","Kaithal","66","Kaithal","368","Rural",91,132507,5399,0,1,1344,0,1344,1622,0,0,0,1424,1154,0,0,0,1800,1757,0,0,0,0,0,1434,1801,1802,1753,1590,1423,1801,1812,1753,1801,1812,1753,0,1306,1178,1990,1259,0,0,34,6,0,0,0,0,0,0,0,0,0,21,658,689,1519,1108,2028,0,0,11,0,0,0,0,0,0,0,70,0,95,0,1,3,1856,31,1016,1016,4,19,0,5,37,18,11,2,54,0,0,0,18,2998,418,10327,1,0,663,471,31,5,0,0,0,607,679,13,0,0,0,0,11,1919,0,86,42,303,99,13,20,0,38,631,0,110,2,9,11,8,4,20,8,6,967,0,0,0,0,5,0,85,231,288,0,0,0,2,0,636,73936,0,0,1418,2685,32,6,41140,0,0,0,0,0,0,0,0,40,0,359,0,123,10882,1,1,943,0,3,0,6,0,533,549,373,156,117631,0,274,101,555,0,1,0,0,0,0,1277,1253,18,1222,203,1276,2,1229,43,69,3,12,0,50,724,163,1455,1252,2820,0,1444,1430,43,0,1378,1,1106,872,478,1449,235,196,1357,740,1384,1,0,2,10,0,9,113,68,0,2,1,1,31,31,1,55,27,1554,331,300,0,1,5,1843,1163,35,1164,33,0,3029,0,68,552,0,0,0,0,3507,0,299,98,7,3,21,0,0,0,15034,70,0,0,1697,74,752,1610,1
"2020-01-09","Tamil Nadu","33","Salem","584","Gangavalli","5744","Rural",12,23631,4007,0,0,0,0,207,47,0,0,0,195,47,0,0,0,172,205,0,0,0,0,0,195,172,193,205,47,195,172,193,205,175,193,205,0,844,510,187,47,0,0,107,0,0,0,0,0,0,0,0,0,0,9,90,116,28,22,34,0,0,0,0,0,0,0,2,8,1,0,2,235,0,0,1,72,0,135,135,1,0,1,0,2,0,1,0,0,0,0,0,14,231,52,444,0,0,177,63,0,0,0,0,0,22,25,0,0,0,0,0,1,121,0,5,0,167,115,0,0,0,1,6,0,44,0,0,0,7,0,0,1,0,96,0,0,0,0,0,0,0,3,33,0,0,0,0,0,1903,683,0,0,0,23,0,0,600,0,0,0,0,0,0,0,0,0,0,38,0,0,783,0,0,28,0,0,0,1,0,47,6,3,6,5573,0,0,0,0,0,0,0,0,0,0,47,47,0,47,6,0,0,47,0,0,5,0,0,5,28,1,167,142,0,0,209,56,0,0,211,0,178,150,66,385,2,1,208,313,141,2,0,3,0,0,5,0,12,0,0,0,0,0,0,0,0,0,214,2,0,0,0,0,420,1642,0,2685,0,0,36,0,0,250,0,0,0,0,23,0,167,115,0,0,0,0,0,0,2134,0,0,0,214,0,0,0,0
"2020-01-12","Himachal Pradesh","2","Kangra","18","Others","9999","Private",1,18296,0,0,0,0,0,0,620,0,0,0,0,620,0,0,0,0,0,0,0,0,0,0,0,0,0,0,620,0,0,0,0,0,0,0,0,0,0,0,628,0,0,3,0,0,0,0,0,2,0,0,0,0,0,0,0,0,0,0,0,0,44,0,0,0,0,87,0,37,30,0,30,0,0,0,194,0,0,0,0,0,0,0,0,0,0,0,14,2,14,0,8,431,42,0,0,0,321,51,2,3,4,0,0,399,455,0,0,0,0,0,0,140,0,64,0,0,0,0,0,0,0,1,0,12,0,0,3,0,0,0,0,0,0,0,0,39,39,0,0,0,1,0,0,0,0,0,0,0,0,0,0,0,0,1,0,0,0,0,0,0,0,0,0,0,0,0,0,0,2,2732,0,0,0,0,0,0,0,0,846,0,0,0,28600,0,10,0,28,0,0,0,0,0,0,167,167,0,710,162,0,0,854,0,0,0,0,0,4,0,34,0,68,10,0,19,19,0,0,9,0,30,21,0,0,0,0,10,0,10,0,0,0,0,0,0,265,54,0,4,0,0,0,0,0,0,0,0,15,8,0,0,128,25,1052,1,1032,5,0,5,2,0,570,0,0,0,4832,4506,0,0,0,0,0,1,0,0,0,0,447,0,0,0,18,72,366,24
"2019-01-04","West Bengal","19","Birbhum","307","Murarai I","2249","Rural",9,13047,0,0,0,316,0,316,366,0,0,0,353,282,0,0,0,397,354,2,0,0,0,1,351,395,384,337,289,353,391,378,336,0,0,0,0,53,22,30,282,0,0,15,0,0,0,2,0,0,0,0,0,0,0,156,160,68,49,289,0,0,0,0,0,0,0,0,0,0,0,0,0,0,0,0,0,0,112,113,0,0,0,0,58,0,207,12,0,5,3,0,0,984,113,1720,0,0,546,120,0,0,0,0,3,145,137,0,0,0,0,0,0,0,0,0,1,0,0,0,0,0,0,0,0,0,0,0,0,0,0,0,0,0,25,0,0,0,0,0,0,134,0,2,0,0,0,0,0,58,11086,0,0,331,2466,0,0,4803,0,0,0,0,0,0,0,0,0,0,0,0,0,141,0,0,100,0,0,0,0,0,284,31,107,1,0,0,0,0,0,0,0,0,0,0,0,44,208,0,282,51,91,0,282,0,0,0,0,0,0,29,0,510,372,0,0,328,217,0,0,292,0,348,373,55,181,0,0,283,0,284,0,0,0,2,0,0,0,0,0,0,0,0,0,0,0,0,1,398,0,284,0,0,0,0,1,0,2,0,0,0,0,0,0,0,0,0,0,161,495,0,0,0,0,2,0,0,0,1301,0,0,0,406,0,0,260,0
"2019-01-07","Odisha","21","Balangir","345","Turekela","3146","Public",12,16093,836,0,3,0,0,209,339,0,0,0,257,339,0,0,0,208,189,0,0,0,0,15,257,208,202,190,359,257,212,202,190,208,206,199,0,209,0,0,335,0,27,173,3,0,3,0,0,14,0,0,0,0,3,109,99,135,176,196,0,0,9,0,0,0,0,0,8,0,0,1,42,0,0,0,41,6,68,68,1,1,0,0,17,4,4,3,17,5,1,0,37,624,297,1186,0,0,346,264,0,0,12,0,0,148,192,0,0,0,1,1,0,180,6,26,5,4,11,0,0,1,4,5,0,6,0,2,30,3,0,4,2,0,108,0,0,112,112,0,0,8,104,0,1,0,0,1,0,0,2531,0,0,0,92,14,5,2045,0,0,0,0,0,0,0,0,13,0,0,0,0,964,1,4,63,0,0,0,3,0,340,34,8,9,1441,0,1023,0,0,0,0,0,0,0,0,134,147,0,317,74,199,11,340,0,90,0,2,0,12,168,16,22,165,0,0,228,162,8,0,232,2,246,300,65,233,2,1,190,0,190,0,0,0,37,0,16,0,144,0,0,3,3,6,6,0,0,2,255,2,137,0,0,0,130,152,0,200,5,0,150,0,0,1046,0,0,0,0,25,1700,0,0,0,0,9,0,0,0,197,35,0,0,305,0,0,161,5
"2019-01-05","Bihar","10","Patna","212","Punpun","1410","Public",1,7358,1661,0,0,460,0,293,200,0,0,0,358,75,0,0,0,220,329,55,0,0,0,0,291,220,278,329,95,358,220,278,329,0,0,0,0,0,0,0,75,0,0,5,0,0,0,0,0,0,0,0,0,0,0,118,175,87,214,263,0,0,0,0,0,0,0,0,0,0,0,0,0,0,0,0,19,0,184,184,0,0,0,1,4,0,4,1,0,0,0,0,0,124,41,60,0,0,2,34,0,0,0,0,0,49,36,0,0,0,0,0,0,2,0,3,7,0,0,0,0,0,0,0,0,0,0,0,0,0,0,0,0,0,150,0,0,0,0,0,0,0,4,39,0,0,0,1,0,108,0,0,0,529,113,0,2,741,0,0,0,0,0,0,0,0,0,0,6,0,0,218,15,0,163,0,1,0,4,0,76,45,11,15,773,0,13,0,0,0,0,0,0,0,0,82,85,0,72,11,140,27,75,0,0,3,1,0,3,16,3,34,187,0,0,287,287,1,0,14,0,135,101,184,186,16,16,287,0,186,0,0,0,13,0,0,17,22,0,0,0,0,0,0,0,0,0,319,7,65,0,0,0,330,0,0,1,0,0,0,0,0,0,0,0,0,0,0,0,0,0,0,0,1,0,0,0,0,0,0,0,319,0,0,134,17
"2020-01-05","Maharashtra","27","Akola","467","Others","9999","Rural",4,13500,23,0,10,0,0,212,107,0,0,0,196,51,0,0,0,194,201,0,0,0,0,11,189,214,203,215,55,196,214,203,215,114,113,118,0,68,12,0,51,0,0,2,2,0,0,0,0,0,0,0,0,0,0,94,118,38,47,152,0,0,0,0,0,0,0,0,0,0,0,1,33,0,0,0,87,10,147,147,0,0,0,0,0,0,0,0,12,0,0,0,2,288,17,267,0,0,117,12,8,2,1,0,0,29,25,0,0,0,0,0,0,142,0,0,0,0,0,0,3,0,1,22,0,5,0,1,10,0,0,3,3,0,109,0,0,0,0,0,0,0,0,0,0,0,0,0,0,289,2797,0,0,0,295,0,0,230,0,0,0,0,0,0,0,0,9,0,17,0,0,524,1,0,137,0,0,0,0,0,54,17,0,8,486,0,12,0,0,0,0,0,0,0,0,41,41,0,54,3,3,1,54,0,16,0,0,0,0,2,1,101,250,0,0,222,227,1,0,213,0,168,163,92,249,10,12,226,7,229,0,0,1,0,0,0,0,40,0,0,10,10,10,10,0,0,0,230,32,10,0,0,0,0,22,0,22,12,0,32,0,0,239,0,0,0,0,91,0,0,0,0,0,1,0,0,0,1230,0,0,0,259,1,1,1,0
"2019-01-06","Uttar Pradesh","9","Mirzapur","170","City","1000","Total",13,7759,0,0,165,0,0,643,408,0,0,0,518,66,0,0,0,485,455,0,0,0,0,0,518,707,625,618,163,518,707,625,618,707,625,618,0,0,0,0,158,0,0,132,0,0,0,0,0,0,0,0,0,0,0,316,327,117,136,157,0,0,0,0,0,0,0,0,0,0,0,0,0,0,0,0,1,165,216,224,0,0,0,0,23,0,0,0,0,0,0,0,32,222,12,131,0,0,156,5,0,0,0,0,0,127,130,0,0,2,0,0,0,2,0,0,8,0,0,0,0,0,0,0,0,0,0,0,0,0,0,0,0,0,196,0,0,0,0,0,0,7,0,0,0,0,0,0,0,0,0,0,0,0,0,0,0,3336,0,0,0,0,0,0,0,0,3,0,27,0,0,948,51,0,207,0,0,0,0,0,204,3,0,6,647,0,0,0,0,0,0,0,0,0,0,88,161,0,249,27,59,34,249,0,23,0,0,0,0,0,1,156,21,21,0,481,290,0,0,0,0,358,439,251,310,26,6,381,0,381,0,0,0,0,0,0,0,0,0,0,159,165,159,165,0,0,0,309,35,0,0,0,0,0,0,0,0,0,0,0,0,0,0,0,0,0,0,0,0,0,0,0,0,0,0,0,0,349,0,0,0,688,7,67,210,212
"2019-01-12","Jharkhand","20","Sahebganj","340","Taljhari","2568","Private",0,0,0,0,0,0,0,0,0,0,0,0,0,0,0,0,0,0,0,0,0,0,0,0,0,0,0,0,0,0,0,0,0,0,0,0,0,0,0,0,0,0,0,0,0,0,0,0,0,0,0,0,0,0,0,0,0,0,0,0,0,0,0,0,0,0,0,0,0,0,0,0,0,0,0,0,0,0,0,0,0,0,0,0,0,0,0,0,0,0,0,0,0,0,0,0,0,0,0,0,0,0,0,0,0,0,0,0,0,0,0,0,0,0,0,0,0,0,0,0,0,0,0,0,0,0,0,0,0,0,0,0,0,0,0,0,0,0,0,0,0,0,0,0,0,0,0,0,0,0,0,0,0,0,0,0,0,0,0,0,0,0,0,0,0,0,0,0,0,0,0,0,0,0,0,0,0,0,0,0,0,0,0,0,0,0,0,0,0,0,0,0,0,0,0,0,0,0,0,0,0,0,0,0,0,0,0,0,0,0,0,0,0,0,0,0,0,0,0,0,0,0,0,0,0,0,0,0,0,0,0,0,0,0,0,0,0,0,0,0,0,0,0,0,0,0,0,0,0,0,0,0,0,0,0,0,0,0,0,0,0,0,0,0,0,0,0,0,0,0,0,0,0,0,0,0,0,0,0,0,0,0,0,0,0,0
"2020-01-10","Madhya Pradesh","23","Rajgarh","422","Khilchipur","3564","Rural",5,6230,750,0,0,0,0,763,234,0,0,0,410,198,0,0,0,438,409,0,0,0,0,2,410,410,387,386,198,410,438,417,409,438,417,409,0,442,120,120,198,0,0,8,0,0,0,0,0,0,0,0,0,0,0,357,406,181,160,206,0,0,0,0,0,0,0,0,0,0,0,0,0,0,0,0,60,0,325,322,0,0,0,0,4,4,7,6,0,0,0,0,0,86,8,0,0,0,28,41,0,0,0,0,0,107,111,0,0,0,0,0,0,57,0,0,16,4,4,0,0,0,0,3,0,0,0,0,0,0,0,0,0,0,179,0,0,0,0,0,0,0,0,65,0,0,0,1,0,18788,21607,0,0,0,1060,0,0,1572,0,0,0,0,0,0,0,0,24,0,11,0,8,1154,5,12,303,0,0,0,1,0,206,4,0,3,2415,8,0,0,5,0,0,0,0,0,0,219,219,0,218,1,45,13,218,0,19,0,0,0,0,72,4,206,113,36,0,379,379,0,0,370,12,275,220,95,224,3,0,364,0,314,0,0,0,11,0,0,0,0,0,0,0,0,0,0,0,0,9,288,4,0,0,0,0,0,130,0,134,0,0,0,0,0,0,0,0,0,0,8,1667,4,4,0,0,5,0,0,0,399,0,0,0,379,4,314,2,16
"2019-01-06","Tamil Nadu","33","Thanjavur","586","Kumbakonam","5811","Public",4,56506,19855,0,33,233,0,235,392,0,0,0,247,392,0,0,0,245,215,0,0,0,0,0,242,247,238,215,392,247,247,238,215,247,236,215,0,26,0,0,392,0,0,80,2,0,0,0,0,0,0,0,0,0,64,110,118,187,32,220,0,0,4,0,0,0,0,0,0,0,415,34,1030,0,0,0,361,35,91,108,0,1,1,0,12,0,1,1,0,8,16,0,0,1690,287,13635,0,0,1606,354,0,0,0,0,0,204,188,80,0,0,0,0,5,542,0,38,46,123,102,0,4,0,1,3,0,4,0,0,10,0,0,0,2,0,51,0,0,228,249,0,0,0,415,27,0,0,0,0,0,0,506,0,0,247,20,98,0,630,0,0,0,0,0,0,0,3,0,0,0,0,0,18158,0,0,0,0,0,0,2,0,394,33,0,33,91609,40,0,0,0,0,0,0,0,1,0,0,0,0,392,67,0,0,392,0,0,0,0,0,43,240,15,27,401,188,0,182,0,0,4,0,0,234,247,8,753,42,39,239,440,980,9,0,9,0,0,0,319,1090,0,5,4,33,5,35,2,0,43,249,376,0,12,26,0,611,3033,158,4790,663,53,1796,0,71,5900,0,0,0,542,3410,0,123,102,50,57,2,0,0,0,2165,143,0,249,268,0,7,0,0
"2019-01-09","Tamil Nadu","33","Nagapattinam","579","Mayiladuthurai Mpty","5796","Rural",0,0,0,0,0,0,0,0,0,0,0,0,0,0,0,0,0,0,0,0,0,0,0,0,0,0,0,0,0,0,0,0,0,0,0,0,0,0,0,0,0,0,0,0,0,0,0,0,0,0,0,0,0,0,0,0,0,0,0,0,0,0,0,0,0,0,0,0,0,0,0,0,0,0,0,0,0,0,0,0,0,0,0,0,0,0,0,0,0,0,0,0,0,0,0,0,0,0,0,0,0,0,0,0,0,0,0,0,0,0,0,0,0,0,0,0,0,0,0,0,0,0,0,0,0,0,0,0,0,0,0,0,0,0,0,0,0,0,0,0,0,0,0,0,0,0,0,0,0,0,0,0,0,0,0,0,0,0,0,0,0,0,0,0,0,0,0,0,0,0,0,0,0,0,0,0,0,0,0,0,0,0,0,0,0,0,0,0,0,0,0,0,0,0,0,0,0,0,0,0,0,0,0,0,0,0,0,0,0,0,0,0,0,0,0,0,0,0,0,0,0,0,0,0,0,0,0,0,0,0,0,0,0,0,0,0,0,0,0,0,0,0,0,0,0,0,0,0,0,0,0,0,0,0,0,0,0,0,0,0,0,0,0,0,0,0,0,0,0,0,0,0,0,0,0,0,0,0,0,0,0,0,0,0,0,0
"2020-01-02","Odisha","21","Sambalpur","371","Others","9999","Private",4,1780,0,0,0,0,0,160,292,0,0,0,0,104,0,0,0,132,136,0,0,0,0,0,0,132,124,136,84,0,132,124,136,132,124,136,0,160,0,0,394,0,0,154,116,0,0,0,0,0,0,0,0,0,20,84,76,6,0,8,0,0,54,0,0,0,0,0,0,0,0,0,0,0,0,0,0,0,0,0,0,0,0,0,0,0,0,0,10,0,0,0,94,1184,244,0,0,0,844,246,0,0,0,0,0,194,228,0,0,0,0,0,0,162,0,4,12,0,0,0,0,0,0,2,0,0,0,0,4,0,0,2,0,0,0,0,0,38,30,0,0,0,2,0,0,0,0,0,0,70,0,0,0,0,0,2,0,0,0,0,0,0,0,0,0,0,0,0,0,0,146,426,0,0,0,0,0,0,0,0,422,0,0,2,590,2,0,0,124,0,0,0,0,0,0,0,0,0,422,46,0,0,422,0,0,0,2,0,32,0,8,0,150,232,0,0,0,0,0,0,0,162,192,12,270,8,8,6,28,28,6,0,0,0,0,0,212,34,0,76,0,0,0,0,0,0,12,0,10,26,0,0,0,14,64,10,54,0,0,20,0,0,0,0,0,0,0,0,0,0,0,0,0,0,0,0,0,0,312,0,0,0,0,16,42,0
"2019-01-08","Tamil Nadu","33","Thanjavur","586","Others","9999","Total",24,123245,20225,0,78,562,0,562,88,0,0,0,516,88,0,0,0,546,544,19,0,0,0,19,511,536,586,544,88,516,536,589,544,515,563,524,0,2398,3396,3873,73,0,0,314,1,0,0,0,0,0,0,0,0,0,203,263,272,919,657,994,0,0,0,0,0,0,0,6,0,2,1,0,1627,0,0,2,1188,103,379,380,1,0,1,1,1,0,5,0,35,0,0,0,83,1187,85,713,0,0,664,93,13,0,0,0,0,51,37,0,0,0,0,0,1,1024,0,0,1,111,86,0,3,2,6,122,0,15,0,2,24,1,0,0,2,0,259,0,0,9,0,0,0,0,39,17,0,0,0,1,0,860,1547,0,0,517,273,0,0,1210,0,0,0,0,0,0,0,0,16,0,2,1,26,5045,0,0,22,0,0,0,2,0,88,55,4,5,35394,10,0,1,38,0,0,0,0,0,0,26,26,0,88,5,0,0,88,0,17,0,0,0,8,10,0,350,360,18,0,466,122,0,6,112,0,520,530,19,1604,11,0,445,814,1127,24,0,11,650,0,0,5,181,0,0,61,60,85,83,0,0,0,528,32,0,0,0,16,1761,2824,4,4428,0,0,1045,18,0,2287,0,0,0,0,52,0,225,162,0,0,0,0,0,0,6761,0,0,0,546,5,76,0,0
"2019-01-09","Uttar Pradesh","9","Maharajganj","164","Feranda","946","Public",4,13637,1685,0,155,444,11,431,445,0,0,0,381,279,0,0,0,431,403,47,11,0,0,28,384,440,381,420,313,378,436,385,414,441,380,400,0,354,61,10,308,0,3,0,0,0,0,0,0,17,0,0,0,0,0,187,190,255,234,255,0,0,0,0,0,0,0,2,0,0,0,15,145,0,0,0,22,167,173,194,0,0,0,0,36,1,12,7,0,17,13,0,0,430,16,0,0,0,37,15,8,0,0,0,0,158,197,0,0,0,0,0,3,20,0,0,5,3,7,30,0,0,0,0,0,0,0,0,0,0,0,0,0,0,110,0,0,0,0,2,0,14,0,29,0,0,0,0,0,28,27,0,0,368,218,0,4,1832,0,0,0,0,0,0,0,0,19,0,88,0,0,386,68,0,167,0,0,0,0,0,290,84,0,43,2814,2,21,0,0,0,0,0,0,0,0,341,323,0,359,55,227,68,359,0,16,0,0,0,0,15,7,174,586,28,0,498,517,10,0,330,0,485,402,24,363,15,3,422,0,420,0,0,0,0,0,0,0,0,0,0,46,155,56,167,0,0,5,340,4,290,0,0,3,36,68,3,98,6,0,27,2,0,156,0,0,0,0,304,0,3,5,0,0,3,0,0,0,874,0,0,0,524,0,228,359,15
"2019-01-01","Uttar Pradesh","9","Bulandshahr","134","Anoopshahr","748","Urban",0,0,0,0,0,0,0,0,0,0,0,0,0,0,0,0,0,0,0,0,0,0,0,0,0,0,0,0,0,0,0,0,0,0,0,0,0,0,0,0,0,0,0,0,0,0,0,0,0,0,0,0,0,0,0,0,0,0,0,0,0,0,0,0,0,0,0,0,0,0,0,0,0,0,0,0,0,0,0,0,0,0,0,0,0,0,0,0,0,0,0,0,0,0,0,0,0,0,0,0,0,0,0,0,0,0,0,0,0,0,0,0,0,0,0,0,0,0,0,0,0,0,0,0,0,0,0,0,0,0,0,0,0,0,0,0,0,0,0,0,0,0,0,0,0,0,0,0,0,0,0,0,0,0,0,0,0,0,0,0,0,0,0,0,0,0,0,0,0,0,0,0,0,0,0,0,0,0,0,0,0,0,0,0,0,0,0,0,0,0,0,0,0,0,0,0,0,0,0,0,0,0,0,0,0,0,0,0,0,0,0,0,0,0,0,0,0,0,0,0,0,0,0,0,0,0,0,0,0,0,0,0,0,0,0,0,0,0,0,0,0,0,0,0,0,0,0,0,0,0,0,0,0,0,0,0,0,0,0,0,0,0,0,0,0,0,0,0,0,0,0,0,0,0,0,0,0,0,0,0,0,0,0,0,0,0
"2019-01-06","West Bengal","19","Murshidabad","319","Berhampore","2241","Total",11,18840,1385,0,118,868,0,752,156,0,0,0,624,59,0,0,0,689,704,12,0,0,0,2,636,667,621,660,109,647,667,621,660,0,0,0,0,0,0,0,59,0,0,206,0,0,0,0,0,0,0,0,0,0,0,356,396,389,282,685,2,0,0,0,0,0,0,0,0,0,0,0,0,0,0,0,61,158,239,239,0,0,0,0,10,0,0,0,0,0,0,0,0,144,86,0,0,0,48,50,0,0,0,0,0,37,28,0,0,2,0,0,0,138,0,0,99,0,0,59,0,0,4,45,0,3,0,2,14,2,0,1,3,0,305,0,0,0,0,1,0,86,0,83,0,0,0,0,0,481,14162,0,0,743,2764,0,6,14273,0,0,0,0,0,0,0,0,13,0,68,0,0,509,6,0,231,0,0,0,0,0,59,106,0,18,0,0,0,0,0,0,0,0,0,0,0,437,542,0,65,20,0,6,65,0,16,0,0,0,0,0,0,708,570,78,0,1050,761,0,0,826,0,791,804,47,452,3,0,778,78,809,0,0,1,21,0,0,0,0,0,0,118,118,158,158,0,0,0,789,0,0,0,0,2,9,107,0,104,0,0,0,0,0,0,0,0,0,0,0,66,0,0,0,0,0,0,0,0,4379,0,0,0,826,0,0,467,5
"2019-01-05","Maharashtra","27","Latur","481","Nilanga","4233","Public",9,20507,2996,0,80,377,0,407,429,0,0,0,385,187,0,0,0,445,411,11,0,0,0,11,355,506,433,463,323,385,506,433,461,0,0,0,0,346,144,94,205,0,0,17,0,0,0,0,0,2,1,0,0,0,0,187,205,322,284,279,0,0,1,0,0,1,1,1,1,0,48,3,46,0,0,2,543,54,236,236,0,6,0,0,5,0,0,0,4,3,0,0,107,718,147,2331,0,0,1097,313,37,4,30,0,0,118,114,0,0,0,0,0,3,353,0,6,0,14,17,20,1,1,2,36,0,11,4,1,27,4,2,0,2,0,64,0,0,34,34,0,0,0,45,16,0,0,0,0,0,350,3283,0,0,329,881,7,0,4614,0,0,0,0,0,0,2,0,9,0,19,0,279,1206,0,0,199,0,0,0,0,0,232,45,98,6,6584,33,9,0,166,0,0,0,0,0,0,197,195,0,220,24,204,0,230,0,35,5,3,0,3,152,5,480,526,18,0,393,362,5,0,392,0,243,236,187,380,7,7,331,0,343,0,0,0,0,0,0,2,89,0,0,80,80,54,54,0,0,0,378,31,32,0,0,4,345,162,2,276,7,0,504,6,0,346,0,0,0,30,29,0,14,17,0,0,0,0,0,0,2244,6,0,0,423,42,346,180,0
"2020-01-10","Rajasthan","8","Nagaur","110","Others","9999","Urban",1,22112,0,0,499,0,0,83,503,0,0,0,62,792,0,0,0,106,82,0,0,0,0,0,62,106,80,82,792,62,106,80,82,106,80,82,0,87,62,25,225,0,0,19,0,0,0,0,0,2,0,0,0,0,0,38,45,4,6,75,0,0,2,0,0,0,0,16,3,20,0,16,83,0,0,0,421,464,80,78,0,3,0,0,8,1,9,5,16,0,0,1,41,658,250,812,0,1,403,200,0,8,0,0,0,335,365,0,0,0,0,0,2,247,0,5,0,372,28,0,0,0,0,0,0,0,0,0,0,0,0,0,0,0,0,0,0,0,0,0,0,0,0,0,0,0,0,0,0,0,0,0,0,0,106,0,2,3115,0,0,0,0,0,0,0,5,7,0,12,0,372,392,0,0,23,0,0,0,0,0,699,19,12,3,1292,52,0,0,28,0,0,0,0,0,0,225,25,0,583,118,42,0,710,1,4,0,0,0,16,45,0,12,473,473,0,58,41,0,0,55,0,38,49,20,230,25,25,61,10,34,0,0,0,0,0,0,42,0,0,0,0,138,0,165,0,0,0,42,27,2,26,35,16,250,178,0,189,0,0,537,9,0,138,0,0,0,490,1023,64,372,28,11,23,11,0,0,0,126,149,0,0,58,19,177,5,1
"2019-01-09","Chhattisgarh","22","Korea","384","Baikunthpur","3232","Rural",12,15205,563,0,3,0,0,339,198,0,0,0,279,105,0,0,0,232,283,0,0,0,0,0,279,297,314,299,123,279,297,304,299,291,293,210,0,332,61,121,4,0,0,100,0,0,1,0,0,0,0,0,0,0,0,165,174,245,256,180,0,0,0,0,0,0,0,0,0,0,0,0,0,0,0,0,59,7,204,215,0,0,0,1,0,0,7,0,0,0,0,0,45,489,80,0,0,0,260,57,59,0,35,0,0,81,64,0,0,0,0,1,0,61,0,2,0,9,2,10,4,0,1,12,0,1,0,0,0,0,0,0,0,0,113,0,0,0,0,0,0,0,0,13,0,0,0,1,0,2,12,0,0,0,197,0,6,1453,0,0,0,0,0,0,0,0,2,0,4,0,36,1396,0,4,199,0,1,0,2,0,142,17,0,6,2005,0,0,0,36,0,0,0,0,0,0,133,133,0,145,10,142,4,145,0,4,0,0,0,0,26,1,179,293,20,0,273,273,0,0,212,0,290,251,69,164,0,0,255,0,296,0,0,1,0,0,2,0,38,0,0,3,3,7,7,0,0,0,279,14,0,0,0,2,348,191,8,294,1,0,93,2,0,0,0,0,0,0,69,2332,5,0,0,0,2,0,0,0,680,0,0,0,359,91,153,130,5
"2019-01-04","West Bengal","19","Medinipur East","317","Pataspur Ii","2478","Total",7,14330,583,0,98,179,0,179,39,0,0,0,362,27,0,0,0,223,263,0,0,0,0,0,247,220,247,265,29,294,220,247,265,0,0,0,0,174,24,104,27,0,0,6,0,0,0,8,0,0,0,0,0,0,0,85,94,47,29,270,0,0,0,0,0,0,0,0,0,0,2,0,2,0,0,0,31,150,84,84,0,0,0,0,0,0,0,0,5,0,0,0,23,84,9,148,0,0,48,5,25,0,0,0,0,10,17,0,0,0,1,2,0,46,0,0,0,2,4,0,1,0,2,0,0,3,0,4,2,0,0,0,0,0,92,0,0,0,0,1,0,3,0,0,0,0,0,0,0,8,7633,0,0,225,1415,0,0,4922,0,0,0,0,0,0,0,0,4,0,0,0,0,865,0,0,84,0,0,0,0,0,27,107,0,7,1548,0,0,0,0,0,0,0,0,0,0,75,132,0,27,0,80,0,27,0,3,0,0,0,0,0,0,309,309,0,0,210,139,0,0,112,0,308,222,1,212,0,0,208,0,208,0,0,1,1,0,0,0,0,0,0,20,98,33,150,0,0,0,307,0,0,0,0,3,54,114,0,68,0,0,468,0,0,1044,0,0,0,0,0,103,2,4,0,0,0,0,0,0,1314,0,0,0,309,0,0,138,0
"2020-01-01","Telangana","36","Warangal Rural","522","Warangal Rural","4706","Public",6,80999,2651,0,8,828,45,827,149,0,0,0,859,131,0,0,0,976,900,18,0,59,21,10,835,978,956,898,139,852,973,951,899,979,953,889,0,749,782,813,130,0,0,2,0,0,0,0,0,0,0,0,0,0,2,371,391,866,793,866,0,9,0,0,0,0,0,0,2,9,4,17,179,0,0,9,176,10,1168,1208,0,3,0,3,0,2,0,0,23,0,0,0,46,464,26,1053,0,0,348,40,63,2,0,0,0,68,59,0,0,0,1,0,1,229,0,2,5,94,83,19,21,6,5,272,0,13,0,22,9,9,0,2,16,0,730,0,0,0,0,0,0,0,0,5,0,0,0,0,0,0,685,0,0,775,932,0,0,9019,0,0,0,0,0,1,8,0,2,0,0,0,0,1239,0,0,1028,0,0,0,2,0,248,0,23,5,5320,0,20,0,5,0,0,0,0,0,0,440,417,0,147,15,411,7,150,0,23,0,0,0,38,1,0,916,240,37,0,747,702,2,0,142,0,846,859,73,80,10,0,306,0,381,0,0,0,2,0,0,12,43,0,0,10,0,12,0,0,0,5,777,640,19,0,0,14,438,4858,31,7750,13,0,656,4,0,1122,0,0,0,0,249,248,65,65,0,0,0,0,0,0,774,64,0,0,1528,23,85,114,9
"2019-01-08","Odisha","21","Malkangiri","364","Dist Level Facility","3220","Rural",9,11210,0,210,0,62,0,60,357,0,0,0,63,324,0,0,0,50,43,3,0,0,0,1,62,50,39,43,356,63,50,39,43,50,39,43,0,60,406,479,337,1,0,17,3,0,0,0,0,11,0,0,0,0,0,21,39,11,13,35,0,0,27,0,0,0,0,2,1,4,1,21,35,0,0,2,130,0,20,20,2,10,1,0,0,1,0,0,14,15,31,0,19,979,438,6486,1,12,632,452,298,12,0,0,0,157,182,15,0,0,14,0,2,151,1,30,0,2,2,0,1,2,0,10,0,6,0,2,8,6,0,2,2,1,0,0,0,0,0,0,0,24,108,0,0,0,0,3,0,2292,0,13,8,62,996,36,0,1690,0,0,0,0,0,0,11,13,10,0,0,0,8,3294,0,0,6,0,0,0,0,2,343,6,0,15,25464,0,429,0,8,0,0,0,0,0,0,40,40,4,305,95,0,0,339,0,10,0,9,1,30,62,37,65,200,200,0,46,47,14,0,45,0,57,33,3,36,11,27,45,0,45,0,0,0,1,0,9,15,107,0,0,0,0,0,0,0,0,0,61,131,8,30,27,0,428,202,0,140,0,0,546,0,64,1148,0,0,0,336,846,160,2,2,37,26,13,3,0,0,1191,91,0,358,68,0,132,44,0
"2019-01-08","Maharashtra","27","Beed","470","Patoda","4216","Private",0,0,0,0,0,0,0,0,0,0,0,0,0,0,0,0,0,0,0,0,0,0,0,0,0,0,0,0,0,0,0,0,0,0,0,0,0,0,0,0,0,0,0,0,0,0,0,0,0,0,0,0,0,0,0,0,0,0,0,0,0,0,0,0,0,0,0,0,0,0,0,0,0,0,0,0,0,0,0,0,0,0,0,0,0,0,0,0,0,0,0,0,0,0,0,0,0,0,0,0,0,0,0,0,0,0,0,0,0,0,0,0,0,0,0,0,0,0,0,0,0,0,0,0,0,0,0,0,0,0,0,0,0,0,0,0,0,0,0,0,0,0,0,0,0,0,0,0,0,0,0,0,0,0,0,0,0,0,0,0,0,0,0,0,0,0,0,0,0,0,0,0,0,0,0,0,0,0,0,0,0,0,0,0,0,0,0,0,0,0,0,0,0,0,0,0,0,0,0,0,0,0,0,0,0,0,0,0,0,0,0,0,0,0,0,0,0,0,0,0,0,0,0,0,0,0,0,0,0,0,0,0,0,0,0,0,0,0,0,0,0,0,0,0,0,0,0,0,0,0,0,0,0,0,0,0,0,0,0,0,0,0,0,0,0,0,0,0,0,0,0,0,0,0,0,0,0,0,0,0,0,0,0,0,0,0
"2019-01-08","West Bengal","19","Bankura","305","Bishnupur","2369","Public",0,23976,0,0,57,225,0,231,30,0,0,0,296,27,0,0,0,209,207,3,0,0,0,3,202,192,170,194,36,214,200,172,200,0,0,0,0,38,13,0,27,0,0,48,0,0,0,0,0,0,0,0,0,0,0,115,116,147,153,352,0,0,0,0,0,0,0,0,0,0,13,20,15,0,0,0,1,234,89,89,0,0,0,0,8,0,4,0,12,0,1,0,90,200,64,976,0,0,136,30,0,0,1,0,0,11,19,0,0,1,0,0,0,1,0,0,2,7,0,1,0,0,1,23,0,7,0,3,9,2,0,4,0,0,83,0,0,0,0,2,0,1,14,9,0,0,0,0,0,135,6633,0,0,178,743,0,1,6954,0,0,0,0,0,0,0,0,20,0,35,0,0,741,2,0,84,0,0,0,2,0,29,44,68,2,4217,0,18,0,0,0,0,0,0,0,0,85,151,0,29,9,88,1,30,0,22,0,0,0,0,0,0,322,196,0,0,212,167,0,0,167,0,189,186,12,76,0,0,199,362,250,4,0,1,15,0,0,0,68,0,0,26,57,193,234,0,0,1,179,0,0,0,0,0,102,105,0,1408,0,0,731,0,0,831,0,0,0,0,0,1472,7,0,0,0,2,0,0,0,3480,0,0,0,194,0,0,194,2
"2019-01-03","Rajasthan","8","Ganganagar","100","Padampur","460","Rural",24,41796,601,0,231,0,0,120,104,0,0,0,145,40,0,0,0,151,170,0,1,0,0,0,132,153,165,186,43,145,153,165,186,154,169,184,13,121,92,43,58,0,0,42,1,0,0,0,0,4,1,0,0,1,0,55,65,86,74,110,0,0,0,0,0,0,0,1,0,0,5,0,28,0,0,0,221,252,141,149,0,0,0,0,13,5,6,2,9,0,0,0,29,414,116,400,1,0,189,110,7,1,3,0,0,52,27,0,0,0,0,0,1,248,0,0,3,36,3,1,1,0,1,10,0,2,0,5,4,0,0,1,1,0,0,0,0,2,2,0,0,0,4,11,0,0,0,1,0,27,4899,0,0,0,717,1,0,10810,0,0,0,0,0,0,0,0,27,0,14,0,9,1615,0,0,116,0,0,0,0,0,79,18,0,38,10034,14,1,0,5,0,0,0,0,0,0,89,27,0,78,5,9,0,77,1,26,0,0,0,0,41,3,131,178,148,0,188,158,0,0,155,0,115,157,40,253,13,27,123,56,94,1,13,0,0,0,0,2,21,0,0,220,219,233,239,0,0,2,128,30,2,0,0,33,439,579,2,714,36,0,1078,0,0,179,0,0,0,0,134,0,36,3,0,0,1,0,0,0,1872,0,0,0,148,2,233,3,1
"2019-01-02","Andhra Pradesh","28","Guntur","506","Nizampatnam","5094","Urban",0,0,0,0,0,0,0,0,0,0,0,0,0,0,0,0,0,0,0,0,0,0,0,0,0,0,0,0,0,0,0,0,0,0,0,0,0,0,0,0,0,0,0,0,0,0,0,0,0,0,0,0,0,0,0,0,0,0,0,0,0,0,0,0,0,0,0,0,0,0,0,0,0,0,0,0,0,0,0,0,0,0,0,0,0,0,0,0,0,0,0,0,0,0,0,0,0,0,0,0,0,0,0,0,0,0,0,0,0,0,0,0,0,0,0,0,0,0,0,0,0,0,0,0,0,0,0,0,0,0,0,0,0,0,0,0,0,0,0,0,0,0,0,0,0,0,0,0,0,0,0,0,0,0,0,0,0,0,0,0,0,0,0,0,0,0,0,0,0,0,0,0,0,0,0,0,0,0,0,0,0,0,0,0,0,0,0,0,0,0,0,0,0,0,0,0,0,0,0,0,0,0,0,0,0,0,0,0,0,0,0,0,0,0,0,0,0,0,0,0,0,0,0,0,0,0,0,0,0,0,0,0,0,0,0,0,0,0,0,0,0,0,0,0,0,0,0,0,0,0,0,0,0,0,0,0,0,0,0,0,0,0,0,0,0,0,0,0,0,0,0,0,0,0,0,0,0,0,0,0,0,0,0,0,0,0
"2019-01-10","Odisha","21","Jharsuguda","357","Dist Level Facility","2776","Public",19,25138,0,100,0,0,0,204,298,0,0,0,129,245,0,0,0,150,135,0,0,0,0,0,128,150,140,135,297,132,150,140,135,150,140,135,0,204,0,0,258,0,0,18,18,0,0,0,0,12,3,0,0,0,0,96,108,70,144,114,0,0,0,0,0,3,0,4,1,18,49,18,61,0,0,0,190,0,43,43,0,0,0,1,2,0,0,0,107,9,15,3,73,792,464,4196,0,4,525,308,0,0,0,0,0,125,134,0,2,0,2,0,1,198,0,1,6,101,77,0,3,0,1,19,0,8,0,1,6,1,0,2,1,1,80,0,0,601,601,0,0,13,49,38,0,0,0,2,0,0,5431,25,24,0,483,40,0,503,0,0,0,0,0,0,24,2,10,1,3,0,101,1947,1,0,43,0,0,0,0,0,261,2,0,27,11594,1,0,0,77,0,0,0,0,0,0,0,40,21,249,51,115,0,259,0,78,1,4,0,14,48,45,103,239,239,0,58,0,9,0,77,0,94,82,20,113,9,9,88,0,88,0,0,1,0,0,0,0,102,0,0,0,0,0,0,1,1,2,111,156,114,7,14,62,271,330,0,705,40,0,876,0,59,3896,0,0,0,221,827,107,101,77,18,18,6,0,0,0,936,40,0,601,143,56,491,113,1
"2020-01-06","Madhya Pradesh","23","Barwani","393","Pati","3555","Public",0,5599,0,0,49,0,0,611,454,0,0,0,494,214,0,0,0,554,446,0,0,0,0,0,493,554,572,446,214,494,554,572,446,554,572,446,0,611,0,0,214,0,0,44,25,0,0,0,0,0,0,0,0,0,0,295,316,80,69,275,0,0,0,0,0,0,0,0,0,0,0,0,0,0,0,0,0,63,339,339,0,2,0,3,16,0,3,2,0,0,0,0,0,327,13,761,0,0,214,10,0,0,0,0,0,214,237,0,0,0,0,0,0,13,0,12,0,0,0,0,0,0,2,1,0,0,0,0,0,0,0,0,0,0,181,0,0,0,0,0,0,0,0,13,0,0,0,1,1,13,1979,16,11,0,434,0,0,984,0,0,0,0,0,0,0,0,3,0,0,0,0,949,228,9,339,0,1,0,2,4,221,1,0,0,1083,0,0,0,0,0,0,0,0,0,0,458,458,0,451,45,0,228,451,0,13,0,0,0,0,23,1,470,212,0,0,460,459,0,0,541,0,472,449,193,649,22,14,322,0,381,0,0,0,40,0,0,0,0,0,0,49,49,63,63,0,0,0,401,32,3,0,0,0,32,11,1,8,0,0,23,0,0,0,0,0,0,0,0,946,0,0,0,0,7,0,0,0,64,0,0,0,719,0,0,237,237
"2019-01-06","Jammu And Kashmir","1","Reasi","627","Reasi","77","Rural",1,2844,192,0,0,0,0,116,85,0,0,0,113,62,0,0,0,103,132,0,0,0,0,0,113,103,112,132,82,113,103,112,132,0,0,0,0,117,71,41,43,0,0,15,0,0,0,0,0,0,0,0,0,0,0,52,64,79,52,93,0,0,0,0,0,0,0,0,0,0,0,0,0,0,0,0,0,0,20,20,0,0,0,0,0,0,0,0,0,0,0,0,0,0,0,0,0,0,6,0,0,0,0,0,0,33,50,0,0,0,0,0,0,0,0,0,0,0,0,0,0,0,0,0,0,0,0,0,0,0,0,0,0,0,51,0,0,0,0,0,0,45,0,7,0,0,0,0,0,14,0,0,0,0,613,0,0,2198,0,0,0,0,0,0,0,0,0,0,18,0,0,141,24,0,20,0,0,0,0,0,62,25,0,1,5,0,0,0,0,0,0,0,0,0,0,82,82,0,79,0,64,12,79,0,0,0,0,0,0,1,0,94,0,0,0,85,86,0,0,39,0,62,53,36,90,1,0,83,0,97,0,0,0,0,0,0,0,8,0,0,0,0,0,0,0,0,0,97,1,66,0,0,0,62,16,2,67,0,0,23,1,0,0,0,0,0,0,0,0,0,0,0,0,3,0,0,0,1020,0,0,0,97,0,0,62,24
"2021-01-04","Odisha","21","Kendrapara","360","Others","9999","Private",0,0,0,0,0,0,0,0,0,0,0,0,0,0,0,0,0,0,0,0,0,0,0,0,0,0,0,0,0,0,0,0,0,0,0,0,0,0,0,0,0,0,0,0,0,0,0,0,0,0,0,0,0,0,0,0,0,0,0,0,0,0,0,0,0,0,0,0,0,0,0,0,0,0,0,0,0,0,0,0,0,0,0,0,0,0,0,0,0,0,0,0,0,0,0,0,0,0,0,0,0,0,0,0,0,0,0,0,0,0,0,0,0,0,0,0,0,0,0,0,0,0,0,0,0,0,0,0,0,0,0,0,0,0,0,0,0,0,0,0,0,0,0,0,0,0,0,0,0,0,0,0,0,0,0,0,0,0,0,0,0,0,0,0,0,0,0,0,0,0,0,0,0,0,0,0,0,0,0,0,0,0,0,0,0,0,0,0,0,0,0,0,0,0,0,0,0,0,0,0,0,0,0,0,0,0,0,0,0,0,0,0,0,0,0,0,0,0,0,0,0,0,0,0,0,0,0,0,0,0,0,0,0,0,0,0,0,0,0,0,0,0,0,0,0,0,0,0,0,0,0,0,0,0,0,0,0,0,0,0,0,0,0,0,0,0,0,0,0,0,0,0,0,0,0,0,0,0,0,0,0,0,0,0,0,0
"2019-01-09","Arunachal Pradesh","12","West Kameng","242","Bomdila Nafra","1568","Public",0,2171,52,0,0,0,0,25,24,0,0,0,22,29,0,0,0,17,12,0,0,0,0,0,22,21,12,17,29,22,21,12,17,22,25,8,0,4,5,1,0,0,0,18,0,0,0,0,0,0,0,0,0,0,2,11,14,1,0,2,0,0,0,0,0,0,0,0,0,0,0,0,2,0,0,0,40,0,10,10,0,0,0,1,0,0,1,0,10,0,2,0,0,62,7,80,0,0,21,1,0,0,5,0,0,13,24,0,0,0,0,0,0,33,0,3,0,0,0,0,0,0,0,0,0,0,0,0,0,0,0,0,0,0,10,0,0,0,0,0,0,0,0,0,0,0,0,0,0,4,0,0,0,0,52,0,0,125,0,0,0,0,0,0,0,0,9,0,7,0,40,166,0,0,10,0,0,0,0,0,39,13,0,7,0,0,0,0,33,0,0,0,0,0,0,0,0,0,37,3,0,0,37,0,11,0,0,0,0,11,0,6,55,39,0,52,52,0,0,0,0,46,19,0,6,0,0,7,0,0,0,0,2,0,0,0,0,3,0,0,0,0,0,0,0,0,0,48,0,39,0,0,0,60,1,0,4,0,0,2,0,0,0,0,0,0,62,186,497,0,0,1,0,2,0,0,0,497,0,0,0,52,7,108,37,37
"2019-01-08","Jharkhand","20","Garhwa","328","Dhurki","2504","Rural",3,1891,611,0,0,127,48,98,104,0,0,0,154,57,0,0,0,164,171,4,0,18,28,4,99,158,193,187,109,143,172,188,189,165,185,164,0,390,1376,1946,78,0,0,8,0,0,0,0,0,0,0,0,0,0,0,72,59,36,45,41,0,0,0,0,0,0,0,0,0,0,0,0,0,0,0,0,0,0,90,95,0,0,0,0,0,0,0,0,0,0,0,0,0,0,8,0,0,0,29,59,0,0,0,0,0,71,74,0,0,0,0,0,0,0,0,0,0,0,0,0,0,0,0,1,0,0,0,0,0,0,0,0,0,0,67,0,0,0,0,0,0,0,0,0,0,0,0,0,0,0,300,0,0,119,16,0,0,219,0,0,0,0,0,0,8,0,0,0,21,0,0,144,15,0,89,0,0,0,2,0,127,1,0,0,0,0,0,0,0,0,0,0,0,0,0,84,99,0,127,6,100,27,129,0,0,0,0,0,0,0,25,104,54,0,0,296,141,0,0,0,3,186,168,22,75,0,0,164,0,102,0,0,0,5,0,0,0,0,0,0,0,0,0,0,0,0,0,121,0,117,0,0,0,3,0,0,2,0,0,1,0,0,0,0,0,0,0,0,0,0,0,0,0,1,0,0,0,0,0,0,0,303,0,0,51,70
"2020-01-12","Rajasthan","8","Barmer","90","Barmer","582","Public",182,295735,3508,82,1105,0,0,5648,8603,0,0,0,6179,4724,0,0,0,6505,5690,0,0,0,0,347,5939,7372,6775,6523,4805,6186,7413,6782,6503,7488,6724,6481,106,5209,5119,3600,4575,2,42,810,0,0,17,0,0,211,21,1,0,6,160,2787,2828,2523,2204,3465,6,0,40,0,0,0,240,15,2,2,0,29,101,1,0,6,2617,1327,3700,3880,3,53,1,15,911,669,675,538,792,37,89,0,165,8146,1322,20833,0,3,3501,1359,381,7,0,0,0,3819,3961,123,0,0,0,0,10,1706,4,50,13,287,85,499,4,0,8,43,0,12,0,4,139,0,2,5,1,0,105,0,0,2,2,25,0,40,309,1356,0,0,0,13,1,3956,14930,2,2,0,20981,117,45,172534,0,0,0,0,0,0,5,37,52,1,685,0,1141,25992,199,82,2675,0,1,0,27,0,7568,488,157,284,182647,2860,301,0,145,0,3,0,0,1,0,4155,2543,0,7002,697,1483,152,7484,9,240,3,15,0,102,1117,112,4554,4161,2115,2,6811,3977,54,0,3404,35,3407,3193,3334,3742,86,19,4766,237,3458,0,124,20,120,6,35,489,557,0,14,582,595,786,720,0,0,11,4540,1175,616,68,138,29,5987,3150,8,4424,106,5,2963,14,0,151,0,0,0,4956,9879,3049,268,77,119,194,128,0,0,0,5803,476,0,375,7075,44,2304,390,164
"2020-01-09","Andhra Pradesh","28","Srikakulam","519","Ranastalam","4805","Public",0,5499,266,0,0,0,0,97,148,0,0,0,100,21,0,0,0,118,125,0,0,0,0,0,100,118,127,125,4,100,118,127,125,118,127,125,0,116,92,104,0,0,0,0,0,0,0,0,0,0,0,0,0,0,0,56,60,92,105,114,0,0,0,0,0,0,0,0,0,0,0,0,0,0,0,0,12,0,66,66,0,0,0,0,0,0,0,0,0,0,0,0,0,115,0,0,0,0,98,0,0,0,0,0,0,8,11,0,0,0,0,0,0,0,0,0,0,0,0,0,0,0,0,30,0,0,0,0,0,0,0,0,0,0,174,0,0,0,0,0,0,0,0,0,0,0,0,0,0,0,1000,0,0,0,512,0,0,4488,0,0,0,0,0,0,0,0,0,0,0,0,0,252,0,0,66,0,0,0,0,0,19,0,0,0,126,0,0,0,0,0,0,0,0,0,0,79,79,0,2,0,61,0,2,0,0,0,0,0,0,0,0,191,6,0,0,113,113,0,0,112,0,127,143,1,99,0,0,62,0,147,0,0,0,0,0,0,0,0,0,0,0,0,0,0,0,0,0,119,0,2,0,0,0,0,67,0,58,0,0,0,0,0,0,0,0,0,0,0,0,0,0,0,0,0,0,0,0,256,0,0,0,119,0,0,61,0
"2019-01-08","Uttar Pradesh","9","Bhadohi","179","Dhq","997","Rural",0,37163,3068,13,0,0,67,67,123,65,0,0,53,128,0,0,0,77,70,0,0,28,53,67,53,77,82,70,128,53,77,82,70,77,82,70,8,33,8,5,120,0,1,506,15,0,0,0,0,2,3,0,0,4,106,34,33,7,0,14,0,1,0,0,0,0,0,2,3,2,0,2,18,0,0,2,98,0,8,8,0,0,0,0,15,15,6,1,35,0,2,0,98,925,113,1091,53,9,506,103,33,4,36,0,0,133,140,21,0,6,0,13,5,162,0,1,1,4,1,23,0,0,0,0,0,0,0,0,0,0,0,0,0,0,0,0,0,38,38,0,0,0,2,40,0,0,0,0,0,0,0,15,7,0,80,0,7,540,0,0,0,0,0,0,2,0,23,0,35,0,6,10880,0,0,0,0,0,0,0,0,274,10,1,5,41721,0,70,0,8,0,0,0,0,0,0,0,0,0,255,14,0,0,275,0,35,0,5,0,0,8,9,166,404,404,0,80,76,0,0,65,0,142,84,28,136,13,0,435,0,436,0,0,0,0,0,0,34,38,0,0,0,0,0,0,0,0,0,276,92,204,0,0,2,366,81,4,112,3,0,389,0,0,1552,0,0,0,0,405,553,0,0,0,0,0,0,0,0,1629,4,0,38,1210,368,2263,182,0
"2020-01-02","Jharkhand","20","Giridih","329","Gawan","2532","Total",0,1606,0,0,0,183,0,183,385,0,0,0,202,182,0,0,0,380,279,0,0,0,0,0,202,380,291,279,182,202,380,291,279,380,291,279,0,158,63,60,182,0,0,0,0,0,0,0,0,0,0,0,0,0,0,84,99,37,31,115,0,0,0,0,0,0,0,0,0,0,0,0,0,0,0,0,0,0,131,140,0,0,0,0,26,160,2,1,0,0,0,0,0,11,8,89,0,0,12,27,0,0,0,0,0,92,92,0,0,4,0,0,0,0,0,0,0,0,0,0,0,0,0,0,0,0,0,0,0,0,0,0,0,0,127,0,0,0,0,0,0,0,0,206,0,0,0,0,0,2012,253,0,0,176,1270,0,0,3482,0,0,0,0,0,0,0,0,2,0,235,0,0,196,0,0,121,0,0,0,0,0,188,80,175,0,5,0,0,0,0,0,0,0,0,0,0,188,188,0,184,30,12,14,184,0,4,0,0,0,0,76,0,140,196,29,0,196,193,0,0,123,0,196,176,48,51,0,0,163,0,164,0,167,0,0,0,0,18,22,0,0,0,0,0,0,0,0,0,132,0,188,0,0,0,0,0,0,0,0,0,0,0,0,0,0,0,0,0,0,95,0,0,0,0,5,0,0,0,638,0,0,0,196,0,0,188,0
"2019-01-04","Himachal Pradesh","2","Kinnaur","19","Others","9999","Public",0,5831,0,0,4,0,0,17,24,0,0,0,18,22,0,0,0,18,23,0,0,0,0,0,18,18,20,23,22,18,18,20,23,18,20,23,0,17,0,0,24,0,0,0,0,0,0,0,0,0,0,0,0,0,0,9,8,0,0,0,0,0,1,0,0,0,0,1,3,0,0,0,55,0,0,0,17,6,4,4,0,0,0,1,3,5,4,3,5,1,2,0,2,68,19,382,0,0,30,18,6,2,0,0,0,10,15,0,0,0,0,0,0,89,0,18,0,14,11,0,0,0,0,0,0,0,0,0,0,0,0,0,0,0,0,0,0,0,0,0,0,0,8,0,0,0,0,0,0,0,144,0,0,0,44,0,0,1026,0,0,0,0,0,0,1,0,3,0,0,0,14,363,1,0,4,0,0,0,0,0,24,6,0,2,2655,0,0,0,80,0,0,0,0,0,0,25,24,0,25,5,0,0,25,2,6,0,0,0,0,11,4,89,73,21,0,17,17,0,0,12,0,17,8,3,13,0,0,16,3,16,0,0,0,0,0,17,1,98,0,1,4,4,6,6,0,0,0,15,4,4,0,0,0,68,22,0,45,0,0,1027,0,0,342,0,0,0,0,570,0,14,11,0,0,0,0,0,0,0,3,0,8,24,1,41,8,1
"2019-01-02","Chhattisgarh","22","Raipur","387","Arang","3330","Rural",23,18885,297,0,156,0,0,521,497,0,0,0,530,333,0,0,0,560,503,0,0,0,0,36,529,576,552,509,497,530,576,552,509,511,479,426,0,521,2677,3382,127,0,0,19,0,0,0,0,0,0,0,0,0,0,0,270,251,126,55,435,0,0,0,0,0,0,0,0,2,0,0,1,125,0,0,0,412,321,323,323,0,0,0,0,28,0,9,4,3,0,0,0,46,788,107,78,0,0,386,112,45,0,14,0,0,133,152,0,0,0,0,0,1,98,0,11,7,25,16,10,2,0,0,18,0,0,0,3,1,0,0,0,2,0,177,0,0,0,0,0,0,1,10,12,0,0,0,1,0,16761,17748,0,0,0,656,0,3,5132,0,0,0,0,0,0,0,0,10,0,0,3,23,2438,0,0,282,0,0,0,2,1,286,47,328,27,5120,0,0,1,19,0,0,0,0,0,0,246,283,0,285,21,217,0,285,11,59,0,3,0,0,45,25,202,442,295,0,488,142,20,0,458,0,308,385,63,378,9,9,488,0,488,0,0,2,47,0,5,0,0,0,0,156,156,321,321,0,0,7,391,44,121,0,0,0,448,850,2,968,35,0,725,2,0,1127,0,0,0,0,100,277,25,16,0,0,1,0,0,0,1054,0,0,0,442,208,431,121,0
"2020-01-11","Haryana","6","Jind","65","Jind","383","Total",54,138250,8048,0,952,0,0,2527,3464,0,0,0,1840,1320,0,0,0,2570,2023,0,0,0,0,0,1838,2840,2890,2245,2899,1805,2804,2902,2301,2596,2659,2059,0,2036,1008,1196,1597,2,4,67,13,0,0,0,0,18,22,2,0,1,22,1240,1317,948,779,1405,0,0,2,0,0,8,0,0,2,0,0,0,26,0,0,4,484,927,1472,1514,1,25,1,9,55,50,42,17,21,0,1,3,13,1959,620,7391,0,0,466,631,27,0,0,0,0,1542,1690,28,0,0,0,0,23,485,2,175,103,742,107,0,16,0,33,640,1,59,0,15,30,2,4,3,15,10,524,0,0,400,400,0,0,16,187,851,0,0,0,7,0,815,46881,1,2,0,4196,29,19,52327,0,0,0,0,0,0,3,1,41,0,287,0,339,10857,14,5,1146,0,0,0,12,2,3222,620,81,216,63365,0,251,0,77,0,0,0,0,4,0,1384,854,0,3186,198,1397,7,3231,0,69,0,9,2,19,577,73,2142,1528,1372,0,2617,2422,12,0,1511,2,1297,1302,637,1993,392,182,2214,745,1764,6,0,1,16,0,0,29,94,0,1,360,952,452,927,0,0,65,1530,981,2869,13,22,206,1575,2258,18,1891,33,0,2143,82,0,886,0,0,0,386,6234,0,724,103,11,16,18,57,0,0,10697,97,0,400,1858,50,715,2087,19
"2020-01-08","Odisha","21","Bhadrak","348","Tihidi","2917","Rural",11,19580,2784,0,0,315,0,315,115,0,0,0,240,114,0,0,0,241,253,0,0,0,0,0,243,239,243,260,114,240,239,243,258,239,244,253,0,315,2859,2729,114,0,0,0,5,0,0,0,0,0,0,0,0,0,0,154,161,173,166,343,0,0,0,0,0,0,0,1,2,9,0,9,72,0,0,0,10,11,94,94,0,1,0,0,0,0,0,0,2,0,2,0,104,425,83,240,0,1,157,89,0,0,0,0,0,55,62,0,0,0,0,0,0,131,0,0,1,0,0,0,3,0,0,101,0,1,0,1,5,0,0,0,1,0,178,0,0,0,0,0,0,5,2,26,0,0,0,1,0,38,1097,0,0,241,728,0,0,1278,0,0,0,0,0,0,0,0,9,0,57,0,0,1415,0,2,94,0,0,0,1,0,113,43,0,33,1859,0,16,0,0,0,0,0,0,0,0,195,154,0,117,34,198,1,117,0,4,0,0,0,0,31,0,271,250,204,0,238,220,0,0,219,0,261,249,35,120,1,0,239,0,239,0,0,1,7,0,0,0,466,0,0,0,0,0,11,0,0,1,262,0,113,0,0,0,361,296,0,364,0,0,374,0,0,93,0,0,0,0,284,2027,0,0,0,0,2,0,0,0,0,0,0,0,289,0,121,218,2
"2020-01-06","Jharkhand","20","Hazaribagh","332","Others","9999","Public",60,39512,1960,1588,382,5856,212,6103,5700,0,1,0,6217,1180,0,0,0,6883,4162,601,0,253,0,566,6172,6874,5283,4152,3668,6217,6930,5283,4165,6933,5237,4043,114,5315,1016,379,2832,0,8,118,104,4,32,1,0,26,4,0,0,24,8,2952,3392,1608,1801,2995,8,0,62,0,0,0,0,8,37,4,48,40,753,0,0,14,647,709,2355,2436,0,12,0,7,454,19,289,173,110,0,0,0,286,2563,210,8300,0,192,1808,438,642,22,146,0,0,1487,1769,0,8,22,0,0,34,1316,0,6,84,94,48,21,2,0,4,18,0,5,2,0,0,1,1,1,5,0,1412,0,0,0,0,1,0,7,42,1862,0,0,0,2,2,415,840,0,0,5315,8643,38,264,60158,0,0,0,0,0,0,16,6,174,12,2473,0,186,6947,3,11,2227,0,0,0,1,0,3272,226,6,113,7142,0,105,0,63,0,3,0,0,2,0,3198,3205,0,3248,284,2036,14,3239,0,155,0,5,0,84,443,72,6583,6072,2077,1,6690,6107,81,0,2072,1,5271,3627,1376,3265,42,35,4873,182,5396,0,1693,4,82,1,0,0,136,0,0,181,479,271,772,0,0,81,4769,993,2638,12,38,44,1026,1384,11,1309,179,4,293,43,152,2259,0,0,0,1118,1224,6016,94,48,34,48,39,180,0,0,3363,268,0,1782,7039,154,582,2992,526
"2020-01-09","Maharashtra","27","Kolhapur","480","Hatkanangle","4285","Urban",0,7772,0,0,0,0,0,508,374,0,0,0,475,127,0,0,0,498,485,0,0,0,0,0,475,498,471,485,374,475,498,471,485,458,426,371,0,0,0,0,0,0,0,0,0,0,0,0,0,0,0,0,0,0,0,244,264,141,141,421,0,0,0,0,0,0,0,0,0,0,0,0,0,0,0,2,125,0,118,118,0,0,0,0,0,0,0,0,696,45,79,0,0,256,1,5022,0,0,436,3,0,0,0,0,0,0,1,0,0,0,0,0,3,214,0,0,0,4,0,0,0,0,0,0,0,0,0,0,0,0,0,143,0,0,50,0,0,0,0,0,0,0,0,6,0,0,0,0,0,0,6635,0,0,0,195,0,0,204,0,0,0,0,0,0,19,0,12,0,0,0,0,1117,0,1,109,0,0,0,1,0,0,48,0,14,5691,0,8,0,0,0,0,0,0,0,0,413,413,0,1,0,0,1,1,0,7,0,0,0,0,0,0,195,364,292,0,480,480,0,0,319,0,261,326,118,312,4,4,480,203,405,0,0,0,0,0,0,0,0,0,0,0,0,0,0,0,0,0,455,27,0,0,0,0,3,247,0,328,0,0,0,0,0,508,0,0,0,0,691,5,4,0,0,0,0,0,0,0,83,0,0,0,480,3,11,368,1
"2020-01-09","Maharashtra","27","Solapur","496","Mohol","4248","Urban",0,0,0,0,0,0,0,0,0,0,0,0,0,0,0,0,0,0,0,0,0,0,0,0,0,0,0,0,0,0,0,0,0,0,0,0,0,0,0,0,0,0,0,0,0,0,0,0,0,0,0,0,0,0,0,0,0,0,0,0,0,0,0,0,0,0,0,0,0,0,0,0,0,0,0,0,0,0,0,0,0,0,0,0,0,0,0,0,0,0,0,0,0,0,0,0,0,0,0,0,0,0,0,0,0,0,0,0,0,0,0,0,0,0,0,0,0,0,0,0,0,0,0,0,0,0,0,0,0,0,0,0,0,0,0,0,0,0,0,0,0,0,0,0,0,0,0,0,0,0,0,0,0,0,0,0,0,0,0,0,0,0,0,0,0,0,0,0,0,0,0,0,0,0,0,0,0,0,0,0,0,0,0,0,0,0,0,0,0,0,0,0,0,0,0,0,0,0,0,0,0,0,0,0,0,0,0,0,0,0,0,0,0,0,0,0,0,0,0,0,0,0,0,0,0,0,0,0,0,0,0,0,0,0,0,0,0,0,0,0,0,0,0,0,0,0,0,0,0,0,0,0,0,0,0,0,0,0,0,0,0,0,0,0,0,0,0,0,0,0,0,0,0,0,0,0,0,0,0,0,0,0,0,0,0,0
"2021-01-04","Andhra Pradesh","28","Spsr Nellore","515","Atmakur","5164","Urban",0,8394,0,0,9,38,0,38,169,0,0,0,30,169,0,0,0,24,25,0,0,0,0,0,30,24,23,25,169,30,24,23,25,24,23,25,0,18,14,12,169,0,0,10,2,0,0,0,0,0,0,0,0,0,0,21,17,12,10,32,0,0,0,0,0,0,0,2,1,6,1,0,63,0,0,0,46,11,8,8,0,0,0,0,0,0,0,0,28,2,2,0,16,354,75,2213,0,0,255,70,0,0,5,0,0,65,104,16,0,0,0,0,0,39,2,2,20,0,0,0,1,0,0,0,0,0,0,0,1,0,0,2,0,0,36,0,0,33,33,0,0,0,0,0,0,0,0,0,0,0,2013,0,0,30,150,10,0,1107,0,0,0,0,0,0,4,0,0,0,0,0,0,1372,0,0,8,0,0,0,0,0,169,15,0,1,7557,0,74,0,0,0,0,0,0,0,0,11,11,0,165,14,36,0,169,0,0,0,0,0,39,0,6,113,129,0,0,37,37,6,0,61,0,66,31,0,16,0,0,92,0,55,0,0,0,0,0,0,69,475,0,0,0,9,0,11,0,0,12,51,14,0,0,0,5,120,363,0,259,250,0,524,20,0,389,0,0,0,357,476,50,0,0,0,0,0,0,0,0,65,53,0,63,51,5,30,11,0
"2020-01-08","West Bengal","19","Bankura","305","Saltora","2356","Rural",7,11494,364,0,107,197,0,197,83,0,0,0,173,70,0,0,0,228,220,0,0,0,0,0,171,227,196,220,79,171,227,196,220,227,196,221,0,197,0,0,70,0,0,2,0,0,0,0,0,0,0,0,0,0,0,94,103,148,76,202,0,0,0,0,0,0,0,0,2,1,0,9,18,0,0,0,0,158,73,73,1,0,0,0,306,27,59,37,0,0,0,0,12,29,18,248,0,0,34,22,0,0,0,0,0,33,38,0,0,0,1,0,0,0,0,0,0,0,0,0,1,1,0,36,0,2,0,0,2,4,0,0,1,0,44,0,0,0,0,0,0,5,8,8,0,0,0,0,0,28,4885,0,0,171,2355,0,0,7723,0,0,0,0,0,0,0,0,17,0,0,0,0,695,0,0,73,0,0,0,0,0,71,112,0,8,1898,0,4,0,0,0,0,0,0,0,0,167,165,0,71,8,120,0,71,0,5,0,0,0,0,66,8,283,162,0,0,179,179,0,0,183,0,155,157,11,45,0,0,149,161,149,0,160,0,0,0,0,0,0,0,0,74,107,85,158,0,0,0,154,0,0,0,0,0,0,31,0,52,0,0,172,0,0,279,0,0,0,0,0,1135,0,0,0,0,0,0,0,0,0,0,0,0,161,0,0,71,0
"2019-01-06","West Bengal","19","24 Paraganas South","304","Mathurapur  Ii Block","2436","Public",11,24527,0,0,171,335,0,295,219,0,0,0,401,172,0,0,0,283,336,5,0,3,0,0,343,279,313,354,201,346,282,305,347,0,0,0,0,179,153,120,172,0,0,116,0,0,0,0,0,0,0,0,0,0,0,140,155,180,214,371,0,0,0,0,0,0,0,2,1,27,6,4,2,0,0,0,111,199,180,180,0,0,0,0,44,0,0,0,39,2,7,0,156,420,254,2701,0,0,242,121,5,2,6,0,0,83,91,0,0,0,0,0,0,131,0,6,8,0,0,0,0,0,0,0,0,2,0,0,2,2,0,3,0,0,145,0,0,4,0,0,0,0,0,286,0,0,0,0,0,485,12455,0,0,341,1639,1,1,5240,0,0,0,0,0,0,9,0,0,0,2,0,0,1038,1,0,154,0,0,0,0,0,174,27,0,19,3133,0,80,0,0,0,0,0,0,0,0,155,192,0,176,11,215,0,174,0,0,0,1,0,0,55,1,440,378,0,0,317,308,16,0,311,0,344,304,18,121,1,0,233,396,244,0,0,0,5,0,6,0,77,0,0,72,171,50,199,0,0,2,340,6,5,0,0,0,0,0,0,0,0,0,0,0,0,6975,0,0,0,0,205,554,0,0,0,0,1,0,0,0,2497,0,0,0,370,0,0,102,1
"2020-01-04","Odisha","21","Nabarangpur","366","Raighar","3187","Public",25,10267,1485,0,51,235,0,214,211,0,0,0,295,134,0,0,0,317,334,4,0,0,0,4,266,320,347,325,164,291,324,337,337,353,335,326,0,214,0,0,84,0,4,136,0,0,2,0,0,0,0,0,0,0,12,98,116,98,111,191,0,0,0,0,0,0,0,0,0,0,0,0,0,0,0,0,4,62,177,177,1,1,0,0,3,0,0,0,0,0,0,0,10,286,47,268,0,4,65,41,6,0,0,0,0,127,96,0,10,0,3,0,0,4,0,0,6,40,20,0,5,0,0,73,0,1,0,0,7,0,0,1,0,0,302,0,0,0,0,5,0,62,0,17,8,0,0,3,6,0,11115,0,0,535,696,0,0,4053,0,0,0,0,0,0,0,0,6,0,6,0,0,2302,12,8,177,0,0,0,4,0,205,8,0,8,3377,0,1,0,0,0,0,0,0,0,0,227,122,0,214,88,232,14,223,0,11,0,0,0,0,39,41,390,178,25,0,373,277,0,0,276,12,266,282,57,320,12,5,284,68,262,0,114,0,527,0,0,0,254,0,0,10,10,23,11,0,0,0,334,114,166,0,0,0,33,305,0,374,2,0,35,5,0,5,0,0,0,0,0,2279,40,20,0,0,7,0,0,0,277,0,0,0,396,1,20,285,18
"2019-01-08","Jammu And Kashmir","1","Pulwama","11","Others","9999","Urban",0,0,0,0,0,0,0,0,0,0,0,0,0,0,0,0,0,0,0,0,0,0,0,0,0,0,0,0,0,0,0,0,0,0,0,0,0,0,0,0,0,0,0,0,0,0,0,0,0,0,0,0,0,0,0,0,0,0,0,0,0,0,0,0,0,0,0,0,0,0,0,0,0,0,0,0,0,0,0,0,0,0,0,0,0,0,0,0,0,0,0,0,0,0,0,0,0,0,0,0,0,0,0,0,0,0,0,0,0,0,0,0,0,0,0,0,0,0,0,0,0,0,0,0,0,0,0,0,0,0,0,0,0,0,0,0,0,0,0,0,0,0,0,0,0,0,0,0,0,0,0,0,0,0,0,0,0,0,0,0,0,0,0,0,0,0,0,0,0,0,0,0,0,0,0,0,0,0,0,0,0,0,0,0,0,0,0,0,0,0,0,0,0,0,0,0,0,0,0,0,0,0,0,0,0,0,0,0,0,0,0,0,0,0,0,0,0,0,0,0,0,0,0,0,0,0,0,0,0,0,0,0,0,0,0,0,0,0,0,0,0,0,0,0,0,0,0,0,0,0,0,0,0,0,0,0,0,0,0,0,0,0,0,0,0,0,0,0,0,0,0,0,0,0,0,0,0,0,0,0,0,0,0,0,0,0
"2019-01-06","Bihar","10","Patna","212","Paliganj","1407","Total",0,9876,970,0,0,467,0,467,289,0,0,0,448,165,0,0,0,492,447,0,0,0,0,0,448,502,462,457,165,448,502,462,457,0,0,0,0,471,447,0,96,0,0,0,0,0,0,0,0,0,0,0,0,0,0,228,239,47,36,88,0,0,0,0,0,0,0,0,0,0,0,0,0,0,0,0,296,0,294,294,0,0,0,0,1,0,1,2,0,0,0,0,0,212,34,416,0,0,28,23,0,0,0,0,0,85,80,0,0,0,0,0,0,1,0,0,19,0,0,0,0,0,0,0,0,0,0,0,0,0,0,0,0,0,194,0,0,0,0,0,0,0,8,0,0,0,0,0,0,0,0,0,0,448,194,0,0,1576,0,0,0,0,0,0,0,0,0,10,27,0,0,369,0,0,294,0,0,0,0,0,165,39,19,0,544,0,0,0,0,0,0,0,0,0,0,165,165,0,162,8,128,0,165,0,0,0,0,0,0,15,0,0,296,0,0,771,441,0,0,355,0,292,281,234,6,16,6,467,0,24,0,0,1,0,0,0,19,28,0,0,0,0,0,0,0,0,14,516,21,165,0,0,0,0,0,0,0,0,0,0,0,0,0,0,0,0,0,542,0,0,0,0,0,3,0,0,0,0,0,0,0,559,0,0,126,165
"2019-01-06","Chhattisgarh","22","Korea","384","Bharatpur","3231","Public",7,5732,666,0,0,0,0,155,216,0,0,0,121,57,0,0,0,175,138,0,0,0,0,42,120,188,178,146,57,121,188,178,146,0,0,0,0,153,163,140,57,0,0,48,0,0,0,0,0,0,0,0,0,0,0,69,86,71,68,95,0,0,0,0,0,0,0,0,3,0,6,1,74,0,0,0,0,0,193,196,0,0,0,0,0,0,0,0,0,0,0,0,40,210,23,0,0,15,87,12,26,0,2,0,0,69,87,0,5,7,1,5,0,0,0,4,1,0,0,0,0,0,0,12,0,0,0,1,2,0,0,0,0,0,160,0,0,0,0,0,0,0,0,65,0,0,0,0,0,101,555,9,9,0,599,0,0,1248,0,0,0,0,0,0,0,0,5,0,10,0,0,392,11,6,182,0,0,0,0,0,141,11,0,4,0,0,40,0,0,0,0,0,0,0,0,78,78,0,155,33,125,14,155,0,9,0,0,0,0,14,2,127,43,0,0,167,172,0,0,117,0,140,144,19,53,0,0,144,0,160,0,0,2,103,0,4,0,0,0,0,0,0,0,0,0,0,1,124,13,2,0,0,0,350,30,0,11,8,0,40,1,0,0,0,0,0,0,0,1310,0,0,0,0,2,0,0,0,456,0,0,0,159,0,0,27,16
"2020-01-07","West Bengal","19","Medinipur East","317","Moyna","2476","Rural",13,14845,0,0,35,307,0,307,178,0,0,0,267,37,0,0,0,281,367,0,0,0,0,0,267,281,312,362,91,267,281,312,367,281,312,366,0,229,264,204,37,0,0,118,0,0,0,0,0,0,0,0,0,0,1,132,175,286,222,257,0,0,0,0,0,0,0,0,0,8,0,18,25,0,0,0,0,93,127,127,0,0,0,0,0,0,0,0,9,0,4,0,5,75,41,578,0,0,7,18,0,0,0,0,0,32,26,0,0,0,0,0,0,14,0,0,2,0,0,0,4,1,8,29,0,7,0,7,12,14,0,1,0,0,204,0,0,0,0,0,0,0,0,176,0,0,0,1,0,0,7554,0,0,267,2168,0,1,8354,0,0,0,0,0,0,1,0,2,0,56,0,0,971,14,0,126,0,0,0,0,0,37,224,10,16,1857,0,7,0,0,0,0,0,0,0,0,232,212,0,50,3,89,12,50,0,2,0,0,0,0,16,3,436,289,0,0,323,307,0,0,176,0,288,407,5,127,0,0,344,0,322,0,322,1,0,0,0,0,0,7,0,0,35,6,93,0,0,0,264,27,0,0,0,0,5,80,0,72,0,0,2,7,0,555,0,0,0,0,0,178,0,0,0,0,1,0,0,0,1802,0,0,0,285,0,0,262,14
"2020-01-05","Bihar","10","Muzaffarpur","208","Kanti","1204","Total",0,1840,0,0,0,0,0,0,185,0,0,0,0,185,0,0,0,0,0,0,0,0,0,0,0,0,0,0,185,0,0,0,0,0,0,0,0,0,0,0,0,0,0,0,0,0,0,0,0,0,0,0,0,0,0,0,0,0,0,0,0,0,0,0,0,0,0,0,0,0,0,0,0,0,0,0,0,0,0,0,0,0,0,0,0,0,0,0,0,0,0,0,0,0,0,0,0,0,0,0,0,0,0,0,0,84,101,0,0,0,0,0,0,0,0,0,0,0,0,0,0,0,0,0,0,0,0,0,0,0,0,0,0,0,0,0,0,0,0,0,0,0,0,0,0,0,0,0,0,0,0,0,0,0,0,0,0,0,0,0,0,0,0,0,0,0,0,0,0,0,0,0,0,0,0,0,0,0,0,0,185,0,0,0,0,0,0,0,0,0,0,0,0,0,0,0,0,0,185,45,0,0,185,0,0,0,0,0,0,0,0,0,0,0,0,0,0,0,0,0,0,0,0,0,0,0,0,0,0,0,0,0,0,0,0,0,0,0,0,0,0,0,0,0,0,0,0,0,0,185,0,0,0,0,0,0,0,0,0,0,0,0,0,0,0,0,0,0,0,0,0,0,0,0,0,0,0,0,0,0,0,0,0,0,0,0
"2019-01-10","Odisha","21","Bargarh","347","Bargarh","2765","Public",5,10181,2260,0,0,0,0,178,9,0,0,0,163,0,0,0,0,186,139,0,0,0,0,0,163,195,145,149,3,163,195,145,149,195,145,149,0,178,0,0,0,0,0,5,0,0,1,0,0,0,0,0,0,0,0,88,90,7,8,126,0,0,0,0,0,0,0,0,0,0,0,0,0,0,0,0,0,0,92,92,0,0,0,0,0,0,0,0,0,0,0,0,7,0,0,0,0,0,6,6,0,0,0,0,0,0,1,0,0,0,0,0,0,0,0,3,1,0,0,0,0,0,1,58,0,2,0,6,2,0,0,0,0,0,184,0,0,0,0,3,0,21,0,5,0,0,0,0,0,0,5585,0,0,0,208,0,0,4665,0,0,0,0,0,0,0,0,0,0,83,0,8,1144,0,0,92,0,0,0,0,0,1,33,0,7,616,0,0,0,8,0,0,0,0,0,0,76,129,0,1,0,197,1,1,0,0,0,0,0,0,0,0,140,8,0,0,133,147,0,0,143,0,132,161,15,110,0,0,156,0,156,0,0,1,1,0,0,0,218,0,0,0,0,0,0,0,0,0,144,0,1,0,0,0,30,322,19,189,0,0,62,0,0,0,0,0,0,0,0,1601,0,0,0,0,0,0,0,0,35,0,0,0,147,0,26,138,0
"2020-01-05","Punjab","3","Gurdaspur","32","Kalanaur","6859","Urban",0,0,0,0,0,0,0,0,0,0,0,0,0,0,0,0,0,0,0,0,0,0,0,0,0,0,0,0,0,0,0,0,0,0,0,0,0,0,0,0,0,0,0,0,0,0,0,0,0,0,0,0,0,0,0,0,0,0,0,0,0,0,0,0,0,0,0,0,0,0,0,0,0,0,0,0,0,0,0,0,0,0,0,0,0,0,0,0,0,0,0,0,0,0,0,0,0,0,0,0,0,0,0,0,0,0,0,0,0,0,0,0,0,0,0,0,0,0,0,0,0,0,0,0,0,0,0,0,0,0,0,0,0,0,0,0,0,0,0,0,0,0,0,0,0,0,0,0,0,0,0,0,0,0,0,0,0,0,0,0,0,0,0,0,0,0,0,0,0,0,0,0,0,0,0,0,0,0,0,0,0,0,0,0,0,0,0,0,0,0,0,0,0,0,0,0,0,0,0,0,0,0,0,0,0,0,0,0,0,0,0,0,0,0,0,0,0,0,0,0,0,0,0,0,0,0,0,0,0,0,0,0,0,0,0,0,0,0,0,0,0,0,0,0,0,0,0,0,0,0,0,0,0,0,0,0,0,0,0,0,0,0,0,0,0,0,0,0,0,0,0,0,0,0,0,0,0,0,0,0,0,0,0,0,0,0
"2020-01-12","Maharashtra","27","Gadchiroli","475","Etapalli","4060","Urban",0,0,0,0,0,0,0,0,0,0,0,0,0,0,0,0,0,0,0,0,0,0,0,0,0,0,0,0,0,0,0,0,0,0,0,0,0,0,0,0,0,0,0,0,0,0,0,0,0,0,0,0,0,0,0,0,0,0,0,0,0,0,0,0,0,0,0,0,0,0,0,0,0,0,0,0,0,0,0,0,0,0,0,0,0,0,0,0,0,0,0,0,0,0,0,0,0,0,0,0,0,0,0,0,0,0,0,0,0,0,0,0,0,0,0,0,0,0,0,0,0,0,0,0,0,0,0,0,0,0,0,0,0,0,0,0,0,0,0,0,0,0,0,0,0,0,0,0,0,0,0,0,0,0,0,0,0,0,0,0,0,0,0,0,0,0,0,0,0,0,0,0,0,0,0,0,0,0,0,0,0,0,0,0,0,0,0,0,0,0,0,0,0,0,0,0,0,0,0,0,0,0,0,0,0,0,0,0,0,0,0,0,0,0,0,0,0,0,0,0,0,0,0,0,0,0,0,0,0,0,0,0,0,0,0,0,0,0,0,0,0,0,0,0,0,0,0,0,0,0,0,0,0,0,0,0,0,0,0,0,0,0,0,0,0,0,0,0,0,0,0,0,0,0,0,0,0,0,0,0,0,0,0,0,0,0
"2020-01-05","Madhya Pradesh","23","Hoshangabad","409","Sohagpur","3617","Public",13,8907,1922,0,12,0,0,502,90,0,0,0,459,90,0,0,0,373,307,0,0,0,0,0,459,373,269,307,90,459,373,269,307,373,269,307,0,502,144,123,90,0,0,4,4,0,0,0,0,0,0,0,0,0,0,234,268,204,217,220,0,0,0,0,0,0,0,0,0,0,0,0,0,0,0,0,10,24,366,220,0,0,0,0,6,1,0,0,0,0,0,0,0,241,30,644,0,0,148,59,0,0,0,0,0,41,49,0,0,0,0,2,0,14,0,21,3,0,0,0,0,0,0,0,0,0,0,0,0,0,0,0,0,0,3,0,0,0,0,0,0,0,2,482,0,0,0,0,0,536,2037,20,20,0,1265,0,0,7361,0,0,0,0,0,0,0,0,12,0,94,0,0,1755,0,0,366,0,0,0,0,0,90,0,0,7,2449,0,0,0,0,0,0,0,0,0,0,90,90,0,90,11,99,0,90,0,24,0,6,0,0,20,0,483,135,149,0,465,465,0,0,117,0,444,238,21,234,0,0,234,104,234,3,0,0,7,0,34,0,54,0,0,12,12,24,24,0,0,3,441,3,0,0,0,9,51,221,0,370,0,0,113,0,0,0,0,0,0,0,0,1370,0,0,0,0,0,0,0,0,1614,0,0,0,465,0,85,0,0
"2020-01-05","Jharkhand","20","Dhanbad","325","Tundi","2579","Private",0,0,0,0,0,0,0,0,0,0,0,0,0,0,0,0,0,0,0,0,0,0,0,0,0,0,0,0,0,0,0,0,0,0,0,0,0,0,0,0,0,0,0,0,0,0,0,0,0,0,0,0,0,0,0,0,0,0,0,0,0,0,0,0,0,0,0,0,0,0,0,0,0,0,0,0,0,0,0,0,0,0,0,0,0,0,0,0,0,0,0,0,0,0,0,0,0,0,0,0,0,0,0,0,0,49,45,0,0,0,0,0,0,0,0,0,0,0,0,0,0,0,0,0,0,0,0,0,0,0,0,0,0,0,0,0,0,0,0,0,0,0,0,0,0,0,0,0,0,0,0,0,0,0,0,0,0,0,0,0,0,0,0,0,0,0,0,0,0,0,0,0,0,0,0,0,0,0,0,0,94,0,0,0,0,0,0,0,0,0,0,0,0,0,0,0,0,0,94,12,0,0,94,0,0,0,0,0,0,0,0,0,0,0,0,0,0,0,0,0,0,0,0,0,0,0,0,0,0,0,0,0,0,0,0,0,0,0,0,0,0,0,0,0,0,0,0,0,0,94,0,0,0,0,0,0,0,0,0,0,0,0,0,0,0,0,0,0,0,0,0,0,0,0,0,0,0,0,0,0,0,0,0,0,0,0
"2020-01-05","Andhra Pradesh","28","Chittoor","503","Bangarupalem","5429","Private",0,0,0,0,0,0,0,0,0,0,0,0,0,0,0,0,0,0,0,0,0,0,0,0,0,0,0,0,0,0,0,0,0,0,0,0,0,0,0,0,0,0,0,0,0,0,0,0,0,0,0,0,0,0,0,0,0,0,0,0,0,0,0,0,0,0,0,0,0,0,0,0,0,0,0,0,0,0,0,0,0,0,0,0,0,0,0,0,0,0,0,0,0,0,0,0,0,0,0,0,0,0,0,0,0,0,0,0,0,0,0,0,0,0,0,0,0,0,0,0,0,0,0,0,0,0,0,0,0,0,0,0,0,0,0,0,0,0,0,0,0,0,0,0,0,0,0,0,0,0,0,0,0,0,0,0,0,0,0,0,0,0,0,0,0,0,0,0,0,0,0,0,0,0,0,0,0,0,0,0,0,0,0,0,0,0,0,0,0,0,0,0,0,0,0,0,0,0,0,0,0,0,0,0,0,0,0,0,0,0,0,0,0,0,0,0,0,0,0,0,0,0,0,0,0,0,0,0,0,0,0,0,0,0,0,0,0,0,0,0,0,0,0,0,0,0,0,0,0,0,0,0,0,0,0,0,0,0,0,0,0,0,0,0,0,0,0,0,0,0,0,0,0,0,0,0,0,0,0,0,0,0,0,0,0,0
"2019-01-06","West Bengal","19","Murshidabad","319","Sagardighi","2230","Private",0,0,0,0,0,0,0,0,0,0,0,0,0,0,0,0,0,0,0,0,0,0,0,0,0,0,0,0,0,0,0,0,0,0,0,0,0,0,0,0,0,0,0,0,0,0,0,0,0,0,0,0,0,0,0,0,0,0,0,0,0,0,0,0,0,0,0,0,0,0,0,0,0,0,0,0,0,0,0,0,0,0,0,0,0,0,0,0,0,0,0,0,0,0,0,0,0,0,0,0,0,0,0,0,0,0,0,0,0,0,0,0,0,0,0,0,0,0,0,0,0,0,0,0,0,0,0,0,0,0,0,0,0,0,0,0,0,0,0,0,0,0,0,0,0,0,0,0,0,0,0,0,0,0,0,0,0,0,0,0,0,0,0,0,0,0,0,0,0,0,0,0,0,0,0,0,0,0,0,0,0,0,0,0,0,0,0,0,0,0,0,0,0,0,0,0,0,0,0,0,0,0,0,0,0,0,0,0,0,0,0,0,0,0,0,0,0,0,0,0,0,0,0,0,0,0,0,0,0,0,0,0,0,0,0,0,0,0,0,0,0,0,0,0,0,0,0,0,0,0,0,0,0,0,0,0,0,0,0,0,0,0,0,0,0,0,0,0,0,0,0,0,0,0,0,0,0,0,0,0,0,0,0,0,0,0
"2019-01-05","Rajasthan","8","Dausa","97","Sikrai","535","Private",0,0,0,0,0,0,0,0,0,0,0,0,0,0,0,0,0,0,0,0,0,0,0,0,0,0,0,0,0,0,0,0,0,0,0,0,0,0,0,0,0,0,0,0,0,0,0,0,0,0,0,0,0,0,0,0,0,0,0,0,0,0,0,0,0,0,0,0,0,0,0,0,0,0,0,0,0,0,0,0,0,0,0,0,0,0,0,0,0,0,0,0,0,0,0,0,0,0,0,0,0,0,0,0,0,51,52,0,0,0,0,0,0,0,0,0,0,0,0,0,0,0,0,0,0,0,0,0,0,0,0,0,0,0,0,0,0,0,0,0,0,0,0,0,0,0,0,0,0,0,0,0,0,0,0,0,0,0,0,0,0,0,0,0,0,0,0,0,0,0,0,0,0,0,0,0,0,0,0,0,103,0,1,0,0,0,0,0,0,0,0,0,0,0,0,0,0,0,103,0,0,0,103,0,0,0,0,0,0,0,0,0,0,0,0,0,0,0,0,0,0,0,0,0,0,0,0,0,0,0,0,0,0,0,0,0,0,0,0,0,0,0,0,0,0,0,0,0,0,0,0,0,0,0,0,0,0,0,0,0,0,0,0,0,0,0,0,0,0,0,0,0,0,0,0,0,0,0,0,0,0,0,0,0,0,0
"2019-01-11","Gujarat","24","Sabar Kantha","458","Talod","3768","Urban",0,0,0,0,0,0,0,0,0,0,0,0,0,0,0,0,0,0,0,0,0,0,0,0,0,0,0,0,0,0,0,0,0,0,0,0,0,0,0,0,0,0,0,0,0,0,0,0,0,0,0,0,0,0,0,0,0,0,0,0,0,0,0,0,0,0,0,0,0,0,0,0,0,0,0,0,0,0,0,0,0,0,0,0,0,0,0,0,0,0,0,0,0,0,0,0,0,0,0,0,0,0,0,0,0,0,0,0,0,0,0,0,0,0,0,0,0,0,0,0,0,0,0,0,0,0,0,0,0,0,0,0,0,0,0,0,0,0,0,0,0,0,0,0,0,0,0,0,0,0,0,0,0,0,0,0,0,0,0,0,0,0,0,0,0,0,0,0,0,0,0,0,0,0,0,0,0,0,0,0,0,0,0,0,0,0,0,0,0,0,0,0,0,0,0,0,0,0,0,0,0,0,0,0,0,0,0,0,0,0,0,0,0,0,0,0,0,0,0,0,0,0,0,0,0,0,0,0,0,0,0,0,0,0,0,0,0,0,0,0,0,0,0,0,0,0,0,0,0,0,0,0,0,0,0,0,0,0,0,0,0,0,0,0,0,0,0,0,0,0,0,0,0,0,0,0,0,0,0,0,0,0,0,0,0,0
"2019-01-09","West Bengal","19","Dinajpur Uttar","311","Islampur","2192","Public",16,31402,1770,0,40,857,0,819,373,0,0,0,770,74,0,0,0,632,692,33,0,0,0,27,771,675,690,770,175,770,675,690,770,619,35,0,0,688,0,0,92,0,0,355,0,0,0,2,0,0,0,0,0,0,0,393,426,255,180,468,0,0,0,0,0,0,0,0,0,0,0,0,0,0,0,0,44,170,241,241,1,0,0,0,7,3,4,5,0,0,0,0,0,94,30,158,0,0,50,40,0,0,0,0,0,93,99,0,0,0,0,0,0,52,0,0,3,0,0,0,0,0,0,0,0,0,0,0,0,0,0,0,0,0,161,0,0,0,0,0,0,0,0,138,0,0,0,0,0,0,22316,0,0,819,1648,0,0,10468,0,0,0,0,0,0,0,0,0,0,11,0,0,2890,113,0,102,0,0,0,3,0,82,8,0,9,2250,0,0,0,0,0,0,0,0,0,0,19,339,0,187,13,218,48,192,0,0,0,0,0,0,41,5,1227,808,0,0,753,140,0,0,665,0,600,619,244,483,2,0,725,0,725,0,0,0,0,0,0,0,0,0,0,33,40,137,170,0,0,0,740,1,0,0,0,0,0,0,0,0,0,0,0,0,0,0,0,0,0,0,0,95,0,0,0,0,3,0,0,0,2249,0,0,0,844,0,0,50,58
"2019-01-09","Bihar","10","Bhojpur","193","Barahara","1423","Rural",0,18038,4522,0,0,342,0,345,306,0,0,0,257,229,0,0,0,261,249,5,0,0,0,6,258,254,244,260,230,257,254,244,260,243,225,173,0,0,0,0,155,0,0,0,0,0,0,0,0,0,0,0,0,0,0,153,192,93,177,196,0,0,0,0,0,0,0,0,0,0,0,0,0,0,0,1,57,0,263,285,0,0,0,0,9,1,6,5,0,0,0,0,0,0,0,76,0,0,0,0,0,0,0,0,3,106,157,0,0,0,0,0,1,108,0,0,13,0,0,0,0,0,0,0,0,0,0,0,0,0,0,0,0,0,192,0,0,0,0,0,0,0,0,16,0,0,0,0,0,0,0,0,0,257,110,0,10,1221,0,0,0,0,0,0,0,0,6,0,22,0,0,211,17,0,235,0,1,0,1,0,252,39,0,23,677,0,0,0,0,0,0,0,0,0,0,245,245,0,263,32,210,0,246,0,9,0,0,0,0,0,5,52,252,0,0,299,148,8,0,63,0,157,123,131,120,24,4,323,0,161,0,0,1,0,0,0,0,278,0,0,0,0,0,0,0,0,0,198,8,252,0,0,0,598,69,0,64,0,0,0,0,0,0,0,0,0,0,0,29,0,0,0,0,6,0,0,0,0,0,0,0,369,0,0,0,0
"2020-01-02","Assam","18","Karimganj","293","Others","9999","Urban",4,15520,1186,101,58,232,0,232,626,0,0,0,232,602,0,0,0,292,216,0,0,0,0,0,232,292,224,216,600,232,292,224,216,292,224,216,0,270,116,80,594,0,0,310,139,0,0,0,0,10,9,3,0,0,26,84,148,154,84,160,0,0,33,0,0,0,0,0,2,3,88,0,45,0,0,0,27,146,186,186,2,8,1,2,14,36,18,20,46,9,10,0,28,1320,534,5768,2,0,932,872,30,16,6,0,0,412,380,0,0,0,0,0,4,116,0,298,34,7,6,32,4,0,0,24,0,4,0,0,0,2,0,1,0,0,138,0,0,0,0,0,0,0,50,122,0,0,0,0,0,3100,0,8,6,232,786,26,0,2978,0,0,0,0,0,0,0,4,5,4,66,0,7,712,1,12,186,0,0,0,6,3,792,82,0,1,24298,46,100,0,0,0,0,0,0,2,0,634,213,0,786,78,232,6,792,8,7,0,18,0,21,106,26,178,580,46,0,328,0,38,0,256,1,264,124,50,154,0,28,230,0,228,0,0,2,20,0,0,0,0,0,0,58,58,146,146,3,3,34,308,5,84,14,45,10,4,226,2,154,70,0,1544,18,0,1929,0,0,0,117,1934,124,7,6,14,17,16,0,0,0,17,141,2,209,328,5,49,114,0
"2019-01-06","Bihar","10","Nalanda","209","Giriyak","1396","Rural",0,6606,1748,0,0,275,0,270,192,0,0,0,275,154,0,0,0,227,231,5,0,0,0,5,275,227,224,237,154,275,227,224,237,0,0,0,0,123,82,50,42,0,0,0,0,0,0,0,0,0,0,0,0,0,0,133,137,187,272,181,0,0,0,0,0,0,0,0,0,0,0,0,0,0,0,0,10,0,110,110,0,0,0,0,9,7,14,6,0,0,0,0,0,222,76,536,0,0,94,63,0,0,0,0,0,75,63,0,0,0,0,0,0,4,0,0,1,0,0,0,0,0,0,0,0,0,0,0,0,0,0,0,0,0,77,0,0,0,0,0,0,0,4,4,0,0,0,0,0,37,0,0,0,276,159,0,0,1347,0,0,0,0,0,0,0,0,0,0,2,0,0,91,0,11,106,0,0,0,0,0,127,1,9,9,254,0,0,0,0,0,0,0,0,0,0,126,126,0,128,21,108,4,135,0,12,0,0,0,1,31,0,145,81,0,0,220,211,0,0,131,0,189,141,167,96,6,6,182,0,221,0,0,0,0,0,0,0,341,0,10,0,0,0,0,0,0,1,196,6,126,0,0,0,0,0,0,0,0,0,0,0,0,0,0,0,0,0,0,11,0,0,0,0,0,0,0,0,11,0,0,0,366,0,7,85,7
"2019-01-12","West Bengal","19","Hooghly","312","Khanakul Ii","2355","Total",18,15895,0,0,93,289,0,215,104,0,0,0,261,5,0,0,0,305,272,0,0,0,0,0,250,294,330,267,64,259,294,330,267,304,327,223,0,236,254,279,5,0,0,0,0,0,0,0,0,0,0,0,0,0,0,105,114,281,190,319,0,0,0,0,0,0,0,0,0,0,0,0,0,0,0,0,97,165,114,115,0,0,0,0,0,0,0,0,0,0,0,0,0,18,20,0,0,0,19,11,0,0,0,0,0,2,3,0,0,0,0,0,0,115,0,0,4,0,0,0,0,0,0,0,0,0,0,0,0,0,0,0,0,0,112,0,0,0,0,0,0,7,0,0,0,0,0,0,0,310,7219,0,0,324,1629,0,0,4596,0,0,0,0,0,0,0,0,0,0,0,0,0,400,0,0,114,0,0,0,0,0,5,57,0,31,165,0,0,0,0,0,0,0,0,0,0,185,209,0,5,0,174,0,5,0,0,0,0,0,0,0,0,218,235,0,0,229,211,0,0,213,0,207,246,12,103,0,0,190,0,224,0,149,1,0,0,0,0,0,0,0,24,0,123,165,0,0,2,216,0,0,0,0,0,0,0,0,0,0,0,0,0,0,0,0,0,0,0,0,0,0,0,0,0,0,0,0,0,0,0,0,0,235,0,0,249,0
"2019-01-07","Madhya Pradesh","23","Singrauli","638","Deosar","3704","Urban",0,0,0,0,0,0,0,0,0,0,0,0,0,0,0,0,0,0,0,0,0,0,0,0,0,0,0,0,0,0,0,0,0,0,0,0,0,0,0,0,0,0,0,0,0,0,0,0,0,0,0,0,0,0,0,0,0,0,0,0,0,0,0,0,0,0,0,0,0,0,0,0,0,0,0,0,0,0,0,0,0,0,0,0,0,0,0,0,0,0,0,0,0,0,0,0,0,0,0,0,0,0,0,0,0,0,0,0,0,0,0,0,0,0,0,0,0,0,0,0,0,0,0,0,0,0,0,0,0,0,0,0,0,0,0,0,0,0,0,0,0,0,0,0,0,0,0,0,0,0,0,0,0,0,0,0,0,0,0,0,0,0,0,0,0,0,0,0,0,0,0,0,0,0,0,0,0,0,0,0,0,0,0,0,0,0,0,0,0,0,0,0,0,0,0,0,0,0,0,0,0,0,0,0,0,0,0,0,0,0,0,0,0,0,0,0,0,0,0,0,0,0,0,0,0,0,0,0,0,0,0,0,0,0,0,0,0,0,0,0,0,0,0,0,0,0,0,0,0,0,0,0,0,0,0,0,0,0,0,0,0,0,0,0,0,0,0,0,0,0,0,0,0,0,0,0,0,0,0,0,0,0,0,0,0,0
"2020-01-01","West Bengal","19","Howrah","313","Jagatballavpur","2401","Rural",7,21047,140,0,3,253,0,252,127,0,0,0,319,34,0,0,0,378,353,2,0,0,0,3,288,371,366,349,76,317,369,366,351,335,340,344,0,342,578,256,34,0,0,3,0,0,0,0,0,0,0,0,0,0,0,118,134,282,194,287,3,0,0,0,0,0,0,0,0,5,0,0,0,0,0,0,11,164,266,265,0,0,0,0,22,6,3,4,2,0,0,0,35,172,14,568,0,0,74,22,0,0,0,0,0,15,20,0,0,0,0,1,0,20,0,0,7,0,0,0,0,0,0,0,0,0,0,5,6,0,0,0,0,0,54,0,0,0,0,1,0,53,0,54,0,0,0,0,0,144,10902,0,0,292,1832,0,6,6393,0,0,0,0,0,0,0,0,0,0,26,0,0,686,1,0,255,0,0,0,0,0,34,48,3,13,0,0,0,0,0,0,0,0,0,0,0,152,104,0,34,10,0,0,34,0,0,0,2,0,0,12,0,318,150,0,0,301,266,0,0,277,0,329,249,23,107,1,0,271,0,233,0,151,0,6,0,0,0,0,0,0,3,3,163,164,0,0,0,337,1,0,4,6,0,158,0,0,0,0,0,112,0,0,1522,0,0,0,0,270,33,0,0,0,0,0,0,0,0,625,0,0,0,345,0,0,227,0
"2020-01-04","Uttar Pradesh","9","Aligarh","119","Khair","752","Total",0,4654,62,0,0,0,0,0,156,0,0,0,0,112,0,0,0,0,0,0,0,0,0,0,0,0,0,0,156,0,0,0,0,0,0,0,0,0,0,0,74,0,0,0,0,0,0,0,0,0,0,0,0,0,0,0,0,0,0,0,0,0,0,0,0,0,0,0,0,0,0,0,0,0,0,0,0,0,0,0,0,0,0,0,0,0,0,0,0,0,0,0,0,222,79,251,0,0,21,92,0,0,0,0,0,101,118,0,0,0,0,0,0,0,0,0,0,0,0,5,0,0,0,0,0,0,0,0,0,0,0,0,0,0,0,0,0,0,0,0,0,0,0,98,0,0,0,0,0,0,0,0,0,0,314,0,0,1325,0,0,0,0,0,0,0,0,0,0,234,0,0,18,41,0,0,0,0,0,0,0,179,94,0,2,25,0,0,0,0,0,0,0,0,0,0,174,174,0,218,41,179,41,219,0,0,0,0,0,0,55,0,297,0,0,0,0,0,0,0,0,0,0,0,0,0,0,0,0,18,0,0,0,0,0,0,0,0,0,0,0,0,0,0,0,0,0,0,190,0,100,0,0,0,0,0,0,0,0,0,0,0,0,0,0,0,0,0,0,0,0,0,0,0,2,0,0,0,0,0,0,0,390,0,0,213,45
"2020-01-12","Jammu And Kashmir","1","Anantnag","1","Larnoo","6820","Private",0,0,0,0,0,0,0,0,0,0,0,0,0,0,0,0,0,0,0,0,0,0,0,0,0,0,0,0,0,0,0,0,0,0,0,0,0,0,0,0,0,0,0,0,0,0,0,0,0,0,0,0,0,0,0,0,0,0,0,0,0,0,0,0,0,0,0,0,0,0,0,0,0,0,0,0,0,0,0,0,0,0,0,0,0,0,0,0,0,0,0,0,0,0,0,0,0,0,0,0,0,0,0,0,0,0,0,0,0,0,0,0,0,0,0,0,0,0,0,0,0,0,0,0,0,0,0,0,0,0,0,0,0,0,0,0,0,0,0,0,0,0,0,0,0,0,0,0,0,0,0,0,0,0,0,0,0,0,0,0,0,0,0,0,0,0,0,0,0,0,0,0,0,0,0,0,0,0,0,0,0,0,0,0,0,0,0,0,0,0,0,0,0,0,0,0,0,0,0,0,0,0,0,0,0,0,0,0,0,0,0,0,0,0,0,0,0,0,0,0,0,0,0,0,0,0,0,0,0,0,0,0,0,0,0,0,0,0,0,0,0,0,0,0,0,0,0,0,0,0,0,0,0,0,0,0,0,0,0,0,0,0,0,0,0,0,0,0,0,0,0,0,0,0,0,0,0,0,0,0,0,0,0,0,0,0
"2019-01-03","Gujarat","24","Bhavnagar","443","Gariyadhar","3857","Urban",0,0,0,0,0,0,0,0,0,0,0,0,0,0,0,0,0,0,0,0,0,0,0,0,0,0,0,0,0,0,0,0,0,0,0,0,0,0,0,0,0,0,0,0,0,0,0,0,0,0,0,0,0,0,0,0,0,0,0,0,0,0,0,0,0,0,0,0,0,0,0,0,0,0,0,0,0,0,0,0,0,0,0,0,0,0,0,0,0,0,0,0,0,0,0,0,0,0,0,0,0,0,0,0,0,9,10,0,0,0,0,0,0,0,0,0,0,0,0,0,0,0,0,0,0,0,0,0,0,0,0,0,0,0,0,0,0,0,0,0,0,0,0,0,0,0,0,0,0,0,0,0,0,0,0,0,0,0,0,0,0,0,0,0,0,0,0,0,0,0,0,0,0,0,0,0,0,0,0,0,19,0,0,0,0,0,0,0,0,0,0,0,0,0,0,0,0,0,19,0,0,0,19,0,0,0,0,0,0,0,0,0,0,0,0,0,0,0,0,0,0,0,0,0,0,0,0,0,0,0,0,0,0,0,0,0,0,0,0,0,0,0,0,0,0,0,0,0,0,19,0,0,0,0,0,0,0,0,0,0,0,0,0,0,0,0,0,0,0,0,0,0,0,0,0,0,0,0,0,0,0,0,0,0,0,0
"2019-01-02","Madhya Pradesh","23","Chhindwara","399","Jamai","3651","Public",8,22434,332,0,0,0,0,501,323,0,0,0,433,279,0,0,5,394,449,0,0,418,0,0,25,436,443,438,279,435,436,443,438,443,456,496,0,609,427,762,296,0,0,24,0,0,0,0,0,1,0,0,0,0,0,253,248,419,443,453,0,0,0,0,0,0,0,0,2,1,5,4,85,0,0,0,29,0,477,477,1,4,2,2,1,0,2,1,2,0,2,0,36,326,33,86,0,0,142,19,17,0,1,0,0,182,161,0,1,1,3,0,0,13,0,0,9,0,0,0,5,1,1,14,0,3,0,6,10,2,0,0,3,1,436,0,0,0,0,0,0,0,0,12,0,0,0,2,0,0,18415,23,4,0,1650,0,4,9859,0,0,0,0,0,0,0,0,25,0,12,0,0,1884,47,0,477,0,0,0,3,2,305,1,0,13,60,177,0,0,0,0,0,0,0,1,0,348,348,0,343,24,154,47,343,2,45,0,0,0,0,76,8,459,444,297,0,68,68,0,0,68,0,436,403,0,451,5,0,402,0,572,0,0,0,35,0,0,0,0,0,0,0,0,0,0,0,0,9,377,19,3,0,0,1,171,1360,5,2927,12,0,218,3,0,90,0,0,0,0,188,1178,0,0,0,0,5,0,0,0,3230,0,1,0,445,2,41,0,0
"2019-01-12","Tamil Nadu","33","Salem","584","Omalaur","5737","Rural",12,33564,7428,0,0,0,0,256,153,0,0,0,256,158,0,0,0,244,249,0,0,0,0,0,256,239,241,244,158,256,244,236,249,244,244,249,0,0,0,0,21,0,0,250,0,0,0,0,0,0,0,0,0,0,50,123,133,8,0,8,0,0,0,0,0,0,0,0,0,0,0,0,0,0,0,0,94,0,120,120,0,0,0,0,8,1,1,2,0,0,0,0,0,228,26,80,0,0,79,14,0,0,0,0,0,18,3,0,0,0,0,0,1,133,0,6,0,119,90,0,0,0,0,93,0,0,0,0,0,0,0,0,31,0,124,0,0,0,0,0,0,0,25,7,0,0,0,0,0,0,916,0,0,0,88,0,0,900,0,0,0,0,0,0,0,0,0,0,0,0,0,1470,0,0,0,0,0,0,0,0,18,11,0,0,9914,10,0,0,0,0,0,0,0,0,0,10,10,0,21,2,0,0,21,0,0,6,0,0,2,3,0,98,215,0,0,267,0,0,2,268,0,210,182,87,536,0,0,268,426,851,2,0,6,0,0,16,0,22,0,0,0,0,0,0,0,0,0,265,3,0,0,0,0,0,2667,0,3193,0,0,542,0,0,0,0,0,0,0,0,0,119,90,0,0,0,0,0,0,1926,0,0,0,268,0,0,0,0
"2019-01-04","Bihar","10","Purbi Champaran","213","Banjaria","1035","Total",0,2849,267,0,0,330,0,330,311,0,0,0,336,54,0,0,0,391,369,0,0,0,0,0,336,391,357,369,67,336,391,357,369,0,0,0,0,0,0,0,54,0,0,0,0,0,0,0,0,0,0,0,0,0,0,140,190,101,120,227,0,0,0,0,0,0,0,0,0,0,0,0,0,0,0,0,0,0,111,154,0,0,0,0,14,1,0,5,0,0,0,0,0,87,0,31,0,0,0,0,0,0,0,0,0,55,60,0,0,0,0,0,0,0,0,0,0,0,0,0,0,0,0,0,0,0,0,0,0,0,0,0,0,0,109,0,0,0,0,0,0,0,0,30,0,0,0,0,0,42,0,0,0,336,70,0,0,645,0,0,0,0,0,0,0,0,1,0,29,0,0,32,13,48,72,0,0,0,0,0,55,4,0,5,82,0,6,0,0,0,0,0,0,0,0,85,95,0,109,0,81,65,103,0,10,0,0,0,0,0,0,103,0,0,0,165,165,0,0,35,0,186,115,114,20,0,0,109,0,62,0,0,0,0,0,0,0,0,0,0,0,0,0,0,0,0,0,223,0,52,0,0,0,93,18,0,3,0,0,0,0,0,0,0,0,0,0,0,0,0,0,0,0,1,0,0,0,0,0,0,0,300,0,0,54,51
"2019-01-02","Jammu And Kashmir","1","Ramban","621","Batote","6761","Private",0,0,0,0,0,0,0,0,0,0,0,0,0,0,0,0,0,0,0,0,0,0,0,0,0,0,0,0,0,0,0,0,0,0,0,0,0,0,0,0,0,0,0,0,0,0,0,0,0,0,0,0,0,0,0,0,0,0,0,0,0,0,0,0,0,0,0,0,0,0,0,0,0,0,0,0,0,0,0,0,0,0,0,0,0,0,0,0,0,0,0,0,0,0,0,0,0,0,0,0,0,0,0,0,0,0,0,0,0,0,0,0,0,0,0,0,0,0,0,0,0,0,0,0,0,0,0,0,0,0,0,0,0,0,0,0,0,0,0,0,0,0,0,0,0,0,0,0,0,0,0,0,0,0,0,0,0,0,0,0,0,0,0,0,0,0,0,0,0,0,0,0,0,0,0,0,0,0,0,0,0,0,0,0,0,0,0,0,0,0,0,0,0,0,0,0,0,0,0,0,0,0,0,0,0,0,0,0,0,0,0,0,0,0,0,0,0,0,0,0,0,0,0,0,0,0,0,0,0,0,0,0,0,0,0,0,0,0,0,0,0,0,0,0,0,0,0,0,0,0,0,0,0,0,0,0,0,0,0,0,0,0,0,0,0,0,0,0,0,0,0,0,0,0,0,0,0,0,0,0,0,0,0,0,0,0
"2020-01-02","Uttar Pradesh","9","Sitapur","183","Biswan","806","Public",7,15405,1103,0,202,1752,40,1771,1580,3,1,2,1695,1351,38,34,34,1738,1654,297,47,29,0,246,1721,1783,1674,1793,1416,1688,1806,1736,1835,1526,1424,1534,0,1594,356,208,1331,0,50,276,20,0,4,0,0,100,0,60,0,0,31,843,931,502,524,596,1,0,0,0,0,0,0,0,0,4,4,0,4,0,0,0,15,567,832,814,0,0,0,0,53,9,33,18,3,0,0,0,45,64,22,0,0,0,44,37,10,2,4,0,0,679,803,0,0,0,0,0,0,168,0,0,21,2,1,0,0,0,0,0,0,0,0,0,0,0,0,0,0,0,185,0,0,0,0,0,0,2,87,126,0,0,0,0,0,9,99,0,0,901,942,0,0,9655,0,0,0,0,0,0,2,0,18,1,383,0,0,1564,116,10,688,0,0,0,0,0,1387,70,0,11,1014,415,0,0,64,0,0,0,0,0,0,879,890,0,1479,140,1277,64,1438,1,42,0,0,0,0,403,6,521,1580,609,0,2472,2455,7,0,1101,0,1616,1108,657,1354,88,14,2024,0,2022,0,414,1,3,0,0,0,0,0,0,36,22,55,245,0,0,20,1835,20,948,0,0,4,286,144,11,197,30,0,20,0,0,659,0,0,0,0,853,1,2,1,0,0,16,0,0,0,214,0,0,0,2378,0,308,690,904
"2019-01-06","Odisha","21","Ganjam","354","Ganjam","3086","Rural",2,9968,3406,0,0,139,0,140,64,0,0,0,152,59,0,0,0,159,175,0,0,0,0,0,152,151,119,163,63,152,151,119,163,155,133,159,0,140,35,41,26,0,26,39,18,0,2,0,0,0,0,0,0,1,0,75,65,56,30,107,0,0,0,0,0,0,0,0,0,0,0,0,0,0,0,1,18,0,59,59,0,0,0,0,0,0,0,0,0,0,0,0,0,67,28,55,0,0,4,35,0,0,0,0,0,28,35,0,0,0,1,1,0,90,0,0,5,33,29,0,1,0,0,12,0,2,0,0,0,0,0,0,0,1,95,0,0,0,0,1,0,5,0,0,0,0,0,0,0,324,1880,0,0,152,53,0,0,571,0,0,0,0,0,0,0,0,6,0,9,0,0,260,0,0,50,0,0,0,0,0,63,6,0,0,345,0,0,0,0,0,0,0,0,0,0,69,97,0,63,8,96,0,63,0,35,0,0,0,0,12,0,63,103,14,0,147,115,0,0,46,0,189,138,1,90,1,0,80,14,64,0,0,1,7,0,0,0,182,0,0,0,0,0,0,0,0,0,137,0,53,0,0,0,0,141,0,256,0,0,0,0,0,0,0,0,0,0,0,911,33,29,0,0,0,0,0,0,0,0,0,0,194,0,0,87,0
"2020-01-11","West Bengal","19","24 Paraganas North","303","Haroa","2331","Private",0,0,0,0,0,0,0,0,0,0,0,0,0,0,0,0,0,0,0,0,0,0,0,0,0,0,0,0,0,0,0,0,0,0,0,0,0,0,0,0,0,0,0,0,0,0,0,0,0,0,0,0,0,0,0,0,0,0,0,0,0,0,0,0,0,0,0,0,0,0,0,0,0,0,0,0,0,0,0,0,0,0,0,0,0,0,0,0,0,0,0,0,0,0,0,0,0,0,0,0,0,0,0,0,0,0,0,0,0,0,0,0,0,0,0,0,0,0,0,0,0,0,0,0,0,0,0,0,0,0,0,0,0,0,0,0,0,0,0,0,0,0,0,0,0,0,0,0,0,0,0,0,0,0,0,0,0,0,0,0,0,0,0,0,0,0,0,0,0,0,0,0,0,0,0,0,0,0,0,0,0,0,0,0,0,0,0,0,0,0,0,0,0,0,0,0,0,0,0,0,0,0,0,0,0,0,0,0,0,0,0,0,0,0,0,0,0,0,0,0,0,0,0,0,0,0,0,0,0,0,0,0,0,0,0,0,0,0,0,0,0,0,0,0,0,0,0,0,0,0,0,0,0,0,0,0,0,0,0,0,0,0,0,0,0,0,0,0,0,0,0,0,0,0,0,0,0,0,0,0,0,0,0,0,0,0
"2020-01-06","West Bengal","19","Nadia","320","Haringhata","2315","Urban",0,2110,0,0,0,0,0,0,0,0,0,0,0,0,0,0,0,0,0,0,0,0,0,0,0,0,0,0,0,0,0,0,0,0,0,0,0,0,0,0,0,0,0,0,0,0,0,0,0,0,0,0,0,0,0,0,0,0,0,0,0,0,0,0,0,0,0,0,0,0,0,0,0,0,0,0,10,0,0,0,0,0,0,0,0,0,0,0,0,0,0,0,0,0,0,0,0,0,0,0,0,0,0,0,0,0,0,0,0,0,0,0,0,0,0,0,0,0,0,0,0,0,0,0,0,0,0,0,0,0,0,0,0,0,65,0,0,0,0,0,0,0,0,0,0,0,0,0,0,0,0,0,0,0,0,0,0,0,0,0,0,0,0,0,0,0,0,0,0,0,0,44,0,0,0,0,0,0,0,0,0,0,0,0,355,0,0,0,0,0,0,0,0,0,0,0,0,0,0,0,0,0,0,0,0,0,0,0,0,0,0,10,0,0,0,0,0,0,0,0,0,0,0,0,0,0,0,0,0,0,0,0,0,0,0,0,0,0,0,0,0,0,0,0,0,0,0,0,0,0,0,0,0,0,145,0,91,0,0,0,0,0,0,0,0,0,0,0,17,0,0,0,0,0,0,0,0,17,0,0,0,0,0,0,0,0
"2019-01-01","Haryana","6","Sirsa","74","Kalanwali","6469","Public",6,7704,145,0,0,0,0,88,83,0,0,0,105,47,0,0,0,130,138,0,0,0,0,0,104,136,116,148,47,104,136,116,138,125,111,129,0,41,22,26,28,0,0,0,0,0,0,0,0,0,0,0,0,0,0,40,48,66,54,111,0,0,0,0,0,0,0,0,0,0,63,0,13,0,0,0,1,0,88,88,0,2,1,0,2,0,0,0,0,0,0,0,0,67,20,26,0,0,0,27,0,0,0,0,0,20,27,0,0,0,0,0,0,7,0,0,0,2,2,0,0,0,5,32,0,8,0,1,1,0,0,0,0,0,50,0,0,0,0,1,0,4,0,87,0,0,0,0,0,571,8044,0,0,0,290,0,0,5020,0,0,0,0,0,0,0,0,3,0,8,0,0,592,0,0,86,0,0,0,0,0,47,26,0,13,2196,0,13,0,0,0,0,0,0,0,0,128,115,0,47,8,78,0,47,0,28,0,0,0,0,2,3,174,101,21,0,149,140,0,0,132,0,168,136,1,176,0,0,112,0,112,0,0,1,0,0,0,0,0,0,0,0,0,0,0,0,0,0,159,19,39,0,0,1,268,115,0,110,1,0,12,0,0,79,0,0,0,0,0,0,2,2,0,0,1,0,0,0,571,0,0,0,169,14,38,115,0
"2019-01-10","Gujarat","24","Bhavnagar","443","Bhavnagar Corporation","3854","Total",0,32026,0,0,77,0,0,1186,1264,5,3,2,1000,1112,0,0,0,1259,1215,0,0,0,0,40,1000,1266,1276,1092,1112,1000,1271,1276,1092,1185,1188,1030,11,1104,643,491,1114,0,0,275,0,0,0,0,0,0,0,3,0,0,0,557,629,350,254,367,0,0,60,0,0,0,0,0,0,0,0,0,0,0,0,0,191,192,458,464,4,3,1,4,0,0,0,0,0,0,0,0,0,0,0,0,0,0,0,0,0,0,0,0,0,488,580,0,0,0,0,0,1,212,0,14,5,0,0,0,0,0,0,0,0,0,0,0,0,0,0,0,0,0,0,0,0,0,0,5,0,0,0,0,0,0,0,0,0,1527,808,2,1,0,816,0,0,22098,0,0,0,0,0,0,0,0,17,0,0,0,0,1557,7,0,458,0,0,0,0,0,1065,142,0,0,10369,4,0,0,0,0,0,0,0,0,0,1101,1101,0,1065,94,578,7,1071,0,116,0,0,0,100,0,0,306,657,434,0,1111,1120,8,2,1099,0,1083,673,472,272,10,7,1105,2,675,2,0,0,70,0,0,0,0,0,0,77,77,192,192,0,0,1,1044,18,798,0,0,0,128,1350,0,930,0,0,168,0,0,0,0,0,0,0,0,243,0,0,0,0,10,0,0,0,1259,244,0,0,1159,10,248,1061,0
"2021-01-04","Uttar Pradesh","9","Shahjahanpur","180","Others","9999","Private",0,0,0,0,0,0,0,0,0,0,0,0,0,0,0,0,0,0,0,0,0,0,0,0,0,0,0,0,0,0,0,0,0,0,0,0,0,0,0,0,0,0,0,0,0,0,0,0,0,0,0,0,0,0,0,0,0,0,0,0,0,0,0,0,0,0,0,0,0,0,0,0,0,0,0,0,0,0,0,0,0,0,0,0,0,0,0,0,0,0,0,0,0,0,0,0,0,0,0,0,0,0,0,0,0,189,188,0,0,0,0,0,0,0,0,0,0,0,0,0,0,0,0,0,0,0,0,0,0,0,0,0,0,0,0,0,0,0,0,0,0,0,0,0,0,0,0,0,0,0,0,0,0,0,0,0,0,0,0,0,0,0,0,0,0,0,0,0,0,0,0,0,0,0,0,0,0,0,0,0,377,0,0,0,0,11,0,0,0,0,0,0,0,0,0,377,377,0,377,0,0,0,377,0,0,0,0,0,3,0,0,0,0,0,0,0,0,0,0,0,0,0,0,0,0,0,0,0,0,0,0,0,0,0,0,0,0,0,0,0,0,0,0,0,0,0,0,0,0,377,0,0,0,0,0,0,0,0,0,0,0,0,0,0,0,0,0,0,0,0,0,0,0,0,0,0,0,0,0,0,0,0,0,0,377,377
"2019-01-07","Punjab","3","Kapurthala","35","Esi Dispensary Ii Phagwara","208","Rural",0,910,0,0,0,0,0,0,0,0,0,0,0,0,0,0,0,0,0,0,0,0,0,0,0,0,0,0,0,0,0,0,0,0,0,0,0,0,0,0,0,0,0,0,0,0,0,0,0,0,0,0,0,0,0,0,0,0,0,0,0,0,0,0,0,0,0,0,0,0,0,0,0,0,0,0,0,0,0,0,0,0,0,0,0,0,0,0,0,0,0,0,0,0,0,0,0,0,0,0,0,0,0,0,0,0,0,0,0,0,0,0,0,0,0,0,0,0,0,0,0,0,0,0,0,0,0,0,0,0,0,0,0,0,0,0,0,0,0,0,0,0,0,0,0,0,0,0,0,0,0,0,0,0,0,0,0,0,0,0,0,0,0,0,0,0,0,0,0,0,0,0,0,0,0,0,0,0,0,0,0,0,0,0,0,0,0,0,0,0,0,0,0,0,0,0,0,0,0,0,5,0,0,0,0,0,0,0,0,0,0,0,0,0,0,0,0,0,0,0,0,0,0,0,0,0,0,0,0,0,0,0,0,0,0,0,0,0,0,0,0,0,0,0,0,0,0,0,0,0,0,0,2,44,23,0,30,0,0,25,0,0,0,0,0,0,0,0,0,0,0,0,0,0,0,0,0,0,0,0,0,0,0,0,0,0
"2020-01-04","Rajasthan","8","Churu","96","Ratangarh","485","Total",15,44925,1399,0,176,0,0,25,146,0,0,0,11,159,0,0,0,47,33,0,0,0,0,0,11,47,34,33,159,11,47,34,33,47,34,33,4,25,11,15,152,0,0,132,0,0,0,0,0,6,0,0,0,0,4,13,12,23,19,15,0,0,0,0,0,0,0,0,0,0,0,0,16,0,0,0,0,229,0,111,1,2,0,2,5,3,5,9,6,0,0,0,3,356,132,398,0,0,107,121,2,0,0,0,0,99,92,0,0,0,0,0,0,14,0,0,1,4,0,13,1,0,2,50,0,8,0,0,8,0,0,1,1,2,0,0,0,47,63,0,0,0,0,11,0,0,0,0,0,13,1178,0,0,0,475,0,3,5390,0,0,0,0,0,0,0,0,14,0,23,0,7,2094,8,0,0,0,0,0,1,0,191,46,0,23,5436,0,0,0,30,0,0,0,0,0,0,268,193,0,187,22,187,7,187,0,29,0,0,0,0,74,3,502,326,154,0,406,323,3,0,289,0,142,111,50,356,18,6,285,0,219,0,48,1,0,0,5,18,179,0,0,27,131,48,156,0,0,1,425,99,0,0,0,25,425,473,7,594,1,0,247,9,0,16,0,0,0,266,270,84,4,0,0,1,4,0,0,0,519,0,0,0,509,1,92,11,5
"2019-01-08","Maharashtra","27","Nagpur","484","Umred","4034","Rural",4,11498,0,0,32,207,0,185,75,0,0,0,172,22,0,0,0,50,53,0,0,0,0,0,183,127,145,139,27,172,127,145,139,106,5,7,0,183,63,46,23,0,0,0,0,0,0,0,0,0,0,0,0,0,0,93,92,861,604,375,0,0,0,0,0,0,0,0,0,0,0,0,0,0,0,0,12,41,131,131,0,0,0,0,0,0,0,0,1,0,0,0,13,217,15,114,0,0,33,10,3,0,0,0,0,12,11,0,0,0,0,0,0,43,0,0,2,17,14,0,0,0,2,15,0,3,0,1,3,2,0,1,0,0,63,0,0,0,0,0,0,0,0,0,0,0,0,0,0,720,4288,0,0,187,238,0,0,723,0,0,0,0,0,0,0,0,6,0,0,0,0,611,0,0,129,0,0,0,1,0,23,28,22,5,1015,0,0,0,0,0,0,0,0,0,0,23,22,0,23,3,62,0,23,8,3,0,0,0,0,14,0,159,66,0,0,148,157,0,0,165,0,171,121,63,155,0,0,157,0,157,0,0,0,140,0,0,22,10,0,0,32,32,41,41,0,0,1,158,1,0,0,0,2,10,29,0,44,0,0,39,0,0,0,0,0,0,0,0,284,17,14,0,0,0,0,0,0,3494,0,0,0,170,0,0,21,0
"2019-01-07","Rajasthan","8","Pali","111","Jaitaran","597","Total",22,31972,399,0,15,0,0,290,294,0,0,0,294,97,0,0,0,275,246,0,22,0,0,0,274,347,299,332,200,294,347,299,332,304,263,278,0,250,79,45,200,0,17,44,4,0,0,0,0,35,5,0,0,10,2,136,154,140,113,150,0,0,0,0,0,0,0,17,9,2,2,1,10,0,0,0,45,62,278,284,0,3,0,1,23,1,2,5,25,0,3,0,45,940,114,1078,0,0,225,81,135,2,4,0,0,177,173,0,0,0,0,0,0,13,0,7,1,0,0,7,0,1,0,8,0,1,0,2,2,0,0,0,0,0,7,0,0,0,0,0,0,0,0,12,0,0,0,0,0,9,585,0,0,0,651,0,3,3501,0,0,0,0,0,0,0,1,15,0,46,0,61,1819,4,0,207,0,0,0,4,0,348,17,0,10,11292,44,5,0,65,0,0,0,0,0,0,110,83,0,347,15,96,0,347,0,13,0,0,0,0,72,3,93,442,257,0,371,206,0,0,214,0,245,230,199,445,9,4,320,112,219,0,28,9,0,0,5,0,132,0,0,12,12,41,21,0,0,1,253,26,5,1,5,124,1211,330,91,429,25,0,219,24,0,43,0,0,0,0,670,27,0,0,2,5,2,0,0,0,716,0,0,0,444,2,216,57,2
"2020-01-05","Odisha","21","Nabarangpur","366","Tentulikhunti","3197","Private",0,0,0,0,0,0,0,0,0,0,0,0,0,0,0,0,0,0,0,0,0,0,0,0,0,0,0,0,0,0,0,0,0,0,0,0,0,0,0,0,0,0,0,0,0,0,0,0,0,0,0,0,0,0,0,0,0,0,0,0,0,0,0,0,0,0,0,0,0,0,0,0,0,0,0,0,0,0,0,0,0,0,0,0,0,0,0,0,0,0,0,0,0,0,0,0,0,0,0,0,0,0,0,0,0,0,0,0,0,0,0,0,0,0,0,0,0,0,0,0,0,0,0,0,0,0,0,0,0,0,0,0,0,0,0,0,0,0,0,0,0,0,0,0,0,0,0,0,0,0,0,0,0,0,0,0,0,0,0,0,0,0,0,0,0,0,0,0,0,0,0,0,0,0,0,0,0,0,0,0,0,0,0,0,0,0,0,0,0,0,0,0,0,0,0,0,0,0,0,0,0,0,0,0,0,0,0,0,0,0,0,0,0,0,0,0,0,0,0,0,0,0,0,0,0,0,0,0,0,0,0,0,0,0,0,0,0,0,0,0,0,0,0,0,0,0,0,0,0,0,0,0,0,0,0,0,0,0,0,0,0,0,0,0,0,0,0,0,0,0,0,0,0,0,0,0,0,0,0,0,0,0,0,0,0,0
"2019-01-04","Uttar Pradesh","9","Sonbhadra","184","Nagawa","1005","Urban",0,0,0,0,0,0,0,0,0,0,0,0,0,0,0,0,0,0,0,0,0,0,0,0,0,0,0,0,0,0,0,0,0,0,0,0,0,0,0,0,0,0,0,0,0,0,0,0,0,0,0,0,0,0,0,0,0,0,0,0,0,0,0,0,0,0,0,0,0,0,0,0,0,0,0,0,0,0,0,0,0,0,0,0,0,0,0,0,0,0,0,0,0,0,0,0,0,0,0,0,0,0,0,0,0,0,0,0,0,0,0,0,0,0,0,0,0,0,0,0,0,0,0,0,0,0,0,0,0,0,0,0,0,0,0,0,0,0,0,0,0,0,0,0,0,0,0,0,0,0,0,0,0,0,0,0,0,0,0,0,0,0,0,0,0,0,0,0,0,0,0,0,0,0,0,0,0,0,0,0,0,0,0,0,0,0,0,0,0,0,0,0,0,0,0,0,0,0,0,0,0,0,0,0,0,0,0,0,0,0,0,0,0,0,0,0,0,0,0,0,0,0,0,0,0,0,0,0,0,0,0,0,0,0,0,0,0,0,0,0,0,0,0,0,0,0,0,0,0,0,0,0,0,0,0,0,0,0,0,0,0,0,0,0,0,0,0,0,0,0,0,0,0,0,0,0,0,0,0,0,0,0,0,0,0,0
"2019-01-10","Chhattisgarh","22","Gariyaband","645","Mainpur","3337","Public",16,7412,0,0,0,0,0,188,198,0,0,0,173,133,0,0,0,178,187,0,0,0,0,0,173,178,149,187,150,173,178,149,187,167,134,162,0,183,0,5,115,0,0,30,0,0,0,0,0,0,0,0,0,0,0,107,81,103,91,86,0,0,0,0,0,0,0,0,1,0,4,1,11,0,0,0,60,0,256,264,0,0,0,0,1,0,6,0,2,1,0,0,21,248,20,160,0,6,78,14,0,1,31,0,0,88,97,0,3,0,20,10,0,44,0,4,2,0,0,4,1,0,0,12,0,0,0,1,4,0,1,1,0,0,250,0,0,0,0,0,0,2,4,0,0,0,0,0,1,3,0,0,0,0,719,0,1,3000,0,0,0,0,0,0,0,0,2,0,0,0,0,2054,0,11,253,0,0,0,0,0,177,4,0,6,3567,0,4,0,0,0,0,0,0,0,0,97,118,0,185,18,106,5,185,0,12,0,3,0,0,61,14,113,197,54,0,188,140,0,0,228,0,230,245,0,246,8,5,265,95,265,2,0,2,24,0,4,0,0,0,0,0,0,0,0,0,0,2,193,34,35,0,0,0,22,1927,0,1877,1,0,29,0,0,23,0,0,0,0,52,2883,0,0,0,0,7,0,0,0,76,0,0,0,222,194,395,213,13
"2019-01-11","Karnataka","29","Ballari","528","Hagaribommanahalli","5497","Public",2,23954,37,0,47,292,5,250,279,0,0,0,251,224,0,0,0,207,145,0,0,0,0,0,165,216,244,238,227,232,271,286,285,272,271,231,0,230,14,0,214,0,4,51,10,0,0,0,0,0,0,12,0,0,40,128,128,23,32,5,0,0,0,0,0,0,0,0,0,0,0,1,20,0,0,6,372,117,170,170,0,0,0,0,11,3,3,0,18,1,0,0,93,1047,90,1149,0,0,719,72,32,0,225,0,0,120,118,0,0,0,0,0,1,265,0,13,1,56,17,0,4,1,0,87,0,2,0,1,6,5,0,0,3,0,47,0,0,7,31,0,0,0,0,25,0,0,0,0,0,6,0,0,0,253,469,0,0,1751,0,0,0,0,0,0,1,0,12,0,12,0,0,2308,0,0,134,0,0,0,0,0,238,69,11,10,7911,92,0,0,20,0,0,0,0,0,0,51,96,0,211,44,136,0,237,1,63,0,0,0,4,32,0,329,322,202,0,289,144,0,0,287,0,185,172,113,237,16,16,256,0,273,0,0,2,24,0,0,35,51,0,1,31,25,97,53,1,1,0,333,361,1,0,0,2,405,163,49,170,16,1,705,2,0,20,0,0,0,0,237,14,56,17,0,0,2,0,0,0,3530,25,0,0,348,285,1261,189,0
"2019-01-11","Telangana","36","Nirmal","680","Others","9999","Public",0,0,0,0,0,0,0,0,0,0,0,0,0,0,0,0,0,0,0,0,0,0,0,0,0,0,0,0,0,0,0,0,0,0,0,0,0,0,0,0,0,0,0,0,0,0,0,0,0,0,0,0,0,0,0,0,0,0,0,0,0,0,0,0,0,0,0,0,0,0,0,0,0,0,0,0,0,0,0,0,0,0,0,0,0,0,0,0,0,0,0,0,0,0,0,0,0,0,0,0,0,0,0,0,0,0,0,0,0,0,0,0,0,0,0,0,0,0,0,0,0,0,0,0,0,0,0,0,0,0,0,0,0,0,0,0,0,0,0,0,0,0,0,0,0,0,0,0,0,0,0,0,0,0,0,0,0,0,0,0,0,0,0,0,0,0,0,0,0,0,0,0,0,0,0,0,0,0,0,0,0,0,0,0,0,0,0,0,0,0,0,0,0,0,0,0,0,0,0,0,0,0,0,0,0,0,0,0,0,0,0,0,0,0,0,0,0,0,0,0,0,0,0,0,0,0,0,0,0,0,0,0,0,0,0,0,0,0,0,0,0,0,0,0,0,0,0,0,0,0,0,0,0,0,0,0,0,0,0,0,0,0,0,0,0,0,0,0,0,0,0,0,0,0,0,0,0,0,0,0,0,0,0,0,0,0
"2019-01-11","Uttar Pradesh","9","Jhansi","153","Mauranipur","859","Urban",0,0,0,0,0,0,0,0,0,0,0,0,0,0,0,0,0,0,0,0,0,0,0,0,0,0,0,0,0,0,0,0,0,0,0,0,0,0,0,0,0,0,0,0,0,0,0,0,0,0,0,0,0,0,0,0,0,0,0,0,0,0,0,0,0,0,0,0,0,0,0,0,0,0,0,0,0,0,0,0,0,0,0,0,0,0,0,0,0,0,0,0,0,0,0,0,0,0,0,0,0,0,0,0,0,0,0,0,0,0,0,0,0,0,0,0,0,0,0,0,0,0,0,0,0,0,0,0,0,0,0,0,0,0,0,0,0,0,0,0,0,0,0,0,0,0,0,0,0,0,0,0,0,0,0,0,0,0,0,0,0,0,0,0,0,0,0,0,0,0,0,0,0,0,0,0,0,0,0,0,0,0,0,0,0,0,0,0,0,0,0,0,0,0,0,0,0,0,0,0,0,0,0,0,0,0,0,0,0,0,0,0,0,0,0,0,0,0,0,0,0,0,0,0,0,0,0,0,0,0,0,0,0,0,0,0,0,0,0,0,0,0,0,0,0,0,0,0,0,0,0,0,0,0,0,0,0,0,0,0,0,0,0,0,0,0,0,0,0,0,0,0,0,0,0,0,0,0,0,0,0,0,0,0,0,0
"2019-01-05","Jharkhand","20","Koderma","334","Jainagar","2529","Total",5,2995,520,0,19,0,0,258,335,0,0,0,284,48,0,0,0,321,325,0,0,0,0,0,271,336,342,348,103,284,336,342,348,316,361,360,0,247,0,38,151,0,0,308,60,0,0,0,0,0,0,0,0,0,450,124,128,117,148,160,0,0,0,0,0,0,0,0,0,0,0,0,34,0,0,1,151,33,189,192,0,1,1,1,2,0,0,0,0,0,0,0,45,40,2,14,0,0,0,1,0,0,0,0,0,97,93,0,0,0,0,0,0,94,0,0,0,7,0,0,0,0,0,0,0,0,0,0,0,0,0,3,0,0,124,0,0,0,0,0,0,0,0,122,0,0,0,0,0,0,2074,0,0,0,658,0,0,6366,0,0,0,0,0,0,0,0,5,0,85,0,0,168,0,0,162,0,0,0,0,0,194,12,0,7,1975,0,0,0,0,0,0,0,0,0,0,0,119,0,190,4,152,0,190,0,1,0,0,0,0,17,0,161,473,248,0,323,81,0,0,130,0,327,331,4,362,1,0,336,0,351,0,209,0,0,0,0,0,0,0,0,19,19,33,33,0,0,0,294,1,194,0,0,0,12,3,0,12,0,0,109,0,0,81,0,0,0,0,0,440,7,0,0,0,4,0,0,0,781,0,0,0,367,0,0,213,0
"2019-01-06","Rajasthan","8","Nagaur","110","Degana","563","Total",4,21749,1239,0,3,0,0,499,324,0,0,0,323,152,0,0,0,237,222,0,0,0,0,0,323,332,276,307,154,323,333,289,297,333,288,303,0,387,230,141,129,0,0,183,0,0,1,0,0,11,0,0,0,3,0,243,256,223,199,232,0,0,1,0,0,0,0,0,1,0,2,0,13,0,0,0,75,6,203,204,0,6,0,0,55,0,33,14,86,0,0,0,105,1167,48,748,0,0,1082,22,125,3,3,0,0,99,96,0,0,1,0,0,0,62,1,14,0,6,6,0,0,0,1,3,0,0,0,0,5,0,0,0,0,0,24,0,0,0,0,0,0,1,0,18,0,0,0,0,0,11,4470,0,0,0,508,0,0,2674,0,0,0,0,0,0,0,0,7,0,18,0,96,1071,1,1,175,0,0,0,0,0,196,71,0,17,6084,67,0,0,90,0,0,0,0,0,0,116,80,0,191,6,71,2,192,1,5,0,0,0,1,28,2,0,382,137,0,164,260,0,0,214,1,323,260,206,487,4,3,302,14,252,0,120,2,0,0,11,47,118,0,9,7,7,4,3,0,0,0,415,22,0,0,0,3,85,284,0,533,5,0,76,2,0,31,0,0,0,0,135,140,6,5,0,0,4,0,0,0,602,18,0,0,528,5,294,12,0
"2020-01-01","Rajasthan","8","Bhilwara","92","Mandal","631","Total",5,12454,900,0,30,0,0,299,206,0,0,0,314,126,0,0,0,366,323,0,0,0,0,5,263,397,374,364,129,314,402,377,361,398,367,361,10,298,97,71,123,0,0,23,0,0,0,0,0,0,0,0,0,0,0,152,146,269,267,272,0,0,0,0,0,0,0,0,1,0,0,0,6,0,0,0,2,55,235,236,0,0,0,0,17,6,11,7,0,0,0,0,0,175,60,273,0,0,13,72,0,0,0,0,0,91,95,0,0,0,0,0,0,7,0,0,0,15,2,0,1,0,0,5,0,0,0,0,2,1,0,1,0,0,2,0,0,0,0,0,0,0,0,32,0,0,0,0,0,445,4574,0,0,0,1741,0,0,10296,0,0,0,0,0,0,0,0,2,0,39,0,0,575,0,0,70,0,0,0,0,0,187,37,0,17,1787,234,0,0,13,0,0,0,0,0,0,163,102,0,186,84,47,0,186,1,2,0,0,0,3,41,4,117,84,30,0,539,202,0,0,220,0,254,252,145,224,2,1,257,0,227,0,15,2,0,0,0,0,10,0,0,30,25,55,30,0,0,0,309,3,1,0,0,0,81,89,1,110,0,0,55,0,0,7,0,0,0,0,156,0,15,2,0,0,1,0,0,0,164,0,0,0,400,0,42,27,17
"2020-01-08","Madhya Pradesh","23","Khargone","414","Maheshwar","3546","Public",4,11531,634,0,0,0,0,474,244,0,0,0,300,236,0,0,0,288,406,0,0,0,10,0,318,296,350,412,239,298,296,350,410,298,351,405,0,462,2120,2704,239,0,0,6,0,0,0,0,0,0,0,1,0,0,0,223,251,177,163,265,0,0,0,0,0,0,0,0,0,0,0,0,12,0,0,0,23,0,209,208,0,0,0,0,9,29,4,2,0,0,0,0,1,377,3,125,0,0,214,48,0,27,0,0,0,116,127,0,0,1,4,0,2,43,0,0,10,61,18,0,3,0,3,18,0,0,0,1,1,2,0,2,4,0,123,0,0,0,0,2,0,0,2,43,0,0,0,0,0,513,4980,0,0,0,1922,0,0,10895,0,0,0,0,0,0,0,0,18,0,7,0,0,1423,1,1,208,0,0,0,2,0,245,2,7,15,2796,0,0,0,0,0,0,0,0,0,0,251,229,0,240,52,5,1,241,0,42,0,1,0,4,25,30,229,310,13,0,203,210,7,0,219,1,222,306,12,128,0,0,239,0,232,0,0,0,371,0,0,6,0,0,0,0,0,0,0,0,0,3,231,10,0,0,0,0,46,166,0,185,5,0,35,1,0,0,0,0,0,0,154,533,61,18,0,0,6,0,0,0,792,2,0,0,262,2,99,225,152
"2020-01-07","Gujarat","24","Amreli","439","Savar Kundla","3846","Urban",0,558,0,0,0,0,0,93,138,0,0,0,103,56,0,0,0,116,95,0,0,0,0,49,0,116,104,91,138,103,116,104,91,116,104,91,0,94,104,0,56,0,0,0,0,0,0,0,0,0,0,0,0,0,0,44,50,68,54,81,0,0,0,0,0,0,1,0,0,0,0,0,0,0,0,0,0,0,48,47,0,0,0,0,0,0,0,0,0,0,0,0,0,0,0,0,0,0,0,0,0,0,0,0,0,104,113,0,0,0,0,0,0,0,0,0,0,0,0,0,0,0,0,0,0,0,0,0,0,0,0,0,0,0,0,0,0,0,0,0,0,0,0,2,0,0,0,0,0,0,0,0,0,0,246,0,0,327,0,0,0,0,0,0,0,0,0,0,0,0,0,21,0,1,39,0,0,0,0,0,216,5,0,3,201,17,0,0,0,0,0,0,0,0,0,56,56,0,217,16,0,0,217,0,0,0,0,0,0,13,1,0,18,0,0,141,79,0,0,56,0,78,91,37,90,18,0,164,0,108,0,0,0,0,0,0,0,0,0,0,0,0,0,0,0,0,0,107,0,56,0,0,0,0,0,0,0,0,0,0,0,0,0,0,0,0,0,0,0,0,0,0,0,0,0,0,0,337,0,0,0,196,0,1,1,0
"2019-01-06","Odisha","21","Sundargarh","373","Lahunipada","2827","Public",11,5299,1487,0,0,0,0,159,125,0,0,0,142,111,0,0,0,188,157,0,0,0,0,0,142,183,136,147,111,142,183,136,147,183,136,147,0,159,0,0,0,0,0,35,0,0,9,0,0,0,0,0,0,0,0,79,80,51,59,117,0,0,0,0,0,0,0,0,0,0,0,5,8,0,0,0,0,0,82,82,0,0,0,0,0,0,0,0,6,0,1,0,45,291,77,1311,0,6,113,76,2,0,47,0,0,59,65,0,5,0,21,2,0,1,0,11,0,22,4,0,2,0,0,34,0,0,0,0,9,1,0,0,0,1,183,0,0,0,0,0,0,121,0,0,0,0,0,0,0,0,0,0,0,0,650,0,0,1992,0,0,0,0,0,0,0,0,18,0,39,0,0,1047,3,0,82,0,0,0,0,0,121,6,0,11,656,0,1,0,0,0,0,0,0,0,0,16,104,0,119,30,150,0,124,0,20,0,4,0,0,28,6,169,0,0,0,126,98,0,0,67,0,108,148,6,111,0,0,130,0,130,0,0,0,9,0,0,0,173,0,0,0,0,0,0,0,0,0,90,0,32,0,0,0,83,202,9,388,1,0,233,0,0,13,0,0,0,0,187,817,22,4,0,0,0,0,0,0,125,0,0,0,114,28,53,174,3
"2020-01-11","Odisha","21","Baleshwar","346","Jaleswar","2890","Urban",0,0,0,0,0,0,0,0,0,0,0,0,0,0,0,0,0,0,0,0,0,0,0,0,0,0,0,0,0,0,0,0,0,0,0,0,0,0,0,0,0,0,0,0,0,0,0,0,0,0,0,0,0,0,0,0,0,0,0,0,0,0,0,0,0,0,0,0,0,0,0,0,0,0,0,0,0,0,0,0,0,0,0,0,0,0,0,0,0,0,0,0,0,0,0,0,0,0,0,0,0,0,0,0,0,0,0,0,0,0,0,0,0,0,0,0,0,0,0,0,0,0,0,0,0,0,0,0,0,0,0,0,0,0,0,0,0,0,0,0,0,0,0,0,0,0,0,0,0,0,0,0,0,0,0,0,0,0,0,0,0,0,0,0,0,0,0,0,0,0,0,0,0,0,0,0,0,0,0,0,0,0,0,0,0,0,0,0,0,0,0,0,0,0,0,0,0,0,0,0,0,0,0,0,0,0,0,0,0,0,0,0,0,0,0,0,0,0,0,0,0,0,0,0,0,0,0,0,0,0,0,0,0,0,0,0,0,0,0,0,0,0,0,0,0,0,0,0,0,0,0,0,0,0,0,0,0,0,0,0,0,0,0,0,0,0,0,0,0,0,0,0,0,0,0,0,0,0,0,0,0,0,0,0,0,0
"2020-01-10","Bihar","10","Gaya","196","Mohanpur","1509","Private",0,0,0,0,0,0,0,0,0,0,0,0,0,0,0,0,0,0,0,0,0,0,0,0,0,0,0,0,0,0,0,0,0,0,0,0,0,0,0,0,0,0,0,0,0,0,0,0,0,0,0,0,0,0,0,0,0,0,0,0,0,0,0,0,0,0,0,0,0,0,0,0,0,0,0,0,0,0,0,0,0,0,0,0,0,0,0,0,0,0,0,0,0,0,0,0,0,0,0,0,0,0,0,0,0,0,0,0,0,0,0,0,0,0,0,0,0,0,0,0,0,0,0,0,0,0,0,0,0,0,0,0,0,0,0,0,0,0,0,0,0,0,0,0,0,0,0,0,0,0,0,0,0,0,0,0,0,0,0,0,0,0,0,0,0,0,0,0,0,0,0,0,0,0,0,0,0,0,0,0,0,0,0,0,0,0,0,0,0,0,0,0,0,0,0,0,0,0,0,0,0,0,0,0,0,0,0,0,0,0,0,0,0,0,0,0,0,0,0,0,0,0,0,0,0,0,0,0,0,0,0,0,0,0,0,0,0,0,0,0,0,0,0,0,0,0,0,0,0,0,0,0,0,0,0,0,0,0,0,0,0,0,0,0,0,0,0,0,0,0,0,0,0,0,0,0,0,0,0,0,0,0,0,0,0,0
"2019-01-10","Tamil Nadu","33","Thiruvarur","590","Tiruvarur  Mpty","5806","Rural",0,0,0,0,0,0,0,0,0,0,0,0,0,0,0,0,0,0,0,0,0,0,0,0,0,0,0,0,0,0,0,0,0,0,0,0,0,0,0,0,0,0,0,0,0,0,0,0,0,0,0,0,0,0,0,0,0,0,0,0,0,0,0,0,0,0,0,0,0,0,0,0,0,0,0,0,0,0,0,0,0,0,0,0,0,0,0,0,0,0,0,0,0,0,0,0,0,0,0,0,0,0,0,0,0,0,0,0,0,0,0,0,0,0,0,0,0,0,0,0,0,0,0,0,0,0,0,0,0,0,0,0,0,0,0,0,0,0,0,0,0,0,0,0,0,0,0,0,0,0,0,0,0,0,0,0,0,0,0,0,0,0,0,0,0,0,0,0,0,0,0,0,0,0,0,0,0,0,0,0,0,0,0,0,0,0,0,0,0,0,0,0,0,0,0,0,0,0,0,0,0,0,0,0,0,0,0,0,0,0,0,0,0,0,0,0,0,0,0,0,0,0,0,0,0,0,0,0,0,0,0,0,0,0,0,0,0,0,0,0,0,0,0,0,0,0,0,0,0,0,0,0,0,0,0,0,0,0,0,0,0,0,0,0,0,0,0,0,0,0,0,0,0,0,0,0,0,0,0,0,0,0,0,0,0,0
"2020-01-04","Madhya Pradesh","23","Agar Malwa","667","Badod","3517","Urban",0,0,0,0,0,0,0,0,0,0,0,0,0,0,0,0,0,0,0,0,0,0,0,0,0,0,0,0,0,0,0,0,0,0,0,0,0,0,0,0,0,0,0,0,0,0,0,0,0,0,0,0,0,0,0,0,0,0,0,0,0,0,0,0,0,0,0,0,0,0,0,0,0,0,0,0,0,0,0,0,0,0,0,0,0,0,0,0,0,0,0,0,0,0,0,0,0,0,0,0,0,0,0,0,0,0,0,0,0,0,0,0,0,0,0,0,0,0,0,0,0,0,0,0,0,0,0,0,0,0,0,0,0,0,0,0,0,0,0,0,0,0,0,0,0,0,0,0,0,0,0,0,0,0,0,0,0,0,0,0,0,0,0,0,0,0,0,0,0,0,0,0,0,0,0,0,0,0,0,0,0,0,0,0,0,0,0,0,0,0,0,0,0,0,0,0,0,0,0,0,0,0,0,0,0,0,0,0,0,0,0,0,0,0,0,0,0,0,0,0,0,0,0,0,0,0,0,0,0,0,0,0,0,0,0,0,0,0,0,0,0,0,0,0,0,0,0,0,0,0,0,0,0,0,0,0,0,0,0,0,0,0,0,0,0,0,0,0,0,0,0,0,0,0,0,0,0,0,0,0,0,0,0,0,0,0
"2020-01-02","West Bengal","19","Howrah","313","Udaynarayanpur","2398","Rural",8,25336,147,0,2,201,0,201,210,0,0,0,262,177,0,0,0,257,285,0,0,0,0,0,262,267,285,294,187,261,267,285,294,246,268,276,0,201,65,153,180,0,0,19,9,0,0,0,0,0,0,0,0,0,14,109,92,220,194,249,0,0,4,0,0,0,0,8,2,16,13,8,40,0,0,0,54,58,109,109,0,0,0,0,3,2,2,5,84,3,11,0,34,391,108,1809,1,1,227,5,1,0,0,0,0,87,93,0,0,1,0,0,0,152,0,8,9,0,0,37,0,0,2,25,0,16,0,6,7,2,0,3,1,0,61,0,0,0,0,0,0,0,13,57,0,0,0,0,0,101,9365,0,0,261,2694,0,0,11700,0,0,0,0,0,0,0,0,0,0,22,0,0,980,0,0,107,0,0,0,0,0,180,83,5,30,4134,0,128,0,0,0,0,0,0,0,0,391,339,0,177,27,208,0,180,0,4,1,5,0,25,139,6,419,81,0,0,183,168,0,0,239,0,238,239,6,237,1,0,300,0,327,0,0,2,4,0,7,84,133,0,0,0,2,55,58,0,0,2,240,5,0,0,0,3,155,307,26,779,0,0,386,4,0,1029,0,0,0,240,209,122,0,0,0,0,0,0,0,0,158,66,0,0,246,0,6,378,0
"2019-01-09","Madhya Pradesh","23","Rewa","424","Jawa","3472","Public",5,12156,0,0,33,0,0,520,481,0,0,0,366,466,0,0,0,493,423,0,0,12,12,2,366,493,449,423,466,378,493,449,423,488,448,427,0,507,119,97,473,0,0,202,0,0,0,0,0,0,0,0,0,0,0,233,284,257,258,321,0,0,0,0,0,0,0,0,0,0,0,0,0,0,0,0,265,49,310,310,0,0,0,0,20,0,7,0,0,0,0,0,0,481,16,53,0,0,122,28,0,0,0,0,0,227,246,0,0,0,0,2,0,74,0,0,0,33,3,0,0,0,1,0,0,0,0,0,0,0,0,0,0,0,263,0,0,0,0,0,0,5,0,60,0,0,0,1,0,14,834,35,35,0,1296,0,1,3005,0,0,0,0,0,0,0,0,7,0,0,0,0,722,1,0,310,0,0,0,0,0,474,97,0,24,2237,3,0,0,0,0,0,0,1,0,0,452,444,0,473,7,367,2,473,1,26,0,0,0,0,196,0,631,913,167,0,638,647,0,0,386,0,559,320,87,162,39,0,339,0,571,0,0,0,83,0,0,0,0,0,0,33,33,49,49,0,0,0,388,16,0,0,0,0,84,35,0,33,0,0,79,0,0,0,0,0,0,0,140,1021,33,3,0,0,2,0,0,0,417,0,0,0,650,1,60,1,3
"2019-01-10","Maharashtra","27","Nagpur","484","Katol","4024","Public",5,16264,951,0,0,144,0,141,100,0,0,0,126,43,0,0,0,122,81,2,0,0,0,0,118,148,153,137,59,126,153,150,136,151,144,94,10,127,138,130,44,0,0,0,0,0,0,0,0,0,0,0,0,0,0,57,73,136,100,125,0,0,0,0,0,0,0,8,7,8,30,13,30,0,0,1,267,0,132,132,1,0,0,0,1,0,0,0,38,0,1,0,52,348,218,572,0,0,260,64,166,7,0,0,0,23,24,0,0,0,0,0,1,360,0,0,8,1,2,0,3,0,4,13,0,11,0,4,18,5,0,7,3,0,140,0,0,2,2,0,0,0,0,0,0,0,0,1,0,0,5356,0,0,126,78,2,2,1921,0,0,0,0,0,0,0,0,2,0,0,0,253,880,0,0,94,0,0,0,0,0,49,20,25,3,3403,0,10,0,321,0,0,0,0,0,0,50,50,0,46,1,18,0,46,0,4,0,0,0,1,7,1,108,288,0,0,135,153,0,0,83,0,125,109,39,143,0,0,157,0,143,0,0,0,11,0,0,42,17,0,0,0,0,0,0,2,0,1,137,22,3,0,0,7,28,45,12,56,20,0,268,8,0,200,0,0,0,0,137,252,1,2,0,0,4,0,0,0,2899,6,0,0,144,0,106,13,0
"2019-01-07","Punjab","3","Rupnagar","42","Anandpur Sahib Sdh","262","Total",2,12938,0,0,4,0,0,34,51,0,0,0,29,51,0,0,0,27,24,0,0,0,0,0,29,27,28,24,51,29,27,28,24,0,0,0,0,0,0,0,51,0,0,0,0,0,0,0,0,0,0,0,0,0,0,16,18,6,0,15,1,0,1,0,0,0,0,10,0,3,31,5,85,0,0,0,117,3,9,9,0,0,0,0,0,0,0,0,8,2,6,0,26,249,28,1623,3,0,169,28,3,3,0,0,0,29,22,0,0,0,0,0,0,316,0,6,0,30,30,0,0,0,0,0,0,0,0,0,0,0,0,0,0,0,0,0,0,172,172,0,0,0,0,0,0,0,0,0,0,0,0,0,0,0,292,18,0,2060,0,0,0,0,0,0,0,0,14,0,19,0,73,890,0,0,9,0,0,0,0,0,50,11,10,1,8940,0,25,0,73,0,0,0,0,0,0,0,0,0,51,9,0,0,51,0,19,0,1,0,0,17,0,150,125,182,0,29,29,0,0,0,0,25,28,1,25,1,1,29,182,25,0,0,0,0,0,0,68,188,0,8,4,4,3,3,1,1,0,19,2,4,0,0,101,821,356,5,286,12,2,953,2,0,856,0,0,0,45,802,0,30,30,0,0,0,0,0,0,885,23,0,0,25,0,204,24,0
"2019-01-12","Karnataka","29","Kalaburagi","538","Aland","5580","Urban",0,1093,0,0,0,0,0,83,33,0,0,0,88,0,0,0,0,76,79,0,0,0,0,0,88,76,76,79,0,88,76,76,79,76,76,79,0,0,0,0,0,0,0,0,0,0,0,0,0,0,0,0,0,0,0,39,44,687,700,517,0,0,0,0,0,0,0,0,0,0,0,0,0,0,0,0,4,0,13,13,0,0,0,0,0,0,0,0,0,0,0,0,0,0,0,0,0,0,0,0,0,0,0,0,0,20,34,0,0,0,0,0,0,0,0,0,0,0,0,0,0,0,0,0,0,0,0,0,0,0,0,0,0,0,0,0,0,0,0,0,0,0,0,0,0,0,0,0,0,0,0,0,0,0,0,0,0,0,0,0,0,0,0,0,0,0,0,0,0,0,0,0,0,0,0,0,0,0,0,0,51,0,0,0,475,9,0,0,0,0,0,0,0,0,0,0,0,0,51,0,51,0,51,0,0,0,0,0,0,0,0,0,17,0,0,62,62,0,0,47,0,57,48,53,0,0,0,62,0,0,0,0,0,0,0,0,0,0,0,0,0,0,0,0,0,0,0,47,0,0,0,0,0,0,14,0,39,0,0,0,0,0,0,0,0,0,0,0,0,0,0,0,0,0,0,0,0,0,24,0,0,78,0,9,0,0
"2019-01-05","Tripura","16","Dhalai","269","Ambasa Health Sub Division","6697","Urban",0,47,0,0,0,13,0,12,0,0,0,0,12,0,0,0,0,1,2,0,0,0,0,0,13,1,5,2,0,12,1,5,2,1,5,2,0,12,3,2,0,0,0,0,0,0,0,0,0,0,0,0,0,0,0,5,7,5,2,8,0,0,0,0,0,0,0,0,0,0,0,0,0,0,0,0,0,0,4,4,0,0,0,0,0,0,0,0,0,0,0,0,0,0,0,0,0,0,0,0,0,0,0,0,0,0,0,0,0,0,0,0,0,0,0,0,0,0,0,0,0,0,1,2,0,0,0,0,0,0,0,0,1,0,0,0,0,0,0,0,0,0,0,0,0,0,0,0,0,0,0,0,0,16,0,0,0,0,0,0,0,0,0,0,0,0,0,0,0,0,0,0,0,0,4,0,0,0,0,0,0,0,0,0,0,0,0,0,0,0,0,0,0,0,0,0,0,0,0,0,0,0,0,0,0,0,0,0,0,0,0,5,0,0,0,4,0,0,0,0,0,2,5,1,0,0,0,1,0,0,0,0,0,0,0,0,0,0,0,0,0,0,0,0,0,0,0,3,0,0,0,0,0,0,0,0,0,0,0,0,0,0,0,0,0,0,0,0,3,0,0,0,0,0,0,0,0,0,0,0,0,10,0,0,0,0
"2020-01-06","Manipur","14","Churachandpur","254","Others","9999","Rural",14,11028,206,140,16,147,0,160,402,0,0,0,246,383,0,0,0,313,300,1,0,0,0,1,290,382,548,335,389,245,382,548,335,336,494,297,0,172,97,78,385,0,0,199,40,0,0,0,0,0,0,0,0,0,57,170,171,49,27,74,0,0,4,0,0,0,0,1,3,0,121,3,23,0,0,9,314,38,60,62,4,1,0,0,2,0,0,2,43,5,11,0,36,901,94,3074,0,0,440,116,4,0,0,0,0,186,241,36,0,1,1,1,10,238,0,8,6,92,12,10,0,0,0,1,0,0,2,1,8,2,0,1,0,0,110,0,0,153,154,1,0,0,14,3,0,0,0,0,0,0,0,0,0,269,383,14,0,1703,0,0,0,0,0,0,12,3,15,6,13,11,44,1177,29,9,47,0,0,0,1,1,390,57,0,85,2425,0,7,0,30,0,0,0,0,0,0,300,296,0,381,20,16,23,427,0,48,0,0,0,3,0,10,94,829,602,1,487,514,2,0,18,0,305,260,94,294,49,49,117,0,13,0,0,0,0,1,0,145,216,0,29,16,16,38,38,0,0,6,633,13,281,5,3,0,479,86,2,102,44,0,333,3,0,1278,0,0,0,309,102,3752,26,0,2,0,1,87,0,0,3498,53,0,154,951,10,48,26,108
"2019-01-09","Andaman And Nicobar Islands","35","Nicobars","603","Nancowry","5917","Public",1,3348,7,0,2,0,0,16,12,0,0,1,7,15,3,1,2,13,8,0,0,0,0,0,7,18,16,12,16,7,18,15,12,7,0,0,0,22,5,2,15,0,0,1,0,0,0,1,0,0,0,0,0,0,3,4,4,0,0,0,0,0,0,0,0,0,0,0,0,0,0,1,0,0,0,0,0,6,17,21,0,0,0,0,0,0,0,0,25,0,1,0,0,54,32,0,0,37,60,55,0,0,0,0,0,8,8,0,0,1,11,41,0,27,0,0,0,0,0,0,0,0,0,0,0,0,0,0,0,0,0,0,0,0,18,0,0,0,0,0,0,1,0,1,0,0,0,0,0,0,305,0,0,0,34,0,5,137,0,0,0,0,0,0,0,0,4,0,3,0,0,330,0,0,11,0,0,0,0,0,15,1,0,0,150,0,1,22,22,0,0,0,0,1,0,5,4,0,15,1,8,1,14,0,5,0,2,0,0,1,0,5,2,2,0,17,1,0,0,7,0,9,5,6,21,2,2,10,1,32,0,0,0,22,0,0,0,0,0,0,0,2,0,6,0,0,0,5,9,13,0,0,2,24,167,4,208,0,0,42,0,0,0,0,0,0,0,54,245,0,0,0,0,0,0,0,0,77,0,0,0,16,7,28,4,12
"2019-01-10","Jharkhand","20","Sahebganj","340","Borio","2566","Total",11,4490,0,0,18,325,0,316,391,0,0,0,283,175,0,0,0,188,155,37,0,0,0,47,214,453,442,378,236,284,448,438,394,436,434,370,0,296,69,73,418,0,0,2,4,0,0,0,0,0,1,1,0,0,2,146,174,0,0,178,0,0,0,0,0,0,0,0,3,0,5,0,8,0,0,0,0,49,234,240,0,0,0,0,10,0,0,0,0,0,0,0,0,212,21,168,0,0,0,0,0,0,0,1,7,248,242,0,5,0,0,0,0,0,0,7,4,0,0,0,0,0,0,0,0,0,0,0,0,0,0,0,0,0,216,0,0,0,0,0,0,0,5,247,0,0,0,0,0,90,436,0,0,200,551,0,4,6344,0,0,0,0,0,0,0,0,0,3,102,0,0,473,0,0,229,0,0,0,0,0,503,15,0,18,0,0,0,0,0,0,0,0,0,0,0,46,349,0,478,62,197,0,490,0,0,0,1,0,0,25,12,186,392,82,0,344,55,9,0,157,0,264,245,124,175,4,4,312,0,251,0,183,0,7,0,7,0,0,0,0,9,18,32,49,0,0,4,214,2,412,0,0,0,4,0,0,0,0,0,77,0,0,0,0,0,0,0,0,181,0,0,0,0,14,0,0,0,107,0,0,0,387,0,0,197,0
"2019-01-07","Tamil Nadu","33","Ariyalur","610","Ariyalur Mpty","5787","Rural",0,0,0,0,0,0,0,0,0,0,0,0,0,0,0,0,0,0,0,0,0,0,0,0,0,0,0,0,0,0,0,0,0,0,0,0,0,0,0,0,0,0,0,0,0,0,0,0,0,0,0,0,0,0,0,0,0,0,0,0,0,0,0,0,0,0,0,0,0,0,0,0,0,0,0,0,0,0,0,0,0,0,0,0,0,0,0,0,0,0,0,0,0,0,0,0,0,0,0,0,0,0,0,0,0,0,0,0,0,0,0,0,0,0,0,0,0,0,0,0,0,0,0,0,0,0,0,0,0,0,0,0,0,0,0,0,0,0,0,0,0,0,0,0,0,0,0,0,0,0,0,0,0,0,0,0,0,0,0,0,0,0,0,0,0,0,0,0,0,0,0,0,0,0,0,0,0,0,0,0,0,0,0,0,0,0,0,0,0,0,0,0,0,0,0,0,0,0,0,0,0,0,0,0,0,0,0,0,0,0,0,0,0,0,0,0,0,0,0,0,0,0,0,0,0,0,0,0,0,0,0,0,0,0,0,0,0,0,0,0,0,0,0,0,0,0,0,0,0,0,0,0,0,0,0,0,0,0,0,0,0,0,0,0,0,0,0,0,0,0,0,0,0,0,0,0,0,0,0,0,0,0,0,0,0,0
"2020-01-05","Haryana","6","Bhiwani","59","Others","9999","Urban",0,0,0,0,0,0,0,0,0,0,0,0,0,0,0,0,0,0,0,0,0,0,0,0,0,0,0,0,0,0,0,0,0,0,0,0,0,0,0,0,0,0,0,0,0,0,0,0,0,0,0,0,0,0,0,0,0,0,0,0,0,0,0,0,0,0,0,0,0,0,0,0,0,0,0,0,0,0,0,0,0,0,0,0,0,0,0,0,0,0,0,0,0,0,0,0,0,0,0,0,0,0,0,0,0,0,0,0,0,0,0,0,0,0,0,0,0,0,0,0,0,0,0,0,0,0,0,0,0,0,0,0,0,0,0,0,0,0,0,0,0,0,0,0,0,0,0,0,0,0,0,0,0,0,0,0,0,0,0,0,0,0,0,0,0,0,0,0,0,0,0,0,0,0,0,0,0,0,0,0,0,0,0,0,0,0,0,0,0,0,0,0,0,0,0,0,0,0,0,0,0,0,0,0,0,0,0,0,0,0,0,0,0,0,0,0,0,0,0,0,0,0,0,0,0,0,0,0,0,0,0,0,0,0,0,0,0,0,0,0,0,0,0,0,0,0,0,0,0,0,0,0,0,0,0,0,0,0,0,0,0,0,0,0,0,0,0,0,0,0,0,0,0,0,0,0,0,0,0,0,0,0,0,0,0,0
"2019-01-11","Odisha","21","Mayurbhanj","365","Khunta","2883","Private",0,0,0,0,0,0,0,0,0,0,0,0,0,0,0,0,0,0,0,0,0,0,0,0,0,0,0,0,0,0,0,0,0,0,0,0,0,0,0,0,0,0,0,0,0,0,0,0,0,0,0,0,0,0,0,0,0,0,0,0,0,0,0,0,0,0,0,0,0,0,0,0,0,0,0,0,0,0,0,0,0,0,0,0,0,0,0,0,0,0,0,0,0,0,0,0,0,0,0,0,0,0,0,0,0,0,0,0,0,0,0,0,0,0,0,0,0,0,0,0,0,0,0,0,0,0,0,0,0,0,0,0,0,0,0,0,0,0,0,0,0,0,0,0,0,0,0,0,0,0,0,0,0,0,0,0,0,0,0,0,0,0,0,0,0,0,0,0,0,0,0,0,0,0,0,0,0,0,0,0,0,0,0,0,0,0,0,0,0,0,0,0,0,0,0,0,0,0,0,0,0,0,0,0,0,0,0,0,0,0,0,0,0,0,0,0,0,0,0,0,0,0,0,0,0,0,0,0,0,0,0,0,0,0,0,0,0,0,0,0,0,0,0,0,0,0,0,0,0,0,0,0,0,0,0,0,0,0,0,0,0,0,0,0,0,0,0,0,0,0,0,0,0,0,0,0,0,0,0,0,0,0,0,0,0,0
"2020-01-02","Arunachal Pradesh","12","Kra  Daadi","677","Others","9999","Private",0,0,0,0,0,0,0,0,0,0,0,0,0,0,0,0,0,0,0,0,0,0,0,0,0,0,0,0,0,0,0,0,0,0,0,0,0,0,0,0,0,0,0,0,0,0,0,0,0,0,0,0,0,0,0,0,0,0,0,0,0,0,0,0,0,0,0,0,0,0,0,0,0,0,0,0,0,0,0,0,0,0,0,0,0,0,0,0,0,0,0,0,0,0,0,0,0,0,0,0,0,0,0,0,0,0,0,0,0,0,0,0,0,0,0,0,0,0,0,0,0,0,0,0,0,0,0,0,0,0,0,0,0,0,0,0,0,0,0,0,0,0,0,0,0,0,0,0,0,0,0,0,0,0,0,0,0,0,0,0,0,0,0,0,0,0,0,0,0,0,0,0,0,0,0,0,0,0,0,0,0,0,0,0,0,0,0,0,0,0,0,0,0,0,0,0,0,0,0,0,0,0,0,0,0,0,0,0,0,0,0,0,0,0,0,0,0,0,0,0,0,0,0,0,0,0,0,0,0,0,0,0,0,0,0,0,0,0,0,0,0,0,0,0,0,0,0,0,0,0,0,0,0,0,0,0,0,0,0,0,0,0,0,0,0,0,0,0,0,0,0,0,0,0,0,0,0,0,0,0,0,0,0,0,0,0
"2020-01-11","Telangana","36","Jogulamba Gadwal","695","Others","9999","Private",0,0,0,0,0,0,0,0,0,0,0,0,0,0,0,0,0,0,0,0,0,0,0,0,0,0,0,0,0,0,0,0,0,0,0,0,0,0,0,0,0,0,0,0,0,0,0,0,0,0,0,0,0,0,0,0,0,0,0,0,0,0,0,0,0,0,0,0,0,0,0,0,0,0,0,0,0,0,0,0,0,0,0,0,0,0,0,0,0,0,0,0,0,0,0,0,0,0,0,0,0,0,0,0,0,2,3,0,0,0,0,0,0,0,0,0,0,0,0,0,0,0,0,0,0,0,0,0,0,0,0,0,0,0,0,0,0,0,0,0,0,0,0,0,0,0,0,0,0,0,0,0,0,0,0,0,0,0,0,0,0,0,0,0,0,0,0,0,0,0,0,0,0,0,0,0,0,0,0,0,5,0,0,0,0,0,0,0,0,0,0,0,0,0,0,0,0,0,0,0,0,0,0,0,0,0,0,0,0,0,0,0,0,0,0,0,0,0,0,0,0,0,0,0,0,0,0,0,0,0,0,0,0,0,0,0,0,0,0,0,0,0,0,0,0,0,0,0,0,0,0,0,0,0,0,0,0,0,0,0,0,0,0,0,0,0,0,0,0,0,0,0,0,0,0,0,0,0,0,0,0,0,0,0,0,0
"2021-01-05","Bihar","10","Samastipur","217","Mohanpur","1293","Urban",0,0,0,0,0,0,0,0,0,0,0,0,0,0,0,0,0,0,0,0,0,0,0,0,0,0,0,0,0,0,0,0,0,0,0,0,0,0,0,0,0,0,0,0,0,0,0,0,0,0,0,0,0,0,0,0,0,0,0,0,0,0,0,0,0,0,0,0,0,0,0,0,0,0,0,0,0,0,0,0,0,0,0,0,0,0,0,0,0,0,0,0,0,0,0,0,0,0,0,0,0,0,0,0,0,0,0,0,0,0,0,0,0,0,0,0,0,0,0,0,0,0,0,0,0,0,0,0,0,0,0,0,0,0,0,0,0,0,0,0,0,0,0,0,0,0,0,0,0,0,0,0,0,0,0,0,0,0,0,0,0,0,0,0,0,0,0,0,0,0,0,0,0,0,0,0,0,0,0,0,0,0,0,0,0,0,0,0,0,0,0,0,0,0,0,0,0,0,0,0,0,0,0,0,0,0,0,0,0,0,0,0,0,0,0,0,0,0,0,0,0,0,0,0,0,0,0,0,0,0,0,0,0,0,0,0,0,0,0,0,0,0,0,0,0,0,0,0,0,0,0,0,0,0,0,0,0,0,0,0,0,0,0,0,0,0,0,0,0,0,0,0,0,0,0,0,0,0,0,0,0,0,0,0,0,0
"2019-01-02","Punjab","3","Hoshiarpur","33","Urban Hoshiarpur","216","Public",36,20775,1722,0,2,0,0,59,300,0,0,0,100,269,0,0,0,117,118,0,0,0,0,0,100,117,94,118,296,100,117,94,118,117,94,118,0,59,39,77,185,0,17,25,15,0,0,0,0,5,17,1,0,1,17,28,33,47,32,63,0,0,9,0,0,0,0,42,5,32,22,2,297,1,0,2,662,6,33,33,0,1,0,0,16,2,4,0,14,10,15,0,37,759,144,4623,6,0,546,163,26,6,0,0,0,86,103,125,0,0,0,0,12,808,0,31,5,638,465,0,2,0,3,11,0,6,0,0,0,2,4,2,1,3,0,0,0,1,1,0,0,6,9,0,0,0,0,0,0,0,0,0,0,0,218,0,0,2672,0,0,0,0,0,0,18,1,0,0,6,3,638,3587,0,0,20,0,0,0,1,0,194,14,0,4,42914,29,194,6,465,0,0,0,0,0,0,241,241,0,187,11,0,0,189,0,0,0,3,0,0,14,37,16,622,622,1,94,94,0,0,0,0,88,91,0,78,38,37,91,0,84,0,41,0,0,1,0,173,710,0,47,2,2,6,6,0,0,4,59,1316,14,22,14,130,1163,3772,31,1219,706,6,615,115,0,3265,0,0,0,0,1869,0,638,465,22,35,7,0,0,0,399,47,0,560,88,208,339,238,0
"2020-01-08","Uttar Pradesh","9","Kasganj","633","Patiyali","1012","Public",5,8283,541,0,58,0,0,1506,1767,0,0,0,1262,958,51,53,76,1518,1555,0,0,0,0,2,1262,1511,1442,1573,1055,1262,1511,1442,1563,1467,1398,1524,0,1235,1338,752,332,0,0,8,1,0,0,0,0,8,0,0,0,0,0,747,761,602,606,604,0,0,0,0,0,0,0,0,0,0,0,1,21,0,0,0,72,60,616,622,0,0,0,1,19,0,2,0,0,0,0,0,1,528,124,228,0,0,16,172,0,0,0,0,0,503,579,0,0,0,0,0,0,12,0,0,9,0,0,0,0,0,0,0,0,0,0,0,0,0,0,0,0,0,87,0,0,0,0,0,0,0,22,25,0,0,0,0,0,537,558,0,0,0,114,0,1,2262,0,0,0,0,0,0,0,0,11,0,26,0,0,2223,124,0,561,0,0,0,0,0,955,164,0,3,309,0,0,0,0,0,0,0,0,0,0,348,336,0,1066,70,691,99,1071,0,12,0,0,0,0,134,1,424,1744,318,0,1646,1627,20,0,729,6,1076,918,716,602,56,7,1169,0,1184,0,880,0,0,0,0,0,0,0,0,58,58,60,60,0,0,9,1208,42,837,0,0,0,0,0,0,1,0,0,0,0,0,0,0,0,0,0,0,12,0,0,0,0,3,0,0,0,833,0,0,0,1741,0,0,213,592
"2019-01-06","Jharkhand","20","Ranchi","339","Angara","2686","Private",0,2714,0,0,0,60,0,60,143,0,0,0,45,143,0,0,0,9,8,0,0,0,0,0,45,9,7,8,143,45,9,7,8,9,7,8,0,0,0,0,143,0,0,0,0,0,1,0,0,0,0,0,0,0,34,35,25,7,21,8,0,0,0,0,0,0,0,0,0,0,4,0,9,0,0,0,0,0,0,0,0,0,0,0,0,0,0,0,3,0,0,0,43,53,30,257,0,31,39,36,54,0,4,0,0,69,74,0,2,2,0,0,0,0,0,0,0,38,43,0,0,0,0,0,0,0,0,0,0,0,0,0,0,0,0,0,0,0,0,0,0,0,0,0,0,0,0,0,0,0,0,0,0,45,0,0,0,0,0,0,0,0,0,0,0,0,0,0,0,0,0,224,0,0,0,0,0,0,0,0,143,0,0,0,571,0,0,0,0,0,0,0,0,0,0,143,143,0,143,5,123,0,143,0,0,0,0,0,0,0,0,135,49,0,0,44,44,0,0,38,0,44,18,10,5,0,0,28,0,44,0,0,0,0,0,0,16,83,0,0,0,0,0,0,0,0,0,38,6,143,0,0,0,25,128,0,10,0,0,44,0,0,31,0,0,0,0,677,0,0,0,0,0,0,0,0,0,824,0,0,0,44,3,238,143,0
"2019-01-05","Maharashtra","27","Nanded","485","Ardhapur","4099","Urban",0,0,0,0,0,0,0,0,0,0,0,0,0,0,0,0,0,0,0,0,0,0,0,0,0,0,0,0,0,0,0,0,0,0,0,0,0,0,0,0,0,0,0,0,0,0,0,0,0,0,0,0,0,0,0,0,0,0,0,0,0,0,0,0,0,0,0,0,0,0,0,0,0,0,0,0,0,0,0,0,0,0,0,0,0,0,0,0,0,0,0,0,0,0,0,0,0,0,0,0,0,0,0,0,0,0,0,0,0,0,0,0,0,0,0,0,0,0,0,0,0,0,0,0,0,0,0,0,0,0,0,0,0,0,0,0,0,0,0,0,0,0,0,0,0,0,0,0,0,0,0,0,0,0,0,0,0,0,0,0,0,0,0,0,0,0,0,0,0,0,0,0,0,0,0,0,0,0,0,0,0,0,0,0,0,0,0,0,0,0,0,0,0,0,0,0,0,0,0,0,0,0,0,0,0,0,0,0,0,0,0,0,0,0,0,0,0,0,0,0,0,0,0,0,0,0,0,0,0,0,0,0,0,0,0,0,0,0,0,0,0,0,0,0,0,0,0,0,0,0,0,0,0,0,0,0,0,0,0,0,0,0,0,0,0,0,0,0,0,0,0,0,0,0,0,0,0,0,0,0,0,0,0,0,0,0
"2019-01-04","Tamil Nadu","33","Erode","573","Bhavani Mpty","5750","Rural",0,0,0,0,0,0,0,0,0,0,0,0,0,0,0,0,0,0,0,0,0,0,0,0,0,0,0,0,0,0,0,0,0,0,0,0,0,0,0,0,0,0,0,0,0,0,0,0,0,0,0,0,0,0,0,0,0,0,0,0,0,0,0,0,0,0,0,0,0,0,0,0,0,0,0,0,0,0,0,0,0,0,0,0,0,0,0,0,0,0,0,0,0,0,0,0,0,0,0,0,0,0,0,0,0,0,0,0,0,0,0,0,0,0,0,0,0,0,0,0,0,0,0,0,0,0,0,0,0,0,0,0,0,0,0,0,0,0,0,0,0,0,0,0,0,0,0,0,0,0,0,0,0,0,0,0,0,0,0,0,0,0,0,0,0,0,0,0,0,0,0,0,0,0,0,0,0,0,0,0,0,0,0,0,0,0,0,0,0,0,0,0,0,0,0,0,0,0,0,0,0,0,0,0,0,0,0,0,0,0,0,0,0,0,0,0,0,0,0,0,0,0,0,0,0,0,0,0,0,0,0,0,0,0,0,0,0,0,0,0,0,0,0,0,0,0,0,0,0,0,0,0,0,0,0,0,0,0,0,0,0,0,0,0,0,0,0,0,0,0,0,0,0,0,0,0,0,0,0,0,0,0,0,0,0,0
"2019-01-02","Maharashtra","27","Gondia","476","Goregaon","4045","Urban",0,0,0,0,0,0,0,0,0,0,0,0,0,0,0,0,0,0,0,0,0,0,0,0,0,0,0,0,0,0,0,0,0,0,0,0,0,0,0,0,0,0,0,0,0,0,0,0,0,0,0,0,0,0,0,0,0,0,0,0,0,0,0,0,0,0,0,0,0,0,0,0,0,0,0,0,0,0,0,0,0,0,0,0,0,0,0,0,0,0,0,0,0,0,0,0,0,0,0,0,0,0,0,0,0,0,0,0,0,0,0,0,0,0,0,0,0,0,0,0,0,0,0,0,0,0,0,0,0,0,0,0,0,0,0,0,0,0,0,0,0,0,0,0,0,0,0,0,0,0,0,0,0,0,0,0,0,0,0,0,0,0,0,0,0,0,0,0,0,0,0,0,0,0,0,0,0,0,0,0,0,0,0,0,0,0,0,0,0,0,0,0,0,0,0,0,0,0,0,0,0,0,0,0,0,0,0,0,0,0,0,0,0,0,0,0,0,0,0,0,0,0,0,0,0,0,0,0,0,0,0,0,0,0,0,0,0,0,0,0,0,0,0,0,0,0,0,0,0,0,0,0,0,0,0,0,0,0,0,0,0,0,0,0,0,0,0,0,0,0,0,0,0,0,0,0,0,0,0,0,0,0,0,0,0,0
"2019-01-04","Madhya Pradesh","23","Rewa","424","Teonthar","3471","Total",0,10544,1572,0,0,0,0,442,335,0,0,0,561,268,0,0,0,348,350,0,0,0,0,0,481,583,684,584,236,561,548,633,537,440,508,440,0,447,24,13,270,0,0,3,2,0,0,0,0,7,0,0,0,0,0,204,238,344,307,415,0,0,0,0,0,0,0,0,0,0,0,0,0,0,0,0,74,0,461,430,0,0,0,0,22,11,9,2,0,0,0,0,26,534,74,657,0,4,76,18,0,1,0,0,0,141,148,0,0,17,0,0,0,8,0,0,0,0,0,2,0,0,0,13,0,1,0,0,0,0,0,0,0,0,341,0,0,0,0,0,0,0,2,8,0,0,0,0,0,0,2805,21,21,0,1598,0,0,5231,0,0,0,0,0,0,0,0,24,0,0,0,0,1208,19,0,313,0,0,0,1,0,270,99,0,10,872,0,4,0,0,0,0,0,0,0,0,288,288,0,289,24,11,19,289,0,43,0,8,0,0,77,2,275,281,0,0,560,433,0,0,399,0,523,478,215,332,3,3,476,0,476,0,0,0,0,0,0,0,0,0,0,0,0,0,0,0,0,0,343,21,0,0,0,0,20,34,0,18,0,0,24,0,0,0,0,0,0,0,41,0,0,0,0,0,0,0,0,0,78,0,0,0,738,0,0,18,0
"2019-01-12","Punjab","3","Bathinda","28","Child Hospital Bathinda","245","Rural",0,0,0,0,0,0,0,0,0,0,0,0,0,0,0,0,0,0,0,0,0,0,0,0,0,0,0,0,0,0,0,0,0,0,0,0,0,0,0,0,0,0,0,0,0,0,0,0,0,0,0,0,0,0,0,0,0,0,0,0,0,0,0,0,0,0,0,0,0,0,0,0,0,0,0,0,0,0,0,0,0,0,0,0,0,0,0,0,0,0,0,0,0,0,0,0,0,0,0,0,0,0,0,0,0,0,0,0,0,0,0,0,0,0,0,0,0,0,0,0,0,0,0,0,0,0,0,0,0,0,0,0,0,0,0,0,0,0,0,0,0,0,0,0,0,0,0,0,0,0,0,0,0,0,0,0,0,0,0,0,0,0,0,0,0,0,0,0,0,0,0,0,0,0,0,0,0,0,0,0,0,0,0,0,0,0,0,0,0,0,0,0,0,0,0,0,0,0,0,0,0,0,0,0,0,0,0,0,0,0,0,0,0,0,0,0,0,0,0,0,0,0,0,0,0,0,0,0,0,0,0,0,0,0,0,0,0,0,0,0,0,0,0,0,0,0,0,0,0,0,0,0,0,0,0,0,0,0,0,0,0,0,0,0,0,0,0,0,0,0,0,0,0,0,0,0,0,0,0,0,0,0,0,0,0,0
"2020-01-12","Jammu And Kashmir","1","Udhampur","14","Chenani","73","Private",0,0,0,0,0,0,0,0,0,0,0,0,0,0,0,0,0,0,0,0,0,0,0,0,0,0,0,0,0,0,0,0,0,0,0,0,0,0,0,0,0,0,0,0,0,0,0,0,0,0,0,0,0,0,0,0,0,0,0,0,0,0,0,0,0,0,0,0,0,0,0,0,0,0,0,0,0,0,0,0,0,0,0,0,0,0,0,0,0,0,0,0,0,0,0,0,0,0,0,0,0,0,0,0,0,0,0,0,0,0,0,0,0,0,0,0,0,0,0,0,0,0,0,0,0,0,0,0,0,0,0,0,0,0,0,0,0,0,0,0,0,0,0,0,0,0,0,0,0,0,0,0,0,0,0,0,0,0,0,0,0,0,0,0,0,0,0,0,0,0,0,0,0,0,0,0,0,0,0,0,0,0,0,0,0,0,0,0,0,0,0,0,0,0,0,0,0,0,0,0,0,0,0,0,0,0,0,0,0,0,0,0,0,0,0,0,0,0,0,0,0,0,0,0,0,0,0,0,0,0,0,0,0,0,0,0,0,0,0,0,0,0,0,0,0,0,0,0,0,0,0,0,0,0,0,0,0,0,0,0,0,0,0,0,0,0,0,0,0,0,0,0,0,0,0,0,0,0,0,0,0,0,0,0,0,0
"2019-01-02","Madhya Pradesh","23","Shivpuri","432","Pohari","3407","Total",3,7807,0,0,0,0,0,678,351,0,0,0,533,299,0,0,0,587,686,0,0,16,0,35,530,586,638,694,323,517,586,628,694,588,636,692,0,688,696,731,322,0,0,29,0,0,0,0,0,0,0,0,0,0,0,307,371,421,367,510,3,0,0,0,0,0,0,0,0,0,0,0,0,0,0,0,133,0,287,288,0,0,0,0,43,3,18,18,0,0,0,0,0,179,10,207,0,0,46,13,0,0,0,0,0,165,186,0,0,0,0,0,0,27,0,0,4,11,4,0,0,0,0,6,0,0,0,0,0,0,0,0,0,0,240,0,0,0,0,0,0,0,0,99,0,0,0,1,0,75,1137,13,9,0,543,0,15,6108,0,0,0,0,0,0,0,0,20,0,7,0,0,700,17,0,267,0,0,0,0,0,339,83,0,30,6026,588,0,0,24,0,0,0,0,0,0,25,49,0,350,50,123,14,341,0,18,0,11,0,0,26,0,419,193,37,0,638,600,9,0,544,0,597,547,67,374,14,7,502,0,538,0,0,0,2,0,0,0,33,0,0,0,0,0,0,0,0,4,502,8,16,0,0,0,0,0,0,0,0,0,0,0,0,0,0,0,0,0,0,1338,11,4,0,0,6,0,0,0,1796,0,0,0,664,0,279,14,8
"2020-01-06","Jammu And Kashmir","1","Udhampur","14","Majalta","75","Urban",0,0,0,0,0,0,0,0,0,0,0,0,0,0,0,0,0,0,0,0,0,0,0,0,0,0,0,0,0,0,0,0,0,0,0,0,0,0,0,0,0,0,0,0,0,0,0,0,0,0,0,0,0,0,0,0,0,0,0,0,0,0,0,0,0,0,0,0,0,0,0,0,0,0,0,0,0,0,0,0,0,0,0,0,0,0,0,0,0,0,0,0,0,0,0,0,0,0,0,0,0,0,0,0,0,0,0,0,0,0,0,0,0,0,0,0,0,0,0,0,0,0,0,0,0,0,0,0,0,0,0,0,0,0,0,0,0,0,0,0,0,0,0,0,0,0,0,0,0,0,0,0,0,0,0,0,0,0,0,0,0,0,0,0,0,0,0,0,0,0,0,0,0,0,0,0,0,0,0,0,0,0,0,0,0,0,0,0,0,0,0,0,0,0,0,0,0,0,0,0,0,0,0,0,0,0,0,0,0,0,0,0,0,0,0,0,0,0,0,0,0,0,0,0,0,0,0,0,0,0,0,0,0,0,0,0,0,0,0,0,0,0,0,0,0,0,0,0,0,0,0,0,0,0,0,0,0,0,0,0,0,0,0,0,0,0,0,0,0,0,0,0,0,0,0,0,0,0,0,0,0,0,0,0,0,0
"2019-01-01","Tamil Nadu","33","Kanchipuram","574","Others","9999","Urban",0,169397,6829,0,0,0,0,309,13,0,0,0,405,13,0,0,0,330,312,0,0,0,163,265,397,330,345,310,13,397,330,345,309,330,345,308,0,0,0,0,13,0,0,201,1,0,0,0,0,0,0,0,0,0,417,49,110,815,733,983,0,0,0,0,0,0,0,0,0,0,106,17,1320,0,0,1,379,0,0,0,0,0,2,0,10,3,8,2,0,0,6,0,0,1159,81,3069,0,0,921,141,0,0,0,0,0,28,42,0,0,0,0,0,1,559,0,20,3,176,42,0,0,0,0,0,0,0,0,0,0,0,0,0,0,0,0,0,0,18,18,0,0,0,148,42,0,0,0,0,0,0,0,0,0,0,284,8,0,2970,0,0,0,0,0,0,0,0,0,0,4,0,0,5279,0,0,0,0,0,0,0,0,70,21,21,13,63443,9,0,0,0,0,0,0,0,0,0,0,0,0,64,10,0,0,70,0,0,9,2,0,35,40,0,218,433,62,0,45,0,0,0,0,0,322,337,6,3255,0,0,311,378,872,5,0,2,0,0,11,100,1274,0,8,0,0,0,0,0,0,3,390,82,3,0,0,0,738,7807,445,10458,711,0,1661,0,0,30468,0,0,0,196,556,0,201,44,0,0,0,0,0,0,2853,38,0,0,433,0,1303,0,0
"2019-01-06","Himachal Pradesh","2","Shimla","23","Shimla Urban","182","Total",132,40497,0,11,11,0,0,94,709,0,0,0,109,694,0,0,0,104,94,0,0,0,0,0,109,104,95,94,707,109,104,95,94,104,95,94,0,94,29,34,773,0,0,2,0,0,0,0,0,167,0,3,0,0,10,46,48,0,0,62,0,0,38,0,0,0,0,331,16,0,588,1,453,0,0,0,393,14,82,82,1,2,1,1,38,4,13,4,23,1,0,0,0,3530,362,10054,1,0,977,436,50,2,0,0,0,389,466,53,0,0,0,0,1,481,4,39,18,60,10,117,0,0,0,0,0,0,0,0,0,0,0,0,0,0,3,0,0,82,82,0,0,0,175,6,0,0,0,0,0,0,650,0,0,0,324,83,0,3687,0,0,0,0,0,0,0,4,40,2,3,0,209,4493,0,0,13,0,0,0,0,0,850,11,0,5,22343,10,4,0,168,0,0,0,0,1,0,12,12,0,826,126,0,0,855,4,28,5,3,3,26,13,65,1283,536,684,0,62,62,90,7,56,0,0,0,0,1739,12,12,238,1230,219,45,0,0,6,0,37,166,1188,0,71,55,11,63,14,0,0,18,165,38,514,0,2,0,10,66,0,321,0,0,2,0,0,1389,0,0,0,2121,2665,0,318,186,46,69,8,0,0,0,40,189,1,184,220,12,271,653,0
"2019-01-10","Manipur","14","Bishnupur","252","Moirang","1875","Public",0,7327,707,0,67,114,0,112,159,0,0,0,128,17,0,0,0,181,124,3,0,0,0,3,123,181,113,124,17,128,181,113,124,181,110,98,0,103,82,61,6,0,0,26,0,0,0,0,0,0,0,0,0,0,0,45,67,43,41,63,0,0,0,0,0,0,0,0,0,0,0,0,31,0,0,0,35,97,100,111,0,0,0,0,0,0,0,0,0,3,1,0,43,90,14,131,0,0,48,18,0,0,24,0,0,7,14,0,0,0,0,0,0,102,0,12,4,9,0,0,0,0,0,11,0,1,0,2,5,2,0,0,1,0,103,0,0,0,0,0,0,0,0,6,0,0,0,1,0,5,3,0,0,122,399,0,0,503,0,0,0,0,0,0,0,0,0,0,42,0,0,252,2,1,89,0,0,0,0,0,18,7,0,0,2266,0,0,0,0,0,0,0,0,0,0,6,31,0,21,0,0,3,21,0,0,0,0,0,0,0,0,133,87,75,0,62,5,0,0,4,0,96,80,17,0,0,0,76,0,0,0,0,1,0,0,0,0,28,0,0,56,56,85,85,0,0,4,125,0,18,0,0,0,159,143,0,225,0,0,204,3,0,31,0,0,0,0,130,270,9,0,0,0,0,0,0,0,106,0,0,0,147,4,16,0,3
"2019-01-07","Odisha","21","Bargarh","347","Dist Level Facility","2765","Total",10,64857,1123,386,15,0,0,152,874,0,0,0,128,785,0,0,0,128,127,0,0,0,0,0,128,124,119,128,866,128,124,119,128,124,119,128,0,152,0,0,555,0,212,832,111,0,135,0,0,164,24,0,0,0,29,67,85,67,38,106,0,0,13,0,0,0,0,62,1,58,37,61,148,0,0,1,394,70,36,36,0,1,1,3,32,9,7,6,116,23,25,0,439,2197,562,6065,6,42,1281,765,145,21,20,0,0,443,525,2,35,12,14,8,4,531,0,111,7,92,54,16,2,0,2,14,0,11,0,6,6,4,0,7,1,0,64,0,0,1793,1806,0,0,2,177,54,0,0,0,0,0,0,0,3,7,0,276,138,0,1190,0,0,0,0,0,0,6,4,19,2,7,0,41,7920,0,0,31,0,0,0,0,0,972,2,7,2,38835,357,51,0,104,0,0,0,0,0,0,44,56,56,619,220,31,0,968,0,61,0,5,0,56,86,35,154,714,119,0,101,49,3,0,101,0,108,160,10,134,17,17,75,45,75,0,0,5,0,0,0,549,1628,0,109,15,15,70,70,3,3,7,99,311,293,18,38,58,1122,2038,30,1403,65,16,1805,34,53,18096,0,0,0,740,1393,453,33,13,34,55,14,18,0,0,2690,548,1,1421,144,205,872,63,0
"2020-01-09","Rajasthan","8","Pali","111","Jaitaran","597","Private",0,0,0,0,0,0,0,0,0,0,0,0,0,0,0,0,0,0,0,0,0,0,0,0,0,0,0,0,0,0,0,0,0,0,0,0,0,0,0,0,0,0,0,0,0,0,0,0,0,0,0,0,0,0,0,0,0,0,0,0,0,0,0,0,0,0,0,0,0,0,0,0,0,0,0,0,0,0,0,0,0,0,0,0,0,0,0,0,0,0,0,0,0,0,0,0,0,0,0,0,0,0,0,0,0,77,80,0,0,0,0,0,0,0,0,0,0,0,0,0,0,0,0,0,0,0,0,0,0,0,0,0,0,0,0,0,0,0,0,0,0,0,0,0,0,0,0,0,0,0,0,0,0,0,0,0,0,0,0,0,0,0,0,0,0,0,0,0,0,0,0,0,0,0,0,0,0,0,0,0,157,0,0,0,0,0,0,0,0,0,0,0,0,0,0,0,0,0,157,13,0,0,157,0,0,0,0,0,0,0,0,0,0,0,0,0,0,0,0,0,0,0,0,0,0,0,0,0,0,0,0,0,0,0,0,0,0,0,0,0,0,0,0,0,0,0,0,0,0,0,0,0,0,0,0,0,0,0,0,0,0,0,0,0,0,0,0,0,0,0,0,0,0,0,0,0,0,0,18,0,0,0,0,0,0,0
"2019-01-12","Tamil Nadu","33","Tirunelveli","592","Others","9999","Public",46,452007,80677,0,400,0,0,1710,466,0,0,0,1717,466,0,0,0,1714,1665,0,0,0,0,19,1551,1715,1730,1666,466,1709,1714,1729,1666,1714,1730,1665,0,24,0,0,468,0,20,1025,39,0,0,1,0,0,0,0,0,0,1022,773,840,0,3,165,0,0,65,0,0,68,0,118,1,32,127,91,955,1,0,2,2252,495,847,868,0,3,2,0,26,2,11,6,201,18,25,129,225,4594,712,20545,1,3,3604,821,603,11,44,0,0,226,242,150,0,0,0,0,6,3234,0,19,32,511,327,20,27,0,10,136,0,56,0,7,78,6,3,9,9,3,724,0,0,237,240,0,0,0,824,41,0,0,0,1,0,0,3030,0,0,0,218,67,0,2961,0,0,0,0,0,0,30,0,35,1,14,0,279,21865,0,0,9,0,0,0,1,0,469,40,6,21,214733,19,113,0,603,0,0,0,0,0,0,372,370,7,361,38,0,0,468,2,170,0,0,0,137,221,11,634,1800,890,0,1710,1034,10,8,947,0,1697,1509,373,4036,157,23,1853,1963,4827,42,0,58,0,0,7,458,1441,0,12,360,357,454,439,1,1,29,1856,290,6,10,11,208,10909,12852,32,20634,408,163,3823,125,75,6169,0,0,0,2110,2339,0,1041,442,19,17,1,0,0,0,10971,240,0,152,1913,72,2152,0,0
"2019-01-04","Manipur","14","Churachandpur","254","Singngat","1872","Private",0,0,0,0,0,0,0,0,0,0,0,0,0,0,0,0,0,0,0,0,0,0,0,0,0,0,0,0,0,0,0,0,0,0,0,0,0,0,0,0,0,0,0,0,0,0,0,0,0,0,0,0,0,0,0,0,0,0,0,0,0,0,0,0,0,0,0,0,0,0,0,0,0,0,0,0,0,0,0,0,0,0,0,0,0,0,0,0,0,0,0,0,0,0,0,0,0,0,0,0,0,0,0,0,0,0,0,0,0,0,0,0,0,0,0,0,0,0,0,0,0,0,0,0,0,0,0,0,0,0,0,0,0,0,0,0,0,0,0,0,0,0,0,0,0,0,0,0,0,0,0,0,0,0,0,0,0,0,0,0,0,0,0,0,0,0,0,0,0,0,0,0,0,0,0,0,0,0,0,0,0,0,0,0,0,0,0,0,0,0,0,0,0,0,0,0,0,0,0,0,0,0,0,0,0,0,0,0,0,0,0,0,0,0,0,0,0,0,0,0,0,0,0,0,0,0,0,0,0,0,0,0,0,0,0,0,0,0,0,0,0,0,0,0,0,0,0,0,0,0,0,0,0,0,0,0,0,0,0,0,0,0,0,0,0,0,0,0,0,0,0,0,0,0,0,0,0,0,0,0,0,0,0,0,0,0
"2020-01-10","Kerala","32","Palakkad","563","Others","9999","Private",25,57785,143,0,2,0,0,518,2334,0,0,0,535,2051,0,0,0,227,222,0,0,0,106,0,25,834,620,645,2204,535,842,622,645,141,75,109,0,0,0,0,1825,0,0,43,31,0,0,0,0,0,0,0,0,0,40,263,255,15,8,532,0,0,153,0,0,1,2,70,4,21,1,41,486,0,0,0,790,0,4,4,4,3,0,1,2,0,0,0,34,29,51,5,32,2838,339,7308,0,0,1065,324,9,3,4,0,0,1514,1600,0,0,1,0,0,1,530,16,23,145,10,10,71,1,0,0,0,0,2,0,3,4,1,0,4,0,0,0,0,0,10,8,0,0,0,1,0,0,0,0,0,0,25,0,0,0,0,22,4,0,0,0,0,0,0,0,0,6,0,0,0,0,0,156,10050,0,0,0,0,0,0,1,0,3091,31,32,54,18656,129,41,0,79,0,0,0,0,0,0,1372,1372,0,2181,283,6,0,2656,2,0,0,0,0,279,0,19,172,1920,191,0,892,892,9,5,50,0,1075,842,0,397,5,5,44,63,0,10,0,0,0,0,0,869,401,0,32,5,7,7,7,0,0,3,0,81,119,0,3,1167,429,1038,9,781,7,0,29,26,0,781,0,0,0,3031,2947,0,10,10,23,38,8,0,0,0,40,1153,0,0,0,4,82,1786,0
"2021-01-04","Uttar Pradesh","9","Agra","118","Bah","770","Total",0,6436,1373,0,0,0,72,341,339,0,0,0,487,139,0,0,0,543,501,0,0,2,0,0,376,544,665,462,181,488,544,669,493,551,658,494,0,411,0,0,174,0,0,0,0,0,0,0,0,0,0,0,0,0,0,186,227,246,229,239,0,0,0,0,0,0,0,0,0,0,0,0,9,0,0,0,35,0,477,503,0,0,0,0,45,6,6,2,6,0,0,0,0,429,45,29,0,0,189,53,0,0,0,0,0,89,125,0,0,0,0,0,0,31,0,0,4,19,22,0,0,0,0,0,0,0,0,0,0,0,0,0,0,0,247,0,0,0,0,0,0,0,0,125,0,0,0,0,0,0,45,0,0,0,386,0,0,11505,0,0,0,0,0,0,0,0,18,0,105,0,0,738,6,0,466,0,0,0,0,0,208,70,0,0,1785,0,0,0,88,0,0,0,0,0,0,213,213,0,213,17,364,15,213,0,18,0,0,0,0,65,0,196,639,327,0,537,537,9,0,378,0,331,310,220,376,11,7,941,434,922,10,160,2,1,0,0,0,0,2,0,0,0,0,0,0,0,4,456,9,19,0,0,0,356,0,0,0,0,0,0,0,0,194,0,0,0,0,0,0,19,22,0,0,1,0,0,0,784,0,0,0,537,0,0,213,69
"2019-01-03","Gujarat","24","Tapi","641","Nizar","3942","Private",0,0,0,0,0,0,0,0,0,0,0,0,0,0,0,0,0,0,0,0,0,0,0,0,0,0,0,0,0,0,0,0,0,0,0,0,0,0,0,0,0,0,0,0,0,0,0,0,0,0,0,0,0,0,0,0,0,0,0,0,0,0,0,0,0,0,0,0,0,0,0,0,0,0,0,0,0,0,0,0,0,0,0,0,0,0,0,0,0,0,0,0,0,0,0,0,0,0,0,0,0,0,0,0,0,0,0,0,0,0,0,0,0,0,0,0,0,0,0,0,0,0,0,0,0,0,0,0,0,0,0,0,0,0,0,0,0,0,0,0,0,0,0,0,0,0,0,0,0,0,0,0,0,0,0,0,0,0,0,0,0,0,0,0,0,0,0,0,0,0,0,0,0,0,0,0,0,0,0,0,0,0,0,0,0,0,0,0,0,0,0,0,0,0,0,0,0,0,0,0,0,0,0,0,0,0,0,0,0,0,0,0,0,0,0,0,0,0,0,0,0,0,0,0,0,0,0,0,0,0,0,0,0,0,0,0,0,0,0,0,0,0,0,0,0,0,0,0,0,0,0,0,0,0,0,0,0,0,0,0,0,0,0,0,0,0,0,0,0,0,0,0,0,0,0,0,0,0,0,0,0,0,0,0,0,0
"2019-01-11","Bihar","10","Katihar","201","Sameli","1154","Public",0,7421,0,0,0,0,0,159,169,0,0,0,127,162,0,0,0,248,134,0,0,0,0,3,127,248,185,134,169,127,248,185,134,248,185,134,0,80,27,18,0,0,0,0,0,0,0,0,0,0,0,0,0,0,0,88,71,49,162,92,0,0,0,0,0,0,0,0,0,0,0,0,0,0,0,0,75,0,113,113,0,0,0,0,16,1,2,0,0,0,0,0,0,220,14,255,0,0,11,10,0,0,0,0,0,89,97,0,0,0,0,0,0,40,0,0,0,0,0,0,0,0,0,0,0,0,0,0,0,0,0,0,0,0,80,0,0,0,0,0,0,0,0,13,0,0,0,0,0,123,129,0,0,0,58,0,0,290,0,0,0,0,0,0,0,0,6,0,23,0,0,378,6,19,112,0,0,0,0,0,163,24,51,3,365,0,0,0,0,0,0,0,0,0,0,0,0,0,186,20,160,25,186,0,6,0,0,0,0,8,4,55,314,0,0,211,211,0,0,179,0,131,118,77,1,0,0,219,0,209,0,0,0,0,0,0,51,171,0,0,0,0,0,0,0,0,0,191,0,163,0,0,0,125,0,0,0,0,0,0,0,0,0,0,0,0,0,0,0,0,0,0,0,2,0,0,0,0,0,0,0,209,0,44,6,0
"2020-01-05","Rajasthan","8","Jhunjhunu","106","Jhunjhunun","487","Urban",13,22275,379,339,0,0,0,171,325,0,0,0,84,270,0,0,0,213,100,0,0,0,0,3,84,213,109,100,277,84,213,109,100,213,109,100,0,171,45,0,286,0,0,15,2,0,0,0,0,2,0,1,0,0,1,88,83,1,0,48,0,0,4,0,0,0,0,21,3,19,0,2,58,0,0,1,120,0,70,71,2,3,0,2,2,3,2,3,5,10,8,0,3,776,127,1642,0,0,657,218,1,0,0,0,0,360,359,46,0,0,0,0,3,132,0,0,8,0,0,101,1,0,0,0,0,4,0,3,6,0,1,2,1,0,0,0,0,433,433,0,0,0,50,40,0,0,0,0,0,0,0,4,3,0,151,49,0,3160,0,0,0,0,0,0,1,7,0,1,5,0,300,794,0,0,4,0,0,0,2,0,715,0,0,0,13359,0,65,0,40,0,0,0,0,0,0,582,291,0,706,72,291,0,719,0,0,1,0,0,14,16,21,55,300,482,0,292,184,15,0,85,0,151,186,44,760,28,28,45,182,45,0,0,1,0,0,0,46,3,0,0,0,0,0,0,0,0,8,144,62,0,14,27,1,327,297,40,199,719,74,959,0,73,103,0,0,0,688,938,55,0,0,29,31,14,9,0,0,74,156,0,433,195,19,92,0,0
"2020-01-09","Chhattisgarh","22","Mungeli","647","Lormi","3290","Public",38,12760,0,0,26,0,0,802,675,0,0,0,675,115,0,0,0,700,749,0,0,0,0,16,675,700,697,749,278,675,700,697,749,700,697,749,0,802,293,243,450,0,0,281,0,0,0,0,0,0,0,0,0,0,0,382,420,431,444,571,0,0,5,0,0,0,1,3,1,3,15,3,41,0,0,0,47,21,293,297,0,2,0,1,17,2,11,1,0,0,1,1,13,396,33,689,0,0,33,35,9,0,3,0,0,260,274,0,0,0,0,0,1,4,0,1,0,2,2,22,1,0,0,17,0,0,0,0,1,0,0,0,0,0,295,0,0,0,0,0,0,0,31,62,0,0,0,0,0,4681,126,0,0,0,771,15,9,2951,0,0,0,0,0,0,0,0,11,0,0,0,34,2214,13,23,293,0,0,0,0,0,509,103,0,40,4514,0,0,0,2,0,0,0,0,0,0,600,560,0,516,59,263,19,534,0,5,0,1,0,3,26,37,332,637,313,0,756,565,0,0,636,2,458,458,303,594,4,4,766,0,795,13,0,3,69,0,3,0,32,0,0,26,26,21,21,0,0,0,707,11,291,0,0,4,18,954,0,1100,0,1,51,29,0,154,0,0,0,0,0,3697,2,2,0,0,12,0,0,0,90,10,0,0,761,0,69,509,36
"2021-01-05","Jammu And Kashmir","1","Anantnag","1","Others","9999","Total",110,143435,10533,162,236,0,0,2190,2753,0,0,0,1890,2729,0,0,0,2190,1982,0,0,0,0,0,1890,2190,2073,1982,2729,1890,2190,2073,1982,2190,2073,1982,1,2190,1752,1578,1753,0,1,120,116,0,0,0,0,16,33,0,0,0,1,1017,1173,921,768,1373,0,0,403,0,0,0,0,26,24,86,0,0,258,0,0,0,954,309,983,983,0,2,0,0,79,23,63,34,208,14,19,0,130,5344,794,8857,1,0,3237,880,36,2,8,0,0,887,1026,87,0,0,0,0,0,1006,0,0,32,112,74,53,0,0,0,7,0,26,0,0,0,0,0,0,0,0,592,0,0,114,124,0,0,83,81,233,0,0,0,0,0,1265,2030,4,4,0,7075,81,0,15071,0,0,0,0,0,0,8,2,19,0,234,0,0,19597,0,0,927,0,0,0,0,0,1945,122,1,33,111174,0,0,0,0,0,0,0,0,0,0,1015,350,0,1741,142,1468,0,1913,0,70,0,0,2,27,0,0,1510,1094,542,0,1583,108,7,0,45,0,1474,1472,174,1368,17,17,1647,30,1817,0,0,0,0,0,19,335,2700,0,0,60,236,90,309,0,0,32,1501,520,350,79,89,22,12817,1014,46,1703,1064,0,4780,15,0,877,0,0,0,1251,9932,0,112,74,32,64,44,19,0,0,0,903,0,205,1648,15,422,2030,0
"2020-01-10","Maharashtra","27","Amravati","468","Morshi","4006","Total",5,9652,398,0,0,139,0,216,214,0,0,0,207,103,0,0,0,228,243,0,0,0,0,0,206,228,200,243,120,207,228,200,243,228,200,243,0,93,69,83,102,0,0,0,0,0,0,0,0,0,0,0,0,0,0,104,112,162,184,212,0,0,1,0,0,0,0,0,0,0,43,8,47,0,0,0,169,0,144,144,0,1,0,1,0,0,0,0,7,0,4,0,10,284,64,930,1,0,141,59,27,0,4,0,0,52,54,0,0,0,0,0,0,219,0,0,3,0,0,15,2,0,3,14,0,12,0,1,25,2,0,12,6,0,94,0,0,29,29,0,0,0,43,25,0,0,0,0,0,0,842,0,0,86,110,2,1,432,0,0,0,0,0,0,4,0,5,1,1,0,0,304,0,1,128,0,0,0,2,0,106,29,0,6,1545,0,7,0,0,0,0,0,0,0,0,176,174,0,105,13,114,1,106,0,9,0,6,0,9,15,5,98,245,53,0,200,201,8,0,140,0,156,132,46,188,3,2,192,4,187,0,0,0,79,0,6,12,24,0,3,0,0,0,0,0,0,1,175,12,20,0,0,0,125,24,0,42,3,0,99,1,0,64,0,0,0,11,112,0,0,0,0,0,2,0,0,0,1201,12,0,0,194,0,0,123,1
"2020-01-07","Uttar Pradesh","9","Bulandshahr","134","Khurja","751","Public",0,7442,546,0,0,0,13,730,711,0,0,0,627,241,0,0,0,607,619,0,0,0,0,58,627,617,602,604,253,627,617,603,619,617,603,619,0,736,561,379,148,0,0,2,0,0,0,0,0,0,0,0,0,0,0,349,381,214,248,218,0,0,0,0,0,0,0,0,0,0,0,0,0,0,0,0,13,0,279,455,0,0,0,0,13,7,2,6,0,0,0,0,2,552,18,24,0,0,102,35,0,0,0,0,0,309,324,0,0,0,0,0,0,4,0,2,3,0,0,0,0,0,0,0,0,0,0,0,0,0,0,0,0,0,116,0,0,0,0,0,0,0,0,116,0,0,0,0,0,25,68,0,0,0,343,0,0,8412,0,0,0,0,0,0,0,0,37,0,88,0,13,1609,392,0,279,0,0,0,0,0,243,11,0,0,479,2,0,0,0,0,0,0,0,0,0,639,640,0,631,8,241,0,583,0,83,2,0,0,0,53,0,32,276,314,0,830,870,0,0,320,0,599,526,350,451,22,0,764,48,852,0,12,1,0,0,2,0,0,0,0,0,0,0,0,0,0,0,428,37,93,0,0,0,80,44,0,83,92,0,200,0,0,0,0,0,0,0,46,1,0,0,0,0,2,0,0,0,35,0,0,0,926,0,0,435,56
"2020-01-01","Uttar Pradesh","9","Pratapgarh","174","Lalganj","880","Rural",3,17483,1990,0,0,1421,0,1421,1422,0,0,0,1418,729,0,0,0,1409,1409,36,0,0,0,26,1422,1409,1438,1414,1077,1420,1402,1438,1416,1405,1444,1414,0,1298,2748,3198,333,0,0,60,0,0,0,0,0,0,0,0,0,0,0,679,743,1023,943,1117,0,0,0,0,0,0,0,0,0,0,2,0,0,0,0,0,168,0,865,739,0,0,0,0,159,6,3,4,3,0,0,0,10,136,39,205,0,0,138,70,16,0,6,0,0,328,334,0,0,0,0,0,0,116,0,0,0,0,0,0,0,0,0,0,0,0,0,0,0,0,0,0,0,0,381,0,0,0,0,0,0,0,0,53,0,0,0,0,0,178,1205,0,0,1405,5841,0,4,7618,0,0,0,0,0,0,0,0,37,0,147,0,0,2430,0,2,837,0,0,0,0,0,662,57,0,16,4280,252,0,0,0,0,0,0,0,0,0,568,505,0,665,30,678,2,665,1,85,0,0,0,0,25,8,867,1499,99,0,1232,1231,14,0,388,0,891,800,351,1225,21,3,1389,0,1391,0,0,2,35,0,0,0,0,0,0,0,0,0,0,0,0,0,1149,7,597,0,0,0,209,212,29,248,24,0,258,0,0,301,0,0,0,0,62,21,0,0,0,0,3,0,0,0,860,0,0,0,1314,18,154,606,14
"2020-01-05","Uttar Pradesh","9","Sitapur","183","Sidhauli","808","Urban",0,0,0,0,0,0,0,0,0,0,0,0,0,0,0,0,0,0,0,0,0,0,0,0,0,0,0,0,0,0,0,0,0,0,0,0,0,0,0,0,0,0,0,0,0,0,0,0,0,0,0,0,0,0,0,0,0,0,0,0,0,0,0,0,0,0,0,0,0,0,0,0,0,0,0,0,0,0,0,0,0,0,0,0,0,0,0,0,0,0,0,0,0,0,0,0,0,0,0,0,0,0,0,0,0,0,0,0,0,0,0,0,0,0,0,0,0,0,0,0,0,0,0,0,0,0,0,0,0,0,0,0,0,0,0,0,0,0,0,0,0,0,0,0,0,0,0,0,0,0,0,0,0,0,0,0,0,0,0,0,0,0,0,0,0,0,0,0,0,0,0,0,0,0,0,0,0,0,0,0,0,0,0,0,0,0,0,0,0,0,0,0,0,0,0,0,0,0,0,0,0,0,0,0,0,0,0,0,0,0,0,0,0,0,0,0,0,0,0,0,0,0,0,0,0,0,0,0,0,0,0,0,0,0,0,0,0,0,0,0,0,0,0,0,0,0,0,0,0,0,0,0,0,0,0,0,0,0,0,0,0,0,0,0,0,0,0,0,0,0,0,0,0,0,0,0,0,0,0,0,0,0,0,0,0,0
"2019-01-08","Bihar","10","Bhagalpur","192","Shahkund","1341","Public",0,7250,3260,0,0,495,0,475,389,0,0,0,331,301,0,0,0,290,355,178,0,0,0,190,319,282,361,398,332,329,279,360,396,269,250,0,0,149,16,12,0,0,0,4,0,0,0,0,0,0,0,0,0,0,0,219,256,17,65,211,0,0,0,0,0,0,0,0,0,0,0,0,0,0,0,0,0,0,222,222,0,0,0,1,34,7,39,5,0,0,0,0,0,250,47,396,0,0,28,16,0,0,0,0,0,187,198,0,0,0,0,0,0,0,0,0,0,0,0,0,2,0,0,0,0,0,0,0,0,0,0,0,0,0,222,0,0,0,0,2,0,3,0,30,0,0,0,0,0,10386,27435,0,0,338,210,0,2,3323,0,0,0,0,0,0,0,0,0,0,49,0,0,652,25,11,219,0,0,0,4,1,360,13,13,2,0,0,0,0,0,0,0,0,0,0,0,0,1,0,388,7,438,10,388,0,0,0,0,0,26,53,0,251,0,0,0,315,137,0,0,146,1,259,289,170,588,8,0,252,0,375,0,0,0,6,0,0,32,28,0,0,0,0,0,0,0,0,0,331,49,366,0,0,0,0,0,0,0,0,0,0,0,0,0,0,0,0,0,0,0,0,0,0,0,5,0,0,0,0,0,0,0,430,0,0,347,1
"2019-01-01","Gujarat","24","Panch Mahals","454","Morwa Hadaf","3884","Rural",4,8628,885,0,52,0,0,309,360,0,0,0,289,180,0,0,0,356,347,0,4,56,0,75,269,376,360,370,393,303,364,358,370,349,332,340,14,235,0,0,291,0,0,19,0,0,0,0,0,0,0,9,0,5,0,155,150,312,266,283,0,0,0,0,0,0,0,0,1,0,32,0,50,0,0,0,76,64,219,211,0,1,0,1,11,0,4,0,137,0,0,0,17,528,54,337,0,6,107,89,85,0,0,0,0,60,91,0,0,0,0,0,0,143,0,0,0,26,4,0,0,0,0,2,0,0,0,0,5,0,0,0,0,0,0,0,0,0,0,0,0,0,31,0,0,0,0,0,0,324,2680,9,2,0,139,0,1,624,0,0,0,0,0,0,0,0,0,0,0,0,0,495,0,0,212,0,0,0,0,0,152,104,9,2,3702,224,50,0,0,0,0,0,0,1,0,64,79,0,150,39,57,0,150,0,0,0,0,0,0,14,4,61,225,48,0,403,377,0,0,283,0,451,388,49,357,29,29,396,0,396,0,0,1,10,0,0,0,29,0,0,52,52,64,64,0,0,0,360,35,66,0,0,0,0,34,0,139,26,0,30,0,0,163,0,0,0,0,0,20,26,4,0,0,4,0,0,0,785,0,0,0,396,11,42,93,0
"2019-01-08","Uttar Pradesh","9","Bareilly","130","Others","9999","Public",0,136336,38659,0,1357,6351,0,5683,5753,12,3,4,5225,2327,0,0,0,4846,4944,0,0,0,0,0,5126,5380,5611,5782,2469,5235,5364,5577,5709,5383,5590,5725,13,5204,19490,30179,2004,0,0,115,6,0,27,0,0,42,0,0,0,0,0,3044,3455,3680,3293,3764,0,0,47,0,0,0,0,0,0,0,0,0,15,0,0,0,974,1666,2759,2877,1,3,0,4,144,15,56,30,0,0,0,0,0,2152,837,1410,0,0,509,796,0,63,0,181,777,1616,1792,0,15,312,244,1755,3,1005,0,0,108,24,19,0,0,0,0,0,1,0,0,0,0,0,0,0,0,0,1078,0,0,0,0,8,0,0,130,63,0,0,0,0,0,193,147,5,0,6145,5217,0,0,26388,0,0,0,0,0,0,0,0,132,0,1873,1,58,6712,998,10,2355,0,10,0,11,0,2627,304,0,26,12740,23,69,0,166,0,0,0,0,2,0,2024,2167,0,3252,579,2104,735,3320,0,342,0,5,0,0,125,57,3411,3289,1010,0,6544,6403,39,1,3143,60,5242,5789,2788,1773,126,39,5656,535,5128,4,608,12,94,0,0,0,0,0,0,1058,898,1308,1186,0,0,35,4938,548,1395,0,0,0,408,208,0,214,423,0,191,0,0,0,0,0,1,0,212,9323,20,15,0,0,54,0,0,0,5702,0,0,0,7068,152,2123,1986,2006
"2020-01-05","Rajasthan","8","Dausa","97","Sikrai","535","Total",4,16116,201,0,0,0,0,678,198,0,0,0,462,58,0,0,0,525,357,0,0,0,0,0,462,529,330,374,58,462,529,330,374,529,330,374,0,585,117,40,44,0,0,18,0,0,0,0,0,0,0,0,0,5,0,343,335,143,138,158,0,0,0,0,0,0,0,0,0,0,0,0,0,0,0,0,0,0,191,209,0,0,0,0,23,9,15,6,0,0,0,0,140,135,27,492,0,0,148,29,0,0,0,0,0,95,107,0,0,0,0,0,0,26,0,2,0,0,0,0,0,0,0,4,0,0,0,0,0,0,0,0,0,0,0,0,0,0,0,0,0,0,0,4,0,0,0,0,0,6,504,0,0,0,286,0,1,1065,0,0,0,0,0,0,0,0,3,0,5,0,3,1117,0,0,146,0,0,0,0,0,202,101,0,15,4356,0,0,0,0,0,0,0,0,0,0,87,45,0,201,1,11,0,201,0,5,0,0,0,0,20,0,84,257,141,0,533,220,7,0,195,0,448,272,302,480,15,0,249,0,60,0,0,2,0,0,0,0,0,0,0,0,0,0,0,0,0,16,492,31,1,0,0,0,83,122,0,138,0,152,155,0,0,0,0,0,0,0,264,0,0,0,0,0,0,0,0,0,33,4,0,0,717,4,101,24,0
"2019-01-08","Punjab","3","Shahid Bhagat Singh Nagar","40","Banga Subdistrict","5993","Urban",1,4831,592,0,0,0,0,17,64,0,0,0,17,70,0,0,0,20,15,0,0,0,0,0,17,20,15,15,70,17,20,15,15,7,0,0,0,0,0,0,0,0,0,0,0,0,0,0,0,0,0,0,0,0,0,11,6,8,7,9,0,0,0,0,0,0,0,0,0,0,0,2,6,0,0,0,104,0,12,12,0,0,0,0,2,0,0,2,2,0,0,0,4,101,27,788,0,0,59,33,8,0,0,0,0,25,33,0,0,0,0,0,8,189,0,0,3,23,0,0,0,0,0,8,0,6,0,0,0,0,0,0,0,0,0,0,0,87,39,0,0,0,79,10,0,0,0,0,0,0,0,0,0,0,96,1,0,1196,0,0,0,0,0,0,1,0,1,0,12,0,22,608,0,0,0,0,0,0,0,0,60,6,1,1,5311,0,25,0,19,0,0,0,0,0,0,21,21,0,56,8,0,0,58,0,1,0,0,0,0,3,4,0,217,138,1,28,28,0,0,21,0,30,31,0,11,0,0,29,0,29,0,0,0,0,1,0,35,37,0,2,0,0,0,0,0,0,0,28,15,2,0,0,0,142,107,2,157,0,0,47,0,0,32,0,0,0,0,173,0,23,0,0,0,2,0,0,0,244,24,0,0,30,4,92,25,0
"2019-01-12","Chhattisgarh","22","Dantewada","376","District Hq","3369","Urban",0,0,0,0,0,0,0,0,0,0,0,0,0,0,0,0,0,0,0,0,0,0,0,0,0,0,0,0,0,0,0,0,0,0,0,0,0,0,0,0,0,0,0,0,0,0,0,0,0,0,0,0,0,0,0,0,0,0,0,0,0,0,0,0,0,0,0,0,0,0,0,0,0,0,0,0,0,0,0,0,0,0,0,0,0,0,0,0,0,0,0,0,0,0,0,0,0,0,0,0,0,0,0,0,0,0,0,0,0,0,0,0,0,0,0,0,0,0,0,0,0,0,0,0,0,0,0,0,0,0,0,0,0,0,0,0,0,0,0,0,0,0,0,0,0,0,0,0,0,0,0,0,0,0,0,0,0,0,0,0,0,0,0,0,0,0,0,0,0,0,0,0,0,0,0,0,0,0,0,0,0,0,0,0,0,0,0,0,0,0,0,0,0,0,0,0,0,0,0,0,0,0,0,0,0,0,0,0,0,0,0,0,0,0,0,0,0,0,0,0,0,0,0,0,0,0,0,0,0,0,0,0,0,0,0,0,0,0,0,0,0,0,0,0,0,0,0,0,0,0,0,0,0,0,0,0,0,0,0,0,0,0,0,0,0,0,0,0,0,0,0,0,0,0,0,0,0,0,0,0,0,0,0,0,0,0
"2020-01-06","Rajasthan","8","Jodhpur","107","Shergarh","571","Urban",0,0,0,0,0,0,0,0,0,0,0,0,0,0,0,0,0,0,0,0,0,0,0,0,0,0,0,0,0,0,0,0,0,0,0,0,0,0,0,0,0,0,0,0,0,0,0,0,0,0,0,0,0,0,0,0,0,0,0,0,0,0,0,0,0,0,0,0,0,0,0,0,0,0,0,0,0,0,0,0,0,0,0,0,0,0,0,0,0,0,0,0,0,0,0,0,0,0,0,0,0,0,0,0,0,0,0,0,0,0,0,0,0,0,0,0,0,0,0,0,0,0,0,0,0,0,0,0,0,0,0,0,0,0,0,0,0,0,0,0,0,0,0,0,0,0,0,0,0,0,0,0,0,0,0,0,0,0,0,0,0,0,0,0,0,0,0,0,0,0,0,0,0,0,0,0,0,0,0,0,0,0,0,0,0,0,0,0,0,0,0,0,0,0,0,0,0,0,0,0,0,0,0,0,0,0,0,0,0,0,0,0,0,0,0,0,0,0,0,0,0,0,0,0,0,0,0,0,0,0,0,0,0,0,0,0,0,0,0,0,0,0,0,0,0,0,0,0,0,0,0,0,0,0,0,0,0,0,0,0,0,0,0,0,0,0,0,0,0,0,0,0,0,0,0,0,0,0,0,0,0,0,0,0,0,0
"2019-01-08","West Bengal","19","Dinajpur Uttar","311","Goalpokhor I","2193","Rural",14,24491,0,0,47,619,0,633,348,0,0,0,592,151,0,0,0,407,358,10,0,0,0,10,595,632,612,612,161,592,632,612,612,0,0,0,0,267,88,92,186,0,0,63,0,0,0,3,0,0,0,0,0,0,0,308,333,180,162,273,0,0,0,0,0,0,0,0,0,0,0,0,0,0,0,0,0,222,198,202,0,1,0,0,0,0,34,20,0,0,0,0,0,607,80,1030,0,0,281,56,0,0,0,0,0,117,107,0,0,0,0,0,0,0,0,0,0,0,0,0,0,0,0,3,0,6,0,0,8,0,0,0,0,0,147,0,0,0,0,0,0,1,4,0,0,0,0,0,0,664,11890,0,0,592,2377,0,11,3541,0,0,0,0,0,0,0,0,15,0,0,0,0,1269,39,0,180,0,0,0,0,0,186,67,0,4,0,0,0,0,0,0,0,0,0,0,0,156,257,0,224,33,320,21,225,0,102,0,0,0,0,0,0,931,469,0,0,637,428,0,0,621,0,510,539,249,354,0,0,665,0,657,0,0,0,11,0,0,0,0,0,0,47,47,222,222,1,0,0,673,0,182,0,0,0,0,0,0,0,0,0,0,0,0,0,0,0,0,0,0,33,0,0,0,0,2,0,0,0,0,0,0,0,777,0,0,19,34
"2020-01-05","Maharashtra","27","Satara","494","Wai","4256","Urban",0,0,0,0,0,0,0,0,0,0,0,0,0,0,0,0,0,0,0,0,0,0,0,0,0,0,0,0,0,0,0,0,0,0,0,0,0,0,0,0,0,0,0,0,0,0,0,0,0,0,0,0,0,0,0,0,0,0,0,0,0,0,0,0,0,0,0,0,0,0,0,0,0,0,0,0,0,0,0,0,0,0,0,0,0,0,0,0,0,0,0,0,0,0,0,0,0,0,0,0,0,0,0,0,0,0,0,0,0,0,0,0,0,0,0,0,0,0,0,0,0,0,0,0,0,0,0,0,0,0,0,0,0,0,0,0,0,0,0,0,0,0,0,0,0,0,0,0,0,0,0,0,0,0,0,0,0,0,0,0,0,0,0,0,0,0,0,0,0,0,0,0,0,0,0,0,0,0,0,0,0,0,0,0,0,0,0,0,0,0,0,0,0,0,0,0,0,0,0,0,0,0,0,0,0,0,0,0,0,0,0,0,0,0,0,0,0,0,0,0,0,0,0,0,0,0,0,0,0,0,0,0,0,0,0,0,0,0,0,0,0,0,0,0,0,0,0,0,0,0,0,0,0,0,0,0,0,0,0,0,0,0,0,0,0,0,0,0,0,0,0,0,0,0,0,0,0,0,0,0,0,0,0,0,0,0
"2019-01-11","Bihar","10","Muzaffarpur","208","Bochaha","1206","Urban",0,0,0,0,0,0,0,0,0,0,0,0,0,0,0,0,0,0,0,0,0,0,0,0,0,0,0,0,0,0,0,0,0,0,0,0,0,0,0,0,0,0,0,0,0,0,0,0,0,0,0,0,0,0,0,0,0,0,0,0,0,0,0,0,0,0,0,0,0,0,0,0,0,0,0,0,0,0,0,0,0,0,0,0,0,0,0,0,0,0,0,0,0,0,0,0,0,0,0,0,0,0,0,0,0,0,0,0,0,0,0,0,0,0,0,0,0,0,0,0,0,0,0,0,0,0,0,0,0,0,0,0,0,0,0,0,0,0,0,0,0,0,0,0,0,0,0,0,0,0,0,0,0,0,0,0,0,0,0,0,0,0,0,0,0,0,0,0,0,0,0,0,0,0,0,0,0,0,0,0,0,0,0,0,0,0,0,0,0,0,0,0,0,0,0,0,0,0,0,0,0,0,0,0,0,0,0,0,0,0,0,0,0,0,0,0,0,0,0,0,0,0,0,0,0,0,0,0,0,0,0,0,0,0,0,0,0,0,0,0,0,0,0,0,0,0,0,0,0,0,0,0,0,0,0,0,0,0,0,0,0,0,0,0,0,0,0,0,0,0,0,0,0,0,0,0,0,0,0,0,0,0,0,0,0,0
"2020-01-12","Bihar","10","Gaya","196","Imamganj","1501","Public",0,10971,0,0,210,455,0,455,587,0,0,0,354,145,0,0,0,551,472,0,0,0,0,0,356,559,502,470,181,356,559,502,470,559,502,470,0,0,0,0,100,0,0,0,0,0,0,0,0,0,0,0,0,0,0,212,234,169,208,273,0,0,0,0,0,0,0,0,0,0,0,0,0,0,0,0,127,315,230,239,0,0,0,0,8,4,2,0,0,0,0,0,0,1318,1415,710,0,0,1720,1910,0,0,0,0,0,137,153,0,0,0,0,0,0,0,0,0,0,52,54,0,0,0,0,0,0,0,0,0,0,0,0,0,0,0,153,0,0,0,0,0,0,0,0,0,0,0,0,0,0,0,1540,0,0,355,19,0,0,660,0,0,0,0,0,0,0,0,15,0,0,0,0,127,183,2,228,0,0,2,0,0,111,2,124,0,320,0,0,0,0,0,0,0,0,0,0,252,252,0,280,37,111,183,280,0,45,0,0,0,3,3,0,72,0,0,0,364,366,0,0,353,2,208,221,180,183,11,7,321,0,0,0,0,0,0,0,0,127,145,0,0,0,0,0,0,0,0,0,256,0,111,0,0,0,0,0,0,0,0,0,0,0,0,0,0,0,0,0,0,10,42,48,0,0,2,0,0,0,0,0,0,0,376,0,0,252,252
"2020-01-08","Nagaland","13","Wokha","250","Ralan","1787","Private",0,0,0,0,0,0,0,0,0,0,0,0,0,0,0,0,0,0,0,0,0,0,0,0,0,0,0,0,0,0,0,0,0,0,0,0,0,0,0,0,0,0,0,0,0,0,0,0,0,0,0,0,0,0,0,0,0,0,0,0,0,0,0,0,0,0,0,0,0,0,0,0,0,0,0,0,0,0,0,0,0,0,0,0,0,0,0,0,0,0,0,0,0,0,0,0,0,0,0,0,0,0,0,0,0,0,0,0,0,0,0,0,0,0,0,0,0,0,0,0,0,0,0,0,0,0,0,0,0,0,0,0,0,0,0,0,0,0,0,0,0,0,0,0,0,0,0,0,0,0,0,0,0,0,0,0,0,0,0,0,0,0,0,0,0,0,0,0,0,0,0,0,0,0,0,0,0,0,0,0,0,0,0,0,0,0,0,0,0,0,0,0,0,0,0,0,0,0,0,0,0,0,0,0,0,0,0,0,0,0,0,0,0,0,0,0,0,0,0,0,0,0,0,0,0,0,0,0,0,0,0,0,0,0,0,0,0,0,0,0,0,0,0,0,0,0,0,0,0,0,0,0,0,0,0,0,0,0,0,0,0,0,0,0,0,0,0,0,0,0,0,0,0,0,0,0,0,0,0,0,0,0,0,0,0,0
"2019-01-08","Bihar","10","Begusarai","191","Begusarai Urban","1314","Public",3,23954,0,0,0,0,32,37,1070,0,0,0,16,713,0,0,0,40,31,0,32,15,0,0,17,43,32,32,992,16,43,32,32,25,10,4,0,0,0,0,0,0,0,52,0,0,0,0,0,0,0,0,0,0,0,15,20,0,0,0,0,0,2,0,0,0,0,0,3,0,0,24,289,0,0,12,290,0,0,0,0,0,0,0,25,0,18,9,0,6,14,0,19,147,23,3081,0,0,176,27,0,0,0,4,7,425,424,38,0,0,0,0,21,311,0,3,5,134,134,0,0,0,0,20,0,0,0,0,0,0,0,0,0,0,0,0,0,87,87,0,0,0,77,57,0,0,0,0,0,43,106,0,0,0,151,17,0,435,0,0,0,0,0,0,0,4,39,0,6,0,0,963,0,0,0,0,0,0,0,0,860,2,45,1,1213,0,0,0,0,0,0,0,0,0,0,0,0,0,801,107,0,0,821,0,320,0,0,0,10,223,5,70,738,0,0,1088,15,5,0,0,0,24,11,13,890,68,68,860,0,1084,0,0,1,0,0,0,38,77,0,32,0,0,0,0,1,0,4,11,68,839,8,9,4,938,65,0,134,0,827,1614,13,89,678,0,0,0,127,1237,0,134,134,13,17,17,0,0,0,22,21,0,0,1092,27,51,0,0
"2020-01-12","Mizoram","15","Hnahthial","726","Others","9999","Public",0,2220,106,0,55,0,0,32,22,0,0,0,27,18,0,0,0,36,35,0,0,0,0,2,29,36,38,35,19,27,36,38,35,36,38,35,0,32,14,28,23,0,0,5,2,0,0,0,0,0,0,0,0,0,4,9,23,48,52,41,0,0,0,0,0,0,0,0,0,0,0,0,0,0,0,0,5,54,23,23,0,0,0,0,0,0,0,0,5,1,2,0,1,40,16,289,0,0,24,16,1,0,0,0,0,10,12,0,0,0,0,0,1,18,0,0,0,0,0,0,0,0,2,1,0,1,0,1,7,0,0,0,0,0,13,0,0,0,0,0,0,0,0,0,0,0,0,0,0,0,0,0,0,0,234,0,0,388,0,0,0,0,0,0,0,0,0,0,4,0,1,127,0,0,23,0,0,0,0,0,22,1,0,0,819,0,0,0,0,0,0,0,0,0,0,7,6,0,22,1,4,0,22,0,0,0,0,0,0,0,0,20,59,3,0,25,23,0,0,21,0,18,16,9,16,0,0,15,0,8,0,0,0,0,0,0,0,25,0,0,55,55,54,54,1,0,0,21,0,22,0,0,0,113,46,0,55,0,0,55,0,0,0,0,0,0,0,51,139,0,0,0,0,0,0,0,0,27,0,0,0,21,2,36,6,0
"2021-01-05","Chhattisgarh","22","Gaurella Pendra Marwahi","734","Others","9999","Urban",0,0,0,0,0,0,0,0,144,0,0,0,0,144,0,0,0,0,0,0,0,0,0,0,0,0,0,0,144,0,0,0,0,0,0,0,0,0,0,0,144,0,0,0,0,0,0,0,0,0,0,0,0,0,0,0,0,0,0,0,0,0,0,0,0,0,0,0,0,14,0,20,98,0,0,0,0,0,0,0,0,2,0,2,0,0,0,0,112,10,38,0,8,164,32,0,0,0,266,40,4,0,0,0,0,74,112,10,0,0,0,0,0,32,10,10,4,0,0,70,4,0,0,2,0,4,0,0,2,0,4,32,0,0,0,0,0,0,0,0,0,0,24,0,0,0,0,0,0,0,0,0,0,0,0,0,0,0,0,0,0,0,0,0,0,0,0,0,0,0,0,288,0,0,0,0,0,0,0,0,206,0,0,18,856,0,88,0,0,0,0,0,0,0,0,162,162,0,206,56,44,0,206,0,0,0,6,0,0,2,26,162,0,218,0,56,56,26,0,0,0,40,48,48,20,4,4,48,0,0,0,0,0,0,0,6,10,42,0,0,0,0,0,0,0,0,0,56,8,0,0,0,0,0,16,0,14,0,0,28,0,0,0,0,0,0,38,174,0,0,0,0,0,2,0,0,0,0,24,0,0,70,12,82,0,8
"2019-01-09","Sikkim","11","North District","226","Chungthang","1547","Rural",0,663,0,0,33,0,0,0,2,0,0,0,5,1,0,0,0,8,5,0,0,0,0,0,5,8,8,5,1,5,8,8,5,4,0,0,0,0,6,0,1,0,0,5,0,0,0,0,0,0,0,0,0,0,0,0,0,27,31,5,0,0,0,0,0,0,0,0,0,0,0,0,0,0,0,0,0,42,18,21,0,0,0,0,0,0,0,0,0,0,0,0,1,7,1,16,0,0,3,0,0,0,0,0,0,1,0,0,0,0,0,0,0,0,0,0,0,0,0,0,0,0,1,0,0,0,0,0,0,0,0,0,0,0,7,0,0,0,0,0,0,1,0,0,0,0,0,0,0,6,11,0,0,0,148,0,0,200,0,0,0,0,0,0,0,0,0,0,0,0,0,13,0,0,18,0,0,0,0,0,1,0,0,0,77,0,0,0,0,0,0,0,0,0,0,9,9,0,1,0,6,0,1,0,0,0,0,0,0,0,0,25,3,3,0,7,7,0,0,12,0,11,12,0,1,0,0,5,0,5,0,0,0,0,0,0,0,14,0,0,33,33,42,42,0,0,0,8,0,0,0,0,0,27,0,0,37,0,0,0,0,0,0,0,0,0,0,0,2,0,0,0,0,0,0,0,0,0,0,0,0,11,0,0,3,0
"2021-01-05","Haryana","6","Rewari","72","Bawal","415","Public",0,4587,0,0,13,0,0,173,104,0,0,0,168,78,0,0,0,148,156,0,0,0,0,9,168,147,144,157,80,168,146,144,157,147,142,156,0,168,150,140,40,0,0,0,0,0,0,0,0,0,0,0,0,1,8,77,96,11,9,38,0,0,0,0,0,0,0,2,1,0,4,0,21,0,0,0,11,18,136,136,0,3,0,2,5,2,5,3,5,0,0,0,1,84,50,213,0,0,23,30,2,0,0,0,0,47,35,0,0,0,0,0,0,25,0,0,3,1,0,10,4,0,5,285,0,11,0,0,1,0,2,8,1,0,86,0,0,0,0,3,0,3,1,21,0,0,0,1,0,93,5272,0,0,0,446,0,2,5548,0,0,0,0,0,0,2,0,12,0,0,0,0,493,2,0,122,0,0,0,0,0,80,43,0,11,133,0,103,0,2,0,0,0,0,0,0,14,14,0,81,4,112,4,82,0,17,0,0,0,0,24,1,48,0,2,0,57,57,0,0,98,0,168,178,23,123,0,0,121,0,111,0,0,0,0,0,0,0,53,0,0,22,23,31,27,0,0,2,181,2,34,0,0,0,160,25,0,33,0,0,6,0,0,232,0,0,0,0,82,0,1,0,0,0,0,0,0,0,121,0,0,0,202,1,5,142,2
"2020-01-08","Uttar Pradesh","9","Bahraich","125","Payagpur","6861","Rural",8,4393,708,0,0,658,281,693,883,0,0,0,552,534,17,26,23,544,620,371,192,206,0,419,532,527,545,568,615,554,498,554,605,502,554,526,0,758,826,830,501,0,0,82,48,0,42,0,0,52,0,0,0,0,0,326,391,228,225,290,0,0,0,0,0,0,0,0,3,0,0,2,218,0,0,0,214,0,372,371,0,0,0,0,59,13,4,28,0,0,0,0,0,1308,622,0,0,0,1180,594,0,0,0,0,0,325,382,0,0,0,0,0,0,11,0,0,6,0,0,0,0,0,0,0,0,0,0,0,0,0,0,0,0,0,42,0,0,0,0,0,0,0,43,230,0,0,0,0,0,133,278,0,0,496,302,0,0,1240,0,0,0,0,0,0,0,0,3,0,153,0,0,854,23,14,343,0,0,0,0,0,677,40,0,0,176,4,0,0,0,0,1,0,0,0,0,311,293,0,695,32,612,28,695,1,11,0,0,0,0,104,5,337,438,130,0,719,594,44,0,392,0,436,430,294,354,143,143,641,0,567,0,68,0,27,0,0,0,0,0,0,0,0,0,0,1,0,3,590,40,657,0,0,0,431,58,0,47,0,0,210,4,0,16,0,0,0,0,17,42,0,0,0,0,12,0,0,0,42,4,0,0,802,0,229,270,7
"2020-01-07","Rajasthan","8","Rajsamand","112","Rajsamand","643","Private",0,0,0,0,0,0,0,0,217,0,0,0,0,217,0,0,0,0,0,0,0,0,0,0,0,0,0,0,217,0,0,0,0,0,0,0,0,0,0,0,217,0,0,0,0,0,0,0,0,0,0,0,0,0,0,0,0,0,0,0,0,0,17,0,0,0,0,0,0,0,0,0,0,0,0,0,0,0,0,0,0,0,0,0,0,0,0,0,0,0,0,0,0,0,0,0,0,0,0,0,0,0,0,0,0,95,122,0,0,0,0,0,0,0,0,0,0,0,0,0,0,0,0,0,0,0,0,0,0,0,0,0,0,0,0,0,0,0,0,0,0,0,0,0,0,0,0,0,0,0,0,0,0,0,0,0,0,0,0,0,0,0,0,0,0,0,0,0,0,0,0,0,0,0,0,0,0,0,0,0,217,0,52,0,0,0,0,0,0,0,0,0,0,0,0,0,0,0,217,30,0,0,217,0,0,0,0,0,0,0,0,0,0,0,0,0,0,0,0,0,0,0,0,0,0,0,0,0,0,0,0,0,0,0,0,0,0,0,0,0,0,0,0,0,0,0,0,0,0,0,0,0,0,0,0,0,0,0,0,0,0,0,0,0,0,0,0,0,0,0,0,0,0,0,0,0,0,0,27,0,0,0,0,0,0,0
"2020-01-05","Telangana","36","Jogulamba Gadwal","695","Others","9999","Rural",1,35168,0,0,52,777,48,769,556,115,93,95,749,185,115,93,95,883,867,114,6,98,32,113,699,897,858,885,341,709,897,858,885,794,737,760,1,659,292,293,104,0,0,227,25,0,0,0,0,0,0,0,0,0,4,345,402,346,283,489,0,0,0,0,0,0,0,0,0,0,0,0,0,0,0,50,43,30,665,680,1,3,0,0,0,0,0,0,0,0,0,0,55,396,79,0,0,0,2116,190,17,0,0,0,0,281,241,0,0,0,0,0,1,8,0,0,16,73,42,0,4,0,3,115,0,5,1,3,7,5,0,1,8,1,452,0,0,0,0,0,0,0,0,327,0,0,0,1,0,2,1887,0,0,677,1500,0,0,14329,0,0,0,0,0,0,0,0,19,0,28,0,5,2688,0,0,635,0,0,0,0,0,519,33,0,0,6145,0,3,0,2,0,0,0,0,0,0,470,412,0,267,11,73,4,219,6,19,0,0,0,0,146,44,856,251,208,0,10083,10045,16,0,511,0,986,823,304,1156,60,15,561,0,1172,0,0,0,647,0,0,0,0,0,0,52,52,30,30,0,0,10,989,115,147,0,0,1,124,2649,7,3964,2,0,148,0,0,0,0,0,0,0,0,133,71,44,0,0,3,0,0,0,2442,0,0,0,1598,15,63,483,114
"2020-01-05","Uttarakhand","5","Udam Singh Nagar","56","Sitarganj","351","Private",0,0,0,0,0,0,0,0,0,0,0,0,0,0,0,0,0,0,0,0,0,0,0,0,0,0,0,0,0,0,0,0,0,0,0,0,0,0,0,0,0,0,0,0,0,0,0,0,0,0,0,0,0,0,0,0,0,0,0,0,0,0,0,0,0,0,0,0,0,0,0,0,0,0,0,0,0,0,0,0,0,0,0,0,0,0,0,0,0,0,0,0,0,0,0,0,0,0,0,0,0,0,0,0,0,0,0,0,0,0,0,0,0,0,0,0,0,0,0,0,0,0,0,0,0,0,0,0,0,0,0,0,0,0,0,0,0,0,0,0,0,0,0,0,0,0,0,0,0,0,0,0,0,0,0,0,0,0,0,0,0,0,0,0,0,0,0,0,0,0,0,0,0,0,0,0,0,0,0,0,0,0,0,0,0,0,0,0,0,0,0,0,0,0,0,0,0,0,0,0,0,0,0,0,0,0,0,0,0,0,0,0,0,0,0,0,0,0,0,0,0,0,0,0,0,0,0,0,0,0,0,0,0,0,0,0,0,0,0,0,0,0,0,0,0,0,0,0,0,0,0,0,0,0,0,0,0,0,0,0,0,0,0,0,0,0,0,0,0,0,0,0,0,0,0,0,0,0,0,0,0,0,0,0,0,0
"2020-01-02","Haryana","6","Palwal","619","Palwal","427","Urban",3,5954,0,0,0,0,0,596,453,0,0,0,534,56,0,0,0,536,478,0,0,0,0,0,534,576,553,521,225,534,576,553,521,578,550,515,0,432,350,367,0,0,0,0,0,0,0,0,0,0,0,0,0,0,0,288,308,90,50,371,0,0,0,0,0,0,0,0,0,0,0,0,0,0,0,0,0,0,214,216,0,2,0,0,16,3,1,3,0,0,0,0,0,0,0,0,0,0,0,0,0,0,0,0,0,981,561,0,0,0,0,0,0,83,0,60,1,0,0,0,0,0,0,79,0,4,0,0,7,0,0,2,0,1,60,0,0,0,0,0,0,1,0,5,0,0,0,1,0,30713,6370,0,0,0,133,0,0,13080,0,0,0,0,0,0,0,0,16,0,30,0,0,1384,21,9,198,0,0,0,14,0,1041,191,7,22,2372,0,0,0,82,0,0,0,0,0,0,0,0,0,2089,61,0,39,2097,0,83,0,0,0,0,0,0,33,457,323,1,1476,726,0,0,0,0,363,290,287,604,0,0,1358,14,108,0,0,0,43,0,0,0,0,0,0,0,0,0,0,0,0,1,550,10,40,0,0,0,68,186,0,211,0,0,118,0,0,0,0,0,0,0,0,0,0,0,0,0,12,0,0,0,383,103,0,0,704,6,68,11,23
"2019-01-01","Uttar Pradesh","9","Mau","168","Ghosi","971","Rural",0,5699,291,0,0,493,493,0,542,0,0,0,455,75,0,0,0,546,548,0,0,455,0,0,0,546,531,548,168,455,546,531,548,546,531,548,0,473,458,17,0,0,0,0,0,0,0,0,0,0,0,0,0,0,0,231,262,412,373,399,0,0,0,0,0,0,0,0,0,0,0,0,252,0,0,0,218,0,177,177,0,0,0,0,0,0,0,0,0,0,0,0,0,65,129,0,0,0,0,252,0,0,0,0,0,124,136,0,0,0,0,0,0,62,0,0,0,0,0,0,0,0,0,0,0,0,0,0,0,0,0,0,0,0,0,0,0,0,0,0,0,0,0,0,0,0,0,0,0,0,0,0,0,455,465,0,0,9090,0,0,0,0,0,0,0,0,0,0,19,0,0,0,0,120,169,0,0,0,0,0,139,70,0,0,0,0,32,0,0,0,0,0,0,0,0,0,0,0,135,0,0,0,135,0,0,0,0,0,0,0,1,0,62,0,0,649,539,0,0,87,0,545,477,87,301,10,4,474,87,474,0,0,0,0,0,0,0,0,0,0,0,0,0,0,0,0,0,343,0,0,0,0,0,269,336,0,152,0,0,318,0,0,0,0,0,0,0,45,0,0,0,0,0,0,0,0,0,267,0,0,0,712,114,194,0,135
"2019-01-09","Karnataka","29","Bengaluru Rural","526","Devanahalli","5603","Urban",1,268,0,0,0,0,0,6,22,0,0,0,3,22,0,0,0,0,0,0,0,0,0,0,3,10,0,2,22,3,10,0,2,0,0,0,2,0,0,0,19,0,0,3,0,0,0,0,0,20,2,10,0,0,20,3,3,0,0,0,0,0,0,0,0,0,0,0,0,0,0,0,0,0,0,0,64,0,0,0,0,0,0,0,0,0,0,1,0,0,0,0,0,0,0,0,0,0,0,167,0,0,0,0,0,6,16,0,0,0,0,0,0,27,4,2,2,0,0,0,0,0,0,0,0,2,0,0,0,0,0,0,0,0,0,0,0,0,0,0,0,0,2,0,0,0,0,0,0,0,0,0,0,0,6,3,0,0,0,0,0,0,0,0,0,0,0,0,0,0,23,356,0,0,0,0,0,0,0,0,22,2,1,1,0,0,2,0,35,0,0,0,0,0,0,28,28,0,22,0,0,0,22,0,0,0,0,0,9,0,1,30,26,1,0,0,0,0,1,2,0,5,5,1,0,0,0,41,22,3,0,0,0,0,0,0,16,5,0,5,0,0,0,0,0,0,1,0,29,0,0,0,0,0,0,0,0,0,0,0,0,0,0,0,0,0,146,192,12,0,0,0,0,0,0,0,0,5,19,0,0,0,3,57,10,0
"2019-01-08","Uttar Pradesh","9","Ghaziabad","145","Others","9999","Private",0,0,0,0,0,0,0,0,0,0,0,0,0,0,0,0,0,0,0,0,0,0,0,0,0,0,0,0,0,0,0,0,0,0,0,0,0,0,0,0,0,0,0,0,0,0,0,0,0,0,0,0,0,0,0,0,0,0,0,0,0,0,0,0,0,0,0,0,0,0,0,0,0,0,0,0,0,0,0,0,0,0,0,0,0,0,0,0,0,0,0,0,0,0,0,0,0,0,0,0,0,0,0,0,0,0,0,0,0,0,0,0,0,0,0,0,0,0,0,0,0,0,0,0,0,0,0,0,0,0,0,0,0,0,0,0,0,0,0,0,0,0,0,0,0,0,0,0,0,0,0,0,0,0,0,0,0,0,0,0,0,0,0,0,0,0,0,0,0,0,0,0,0,0,0,0,0,0,0,0,0,0,0,0,0,0,0,0,0,0,0,0,0,0,0,0,0,0,0,0,0,0,0,0,0,0,0,0,0,0,0,0,0,0,0,0,0,0,0,0,0,0,0,0,0,0,0,0,0,0,0,0,0,0,0,0,0,0,0,0,0,0,0,0,0,0,0,0,0,0,0,0,0,0,0,0,0,0,0,0,0,0,0,0,0,0,0,0,0,0,0,0,0,0,0,0,0,0,0,0,0,0,0,0,0,0
"2020-01-08","Gujarat","24","Vadodara","461","Karjan","3907","Private",0,0,0,0,0,0,0,0,0,0,0,0,0,0,0,0,0,0,0,0,0,0,0,0,0,0,0,0,0,0,0,0,0,0,0,0,0,0,0,0,0,0,0,0,0,0,0,0,0,0,0,0,0,0,0,0,0,0,0,0,0,0,0,0,0,0,0,0,0,0,0,0,0,0,0,0,0,0,0,0,0,0,0,0,0,0,0,0,0,0,0,0,0,0,0,0,0,0,0,0,0,0,0,0,0,10,14,0,0,0,0,0,0,0,0,0,0,0,0,0,0,0,0,0,0,0,0,0,0,0,0,0,0,0,0,0,0,0,0,0,0,0,0,0,0,0,0,0,0,0,0,0,0,0,0,0,0,0,0,0,0,0,0,0,0,0,0,0,0,0,0,0,0,0,0,0,0,0,0,0,24,0,0,0,0,0,0,0,0,0,0,0,0,0,0,0,0,0,24,0,0,0,24,0,0,0,0,0,0,0,0,0,0,0,0,0,0,0,0,0,0,0,0,0,0,0,0,0,0,0,0,0,0,0,0,0,0,0,0,0,0,0,0,0,0,0,0,0,0,0,0,0,0,0,0,0,0,0,0,0,0,0,0,0,0,0,0,0,0,0,0,0,0,0,0,0,0,0,6,0,0,0,0,0,0,0
"2019-01-09","Jharkhand","20","Hazaribagh","332","Barhi","2645","Private",0,0,0,0,0,0,0,0,0,0,0,0,0,0,0,0,0,0,0,0,0,0,0,0,0,0,0,0,0,0,0,0,0,0,0,0,0,0,0,0,0,0,0,0,0,0,0,0,0,0,0,0,0,0,0,0,0,0,0,0,0,0,0,0,0,0,0,0,0,0,0,0,0,0,0,0,0,0,0,0,0,0,0,0,0,0,0,0,0,0,0,0,0,0,0,0,0,0,0,0,0,0,0,0,0,0,0,0,0,0,0,0,0,0,0,0,0,0,0,0,0,0,0,0,0,0,0,0,0,0,0,0,0,0,0,0,0,0,0,0,0,0,0,0,0,0,0,0,0,0,0,0,0,0,0,0,0,0,0,0,0,0,0,0,0,0,0,0,0,0,0,0,0,0,0,0,0,0,0,0,0,0,0,0,0,0,0,0,0,0,0,0,0,0,0,0,0,0,0,0,0,0,0,0,0,0,0,0,0,0,0,0,0,0,0,0,0,0,0,0,0,0,0,0,0,0,0,0,0,0,0,0,0,0,0,0,0,0,0,0,0,0,0,0,0,0,0,0,0,0,0,0,0,0,0,0,0,0,0,0,0,0,0,0,0,0,0,0,0,0,0,0,0,0,0,0,0,0,0,0,0,0,0,0,0,0
"2019-01-11","Gujarat","24","Tapi","641","Valod","3946","Public",0,9441,1364,0,351,0,0,76,50,0,0,0,103,23,0,0,0,105,52,0,0,0,0,9,103,105,77,52,34,103,106,75,52,106,75,53,0,32,0,0,23,0,0,101,0,0,0,0,0,0,0,15,0,0,0,29,47,46,66,28,0,0,0,0,0,0,0,0,0,0,0,5,0,0,0,0,194,355,100,100,0,0,0,1,3,3,1,0,17,0,0,1,3,249,46,5,0,0,116,35,35,87,5,0,0,11,12,0,0,0,0,0,0,184,0,0,1,20,5,0,1,0,1,31,0,1,0,0,9,0,0,0,0,0,28,0,0,0,0,0,0,1,0,1,0,0,0,0,0,6,3422,0,0,0,398,0,0,6180,0,0,0,0,0,0,2,0,5,0,0,0,9,1328,0,0,85,0,0,0,0,0,23,35,0,5,10028,0,16,0,99,0,0,0,0,0,0,65,65,0,23,2,44,0,23,1,8,0,0,0,0,0,0,108,40,0,0,75,75,2,0,78,0,71,38,7,48,0,0,91,0,71,0,0,0,19,0,0,0,0,0,0,324,324,327,327,0,0,0,73,34,2,0,0,0,152,48,0,63,4,0,228,0,0,0,0,0,0,0,0,33,20,4,0,0,1,0,0,0,2738,0,0,0,75,14,243,65,0
"2020-01-04","West Bengal","19","Medinipur East","317","Others","9999","Total",271,334481,3348,183,581,48,0,124,5167,6,0,0,52,5254,0,0,0,62,74,0,0,0,0,0,98,102,130,76,5328,52,128,102,76,128,102,76,0,52,18,28,5216,0,52,513,60,0,0,39,0,14,10,0,0,1,45,26,20,38,10,40,1,20,429,0,0,0,0,168,65,504,920,317,1270,0,0,2,811,842,150,1122,12,30,2,21,62,218,177,107,485,124,209,0,572,10009,3059,46809,11,1,3928,2685,169,5,105,0,0,3324,3555,0,0,2,1,0,0,1217,0,113,99,114,72,74,39,6,150,562,0,226,0,196,791,299,0,39,39,0,686,0,0,975,4429,0,0,1,840,2521,0,0,0,21,1,284,204710,0,0,54,53120,262,23,153797,0,0,0,0,0,0,53,44,163,3,318,0,42,12794,105,0,86,0,0,0,9,2,7206,137,8,158,61301,0,2012,0,2,0,0,0,0,0,0,4054,3430,26,5171,1353,1108,13,6866,0,241,22,11,0,412,1472,329,8886,640,500,2,6076,4662,92,0,1440,0,854,527,36,1955,7,33,3875,3621,3128,4,73,24,1093,0,47,564,458,16,4,78,519,204,768,0,0,89,7694,553,793,50,115,28,2567,6758,6,9370,43,0,5894,67,70,34129,0,0,0,645,4847,1627,114,72,119,150,63,7,0,0,8541,2718,0,1812,7957,26,313,5855,87
"2019-01-04","Tamil Nadu","33","Tirunelveli","592","Others","9999","Public",31,373767,74583,0,248,0,0,1664,565,0,0,0,1717,565,0,0,0,1614,1638,0,0,0,14,32,1667,1616,1621,1638,565,1718,1615,1621,1638,1617,1621,1632,0,5,0,0,566,0,8,870,44,0,0,0,0,0,0,0,0,0,840,782,886,34,28,151,0,0,47,0,0,0,0,88,7,27,400,70,2126,0,0,5,1640,246,884,906,5,2,2,1,9,7,9,4,148,6,21,0,223,4626,574,17294,1,0,3325,633,184,20,19,0,0,318,297,100,0,1,0,0,5,2140,1,18,45,801,428,50,19,0,14,154,0,67,0,3,65,2,0,6,10,6,711,0,0,145,149,0,0,0,502,42,0,0,0,1,0,0,3553,0,0,0,170,50,0,3721,0,0,0,0,0,0,25,1,92,0,9,4,109,14669,1,0,48,0,0,0,11,2,547,89,5,37,158219,38,107,4,138,0,0,0,0,1,0,420,415,2,564,75,0,0,615,1,326,0,0,0,158,244,6,659,1682,816,0,1851,1211,18,5,959,0,1811,1640,387,4759,177,16,1821,2463,3951,23,0,32,0,0,4,511,1355,0,29,228,228,215,215,3,3,36,1947,391,6,9,5,381,9041,12706,3,20530,234,16,3497,167,0,7316,0,0,0,1868,2229,0,909,474,15,23,1,0,0,0,6092,294,0,76,2008,19,684,0,0
"2019-01-07","Himachal Pradesh","2","Hamirpur","17","Tauni Devi","6883","Public",5,8122,0,0,0,0,0,114,8,0,0,0,75,5,0,0,0,82,73,0,0,0,0,0,75,82,76,73,5,75,82,76,73,82,76,73,0,114,0,0,5,0,0,0,0,0,0,0,0,0,0,0,0,0,0,42,72,0,0,0,0,0,0,0,0,0,0,0,0,0,0,0,0,0,0,0,21,0,65,65,0,1,0,0,0,0,0,0,0,0,0,0,20,62,2,114,0,0,41,9,20,0,0,0,0,1,4,0,0,0,0,0,0,187,0,0,0,7,0,0,1,0,3,7,0,3,0,0,4,0,1,1,2,0,135,0,0,0,0,0,0,0,0,107,0,0,0,0,0,5,13,0,0,0,665,0,5,9779,0,0,0,0,0,0,0,0,0,0,95,0,14,593,0,0,65,0,0,0,0,0,5,28,0,11,2177,0,0,0,0,0,0,0,0,0,0,64,58,0,5,5,60,0,5,0,1,0,0,0,0,1,0,158,58,10,0,81,83,7,0,87,0,95,68,13,71,3,0,82,0,88,0,0,0,0,0,0,0,0,0,0,0,0,0,0,0,0,0,91,4,5,0,0,0,902,79,0,136,0,0,218,0,0,0,0,0,0,0,3740,0,7,0,0,0,0,0,0,0,67,0,0,0,103,16,72,47,0
"2020-01-05","Jammu And Kashmir","1","Doda","4","Thathri","63","Urban",0,1020,0,0,0,0,0,18,22,0,0,0,10,22,0,0,0,23,9,0,0,0,0,0,10,23,10,9,22,10,23,10,9,23,10,9,0,18,10,7,22,0,0,0,0,0,0,0,0,0,0,0,0,0,0,7,11,5,3,7,0,0,0,0,0,0,0,0,0,0,0,0,0,0,0,0,0,0,2,2,0,0,0,0,0,0,0,0,0,0,0,0,0,65,35,0,0,0,30,20,0,0,0,0,0,13,9,0,0,0,0,0,0,0,0,0,0,0,0,0,0,0,0,0,0,0,0,0,0,0,0,0,0,0,0,0,0,0,0,0,0,0,0,0,0,0,0,0,0,0,31,0,0,0,0,0,0,0,0,0,0,0,0,0,0,0,0,0,0,0,0,32,0,0,2,0,0,0,0,0,22,0,0,0,193,0,0,0,0,0,0,0,0,0,0,22,22,0,22,0,22,0,22,0,0,0,0,0,0,0,0,0,0,10,0,10,10,0,0,10,0,10,11,0,3,0,0,25,10,10,0,0,0,0,0,0,0,118,0,0,0,0,0,0,0,0,0,10,0,0,0,0,0,213,9,0,39,0,0,0,0,0,0,0,0,0,0,1,0,0,0,0,0,0,0,0,0,0,0,0,0,10,0,0,22,0
"2020-01-07","West Bengal","19","Jalpaiguri","314","Others","9999","Rural",106,186919,4774,0,465,4424,0,4449,727,0,0,0,5508,600,0,0,0,2673,2107,30,0,0,0,19,5350,3817,6389,4128,649,5447,3922,6387,4045,3681,5773,3681,0,4661,13190,11632,565,0,0,810,0,0,0,8,0,0,0,0,0,0,2,2123,2337,2762,1499,4416,3,0,0,0,0,0,0,6,26,14,1,94,63,0,0,0,106,970,1827,1677,3,4,2,1,162,216,60,103,0,2,0,0,184,1481,366,5952,0,0,420,334,0,2,0,0,0,386,408,0,0,0,0,0,0,143,0,18,123,25,20,34,9,3,21,309,0,55,1,9,99,42,1,8,42,3,501,0,0,0,0,4,0,1174,5,2443,0,0,0,9,0,1856,32771,5,2,5387,23375,0,5,92735,0,0,0,0,0,0,0,0,7,0,63,0,0,7730,15,0,1700,0,0,0,4,2,788,269,0,58,3519,0,36,0,0,0,0,0,0,1,0,1396,473,0,565,112,2161,12,550,0,76,0,14,0,0,525,30,4982,4318,98,0,3751,871,3,0,3822,0,4293,6134,202,3305,82,0,3149,160,3956,0,3481,1,92,0,14,0,30,2,0,152,465,632,970,2,0,68,4017,76,256,0,0,3,988,674,2,2726,27,0,895,2,0,12733,0,0,0,0,66,1489,2,1,0,0,12,0,0,0,6616,0,0,0,4321,0,0,2532,14
"2019-01-09","Assam","18","Kamrup","291","Uparhali Phc","2125","Private",0,0,0,0,0,0,0,0,0,0,0,0,0,0,0,0,0,0,0,0,0,0,0,0,0,0,0,0,0,0,0,0,0,0,0,0,0,0,0,0,0,0,0,0,0,0,0,0,0,0,0,0,0,0,0,0,0,0,0,0,0,0,0,0,0,0,0,0,0,0,0,0,0,0,0,0,0,0,0,0,0,0,0,0,0,0,0,0,0,0,0,0,0,0,0,0,0,0,0,0,0,0,0,0,0,0,0,0,0,0,0,0,0,0,0,0,0,0,0,0,0,0,0,0,0,0,0,0,0,0,0,0,0,0,0,0,0,0,0,0,0,0,0,0,0,0,0,0,0,0,0,0,0,0,0,0,0,0,0,0,0,0,0,0,0,0,0,0,0,0,0,0,0,0,0,0,0,0,0,0,0,0,0,0,0,0,0,0,0,0,0,0,0,0,0,0,0,0,0,0,0,0,0,0,0,0,0,0,0,0,0,0,0,0,0,0,0,0,0,0,0,0,0,0,0,0,0,0,0,0,0,0,0,0,0,0,0,0,0,0,0,0,0,0,0,0,0,0,0,0,0,0,0,0,0,0,0,0,0,0,0,0,0,0,0,0,0,0,0,0,0,0,0,0,0,0,0,0,0,0,0,0,0,0,0,0